# Blender 4.0.0
# www.blender.org
mtllib player.mtl
o player
v 22.882154 1.000000 0.560830
v 22.882154 0.000000 0.560830
v 23.882154 1.000000 -0.439170
v 23.882154 0.000000 -0.439170
v 22.882154 0.000000 2.560830
v 22.882154 1.000000 2.560830
v 20.882154 0.000000 0.560830
v 20.882154 1.000000 0.560830
v 19.882154 0.000000 -0.439170
v 19.882154 1.000000 -0.439170
v 20.882154 1.000000 2.560830
v 20.882154 0.000000 2.560830
v 26.382154 0.000000 -0.439170
v 26.382154 1.000000 -0.439170
v 17.382154 1.000000 -0.439170
v 17.382154 0.000000 -0.439170
v 17.382154 1.000000 -1.439170
v 20.382154 1.000000 -1.439170
v 17.382154 0.000000 -1.439170
v 20.382154 0.000000 -1.439170
v 26.382154 1.000000 -1.439170
v 26.382154 0.000000 -1.439170
v 23.168369 1.000000 -1.439170
v 23.168369 0.000000 -1.439170
v 23.125984 1.000000 -2.253291
v 23.125984 0.000000 -2.253291
v 20.775700 1.000000 -2.409544
v 20.775700 0.000000 -2.409544
v 27.577242 0.000000 -19.689116
v 27.510118 0.000000 -19.626625
v 27.577242 1.000000 -19.689116
v 27.510118 1.000000 -19.626625
v 27.443565 0.000000 -19.552624
v 27.443565 1.000000 -19.552624
v 27.380161 0.000000 -19.473225
v 27.380161 1.000000 -19.473225
v 27.322487 0.000000 -19.394535
v 27.322487 1.000000 -19.394535
v 27.273121 0.000000 -19.322670
v 27.273121 1.000000 -19.322670
v 27.252359 0.000000 -19.291203
v 27.252359 1.000000 -19.291203
v 27.234644 0.000000 -19.263735
v 27.234644 1.000000 -19.263735
v 27.220295 0.000000 -19.241026
v 27.220295 1.000000 -19.241026
v 27.209637 0.000000 -19.223843
v 27.209637 1.000000 -19.223843
v 27.202990 0.000000 -19.212948
v 27.202990 1.000000 -19.212948
v 27.200678 0.000000 -19.209105
v 27.200678 1.000000 -19.209105
v 27.199671 0.500000 -19.214096
v 27.199671 0.000000 -19.214096
v 27.196657 0.000000 -19.228071
v 27.196657 0.500000 -19.228071
v 27.191589 0.000000 -19.249784
v 27.191589 0.500000 -19.249784
v 27.184423 0.000000 -19.277981
v 27.184423 0.500000 -19.277981
v 27.175116 0.000000 -19.311411
v 27.175116 0.500000 -19.311411
v 27.163618 0.000000 -19.348827
v 27.163618 0.500000 -19.348827
v 27.133881 0.000000 -19.430609
v 27.133881 0.500000 -19.430609
v 27.094856 0.000000 -19.513323
v 27.094856 0.500000 -19.513323
v 27.071749 0.000000 -19.551905
v 27.071749 0.500000 -19.551905
v 27.046185 0.000000 -19.586967
v 27.046185 0.500000 -19.586967
v 27.018120 0.000000 -19.617264
v 27.018120 0.500000 -19.617264
v 26.987509 0.000000 -19.641542
v 26.987509 0.500000 -19.641542
v 26.971233 0.000000 -19.651033
v 26.971233 0.500000 -19.651033
v 26.954306 0.000000 -19.658550
v 26.954306 0.500000 -19.658550
v 26.936720 0.000000 -19.663939
v 26.936720 0.500000 -19.663939
v 26.918470 0.000000 -19.667042
v 26.918470 1.000000 -19.667042
v 26.936720 1.000000 -19.663939
v 26.954306 1.000000 -19.658550
v 26.971233 1.000000 -19.651033
v 26.987509 1.000000 -19.641542
v 27.018120 1.000000 -19.617264
v 27.046185 1.000000 -19.586967
v 27.071749 1.000000 -19.551905
v 27.094856 1.000000 -19.513323
v 27.133881 1.000000 -19.430609
v 27.163618 1.000000 -19.348827
v 27.175116 1.000000 -19.311411
v 27.184423 1.000000 -19.277981
v 27.191589 1.000000 -19.249784
v 27.196657 1.000000 -19.228071
v 27.199671 1.000000 -19.214096
v 26.882166 0.000000 -19.673267
v 26.882166 1.000000 -19.673267
v 26.847647 0.000000 -19.683283
v 26.847647 1.000000 -19.683283
v 26.814989 0.000000 -19.696510
v 26.814989 1.000000 -19.696510
v 26.784267 0.000000 -19.712372
v 26.784267 1.000000 -19.712372
v 26.728947 0.000000 -19.749681
v 26.728947 1.000000 -19.749681
v 26.682299 0.000000 -19.790592
v 26.682299 1.000000 -19.790592
v 26.644936 0.000000 -19.830475
v 26.644936 1.000000 -19.830475
v 26.617474 0.000000 -19.864712
v 26.617474 1.000000 -19.864712
v 26.607647 0.000000 -19.878265
v 26.607647 1.000000 -19.878265
v 26.600527 0.000000 -19.888674
v 26.600527 1.000000 -19.888674
v 26.596189 0.000000 -19.895359
v 26.596189 1.000000 -19.895359
v 26.594709 0.000000 -19.897741
v 26.594709 1.000000 -19.897741
v 26.595287 0.000000 -19.901787
v 26.595287 0.250000 -19.901787
v 26.595287 0.500000 -19.901787
v 26.595287 0.750000 -19.901787
v 26.595287 1.000000 -19.901787
v 26.596836 0.750000 -19.913118
v 26.596836 1.000000 -19.913118
v 26.599112 0.750000 -19.930733
v 26.599112 1.000000 -19.930733
v 26.601873 0.750000 -19.953625
v 26.601873 1.000000 -19.953625
v 26.607880 0.750000 -20.011225
v 26.607880 1.000000 -20.011225
v 26.612909 0.750000 -20.077879
v 26.612909 1.000000 -20.077879
v 26.615013 0.750000 -20.145552
v 26.615013 1.000000 -20.145552
v 26.612247 0.750000 -20.206205
v 26.612247 1.000000 -20.206205
v 26.608431 0.750000 -20.231388
v 26.608431 1.000000 -20.231388
v 26.602665 0.750000 -20.251802
v 26.602665 1.000000 -20.251802
v 26.598978 0.750000 -20.259909
v 26.598978 1.000000 -20.259909
v 26.596918 0.750000 -20.263380
v 26.596918 1.000000 -20.263380
v 26.594711 0.750000 -20.266443
v 26.594711 1.000000 -20.266443
v 26.592352 0.750000 -20.269085
v 26.592352 1.000000 -20.269085
v 26.589836 0.750000 -20.271286
v 26.589836 1.000000 -20.271286
v 26.587160 0.750000 -20.273031
v 26.587160 1.000000 -20.273031
v 26.584322 1.000000 -20.274307
v 26.587160 0.500000 -20.273031
v 26.584322 0.000000 -20.274307
v 26.587160 0.250000 -20.273031
v 26.587160 0.000000 -20.273031
v 26.589836 0.250000 -20.271286
v 26.589836 0.000000 -20.271286
v 26.592352 0.250000 -20.269085
v 26.592352 0.000000 -20.269085
v 26.594711 0.250000 -20.266443
v 26.594711 0.000000 -20.266443
v 26.596918 0.250000 -20.263380
v 26.596918 0.000000 -20.263380
v 26.598978 0.250000 -20.259909
v 26.598978 0.000000 -20.259909
v 26.602665 0.250000 -20.251802
v 26.602665 0.000000 -20.251802
v 26.608431 0.250000 -20.231388
v 26.608431 0.000000 -20.231388
v 26.612247 0.250000 -20.206205
v 26.612247 0.000000 -20.206205
v 26.615013 0.250000 -20.145552
v 26.615013 0.000000 -20.145552
v 26.612909 0.250000 -20.077879
v 26.612909 0.000000 -20.077879
v 26.607880 0.250000 -20.011225
v 26.607880 0.000000 -20.011225
v 26.601873 0.250000 -19.953625
v 26.601873 0.000000 -19.953625
v 26.599112 0.250000 -19.930733
v 26.599112 0.000000 -19.930733
v 26.596836 0.250000 -19.913118
v 26.596836 0.000000 -19.913118
v 26.589836 0.500000 -20.271286
v 26.592352 0.500000 -20.269085
v 26.594711 0.500000 -20.266443
v 26.596918 0.500000 -20.263380
v 26.598978 0.500000 -20.259909
v 26.602665 0.500000 -20.251802
v 26.608431 0.500000 -20.231388
v 26.612247 0.500000 -20.206205
v 26.615013 0.500000 -20.145552
v 26.612909 0.500000 -20.077879
v 26.607880 0.500000 -20.011225
v 26.601873 0.500000 -19.953625
v 26.599112 0.500000 -19.930733
v 26.596836 0.500000 -19.913118
v 26.535494 0.000000 -20.286283
v 26.535494 1.000000 -20.286283
v 26.523407 0.000000 -20.290117
v 26.523407 1.000000 -20.290117
v 26.511738 0.000000 -20.295132
v 26.511738 1.000000 -20.295132
v 26.500673 0.000000 -20.301748
v 26.500673 1.000000 -20.301748
v 26.490398 0.000000 -20.310394
v 26.490398 1.000000 -20.310394
v 26.481096 0.000000 -20.321489
v 26.481096 1.000000 -20.321489
v 26.472952 0.000000 -20.335457
v 26.472952 1.000000 -20.335457
v 26.466154 0.000000 -20.352720
v 26.466154 1.000000 -20.352720
v 26.460884 0.000000 -20.373703
v 26.460884 1.000000 -20.373703
v 26.457329 0.000000 -20.398827
v 26.457329 1.000000 -20.398827
v 26.455673 0.000000 -20.428514
v 26.455673 1.000000 -20.428514
v 26.456102 0.000000 -20.463190
v 26.456102 1.000000 -20.463190
v 26.458801 0.000000 -20.503275
v 26.458801 1.000000 -20.503275
v 26.460804 0.000000 -20.543720
v 26.460804 1.000000 -20.543720
v 26.459291 0.000000 -20.579084
v 26.459291 1.000000 -20.579084
v 26.454659 0.000000 -20.609936
v 26.454659 1.000000 -20.609936
v 26.447304 0.000000 -20.636845
v 26.447304 1.000000 -20.636845
v 26.437626 0.000000 -20.660381
v 26.437626 1.000000 -20.660381
v 26.426023 0.000000 -20.681114
v 26.426023 1.000000 -20.681114
v 26.398636 0.000000 -20.716446
v 26.398636 1.000000 -20.716446
v 26.338284 0.000000 -20.778517
v 26.338284 1.000000 -20.778517
v 26.324356 0.000000 -20.795567
v 26.324356 1.000000 -20.795567
v 26.311687 0.000000 -20.814365
v 26.311687 1.000000 -20.814365
v 26.300678 0.000000 -20.835487
v 26.300678 1.000000 -20.835487
v 26.291727 0.000000 -20.859497
v 26.291727 1.000000 -20.859497
v 26.285112 0.000000 -20.887533
v 26.285112 1.000000 -20.887533
v 26.280687 0.000000 -20.920540
v 26.280687 1.000000 -20.920540
v 26.277435 0.000000 -20.997726
v 26.277435 1.000000 -20.997726
v 26.280024 0.000000 -21.083576
v 26.280024 1.000000 -21.083576
v 26.286510 0.000000 -21.170614
v 26.286510 1.000000 -21.170614
v 26.294947 0.000000 -21.251358
v 26.294947 1.000000 -21.251358
v 26.299288 0.000000 -21.287035
v 26.299288 1.000000 -21.287035
v 26.303387 0.000000 -21.318333
v 26.303387 1.000000 -21.318333
v 26.307001 0.000000 -21.344320
v 26.307001 1.000000 -21.344320
v 26.309889 0.000000 -21.364061
v 26.309889 1.000000 -21.364061
v 26.311804 0.000000 -21.376619
v 26.311804 1.000000 -21.376619
v 26.312504 0.000000 -21.381062
v 26.312504 1.000000 -21.381062
v 26.314552 0.000000 -21.388668
v 26.314552 1.000000 -21.388668
v 26.320358 0.000000 -21.410376
v 26.320358 1.000000 -21.410376
v 26.329506 0.000000 -21.444889
v 26.329506 1.000000 -21.444889
v 26.341578 0.000000 -21.490908
v 26.341578 1.000000 -21.490908
v 26.356161 0.000000 -21.547134
v 26.356161 1.000000 -21.547134
v 26.372839 0.000000 -21.612274
v 26.372839 1.000000 -21.612274
v 26.391199 0.000000 -21.685026
v 26.391199 1.000000 -21.685026
v 26.410824 0.000000 -21.764095
v 26.410824 1.000000 -21.764095
v 26.452206 0.000000 -21.935993
v 26.452206 1.000000 -21.935993
v 26.493670 0.000000 -22.117586
v 26.493670 1.000000 -22.117586
v 26.531889 0.000000 -22.298494
v 26.531889 1.000000 -22.298494
v 26.548746 0.000000 -22.385448
v 26.548746 1.000000 -22.385448
v 26.563547 0.000000 -22.468338
v 26.563547 1.000000 -22.468338
v 26.574118 0.000000 -22.542528
v 26.574118 1.000000 -22.542528
v 26.579010 0.000000 -22.606058
v 26.579010 1.000000 -22.606058
v 26.578896 0.000000 -22.660435
v 26.578896 1.000000 -22.660435
v 26.574448 0.000000 -22.707161
v 26.574448 1.000000 -22.707161
v 26.566338 0.000000 -22.747744
v 26.566338 1.000000 -22.747744
v 26.555239 0.000000 -22.783684
v 26.555239 1.000000 -22.783684
v 26.526756 0.000000 -22.847664
v 26.526756 1.000000 -22.847664
v 26.494377 0.000000 -22.911135
v 26.494377 1.000000 -22.911135
v 26.478409 0.000000 -22.946442
v 26.478409 1.000000 -22.946442
v 26.463480 0.000000 -22.986135
v 26.463480 1.000000 -22.986135
v 26.450268 0.000000 -23.031721
v 26.450268 1.000000 -23.031721
v 26.439442 0.000000 -23.084703
v 26.439442 1.000000 -23.084703
v 26.431673 0.000000 -23.146585
v 26.431673 1.000000 -23.146585
v 26.427637 0.000000 -23.218872
v 26.427637 1.000000 -23.218872
v 26.424168 0.000000 -23.304436
v 26.424168 1.000000 -23.304436
v 26.417927 0.000000 -23.402666
v 26.417927 1.000000 -23.402666
v 26.409332 0.000000 -23.511051
v 26.409332 1.000000 -23.511051
v 26.398792 0.000000 -23.627087
v 26.398792 1.000000 -23.627087
v 26.345453 0.000000 -24.117575
v 26.345453 1.000000 -24.117575
v 26.331387 0.000000 -24.234247
v 26.331387 1.000000 -24.234247
v 26.317852 0.000000 -24.343525
v 26.317852 1.000000 -24.343525
v 26.305264 0.000000 -24.442900
v 26.305264 1.000000 -24.442900
v 26.294035 0.000000 -24.529867
v 26.294035 1.000000 -24.529867
v 26.289057 0.000000 -24.567913
v 26.289057 1.000000 -24.567913
v 26.284575 0.000000 -24.601915
v 26.284575 1.000000 -24.601915
v 26.280638 0.000000 -24.631563
v 26.280638 1.000000 -24.631563
v 26.277300 0.000000 -24.656542
v 26.277300 1.000000 -24.656542
v 26.274611 0.000000 -24.676537
v 26.274611 1.000000 -24.676537
v 26.272621 0.000000 -24.691235
v 26.272621 1.000000 -24.691235
v 26.271383 0.000000 -24.700325
v 26.271383 1.000000 -24.700325
v 26.270950 0.000000 -24.703489
v 26.270950 1.000000 -24.703489
v 26.273085 0.000000 -24.702524
v 26.273085 1.000000 -24.702524
v 26.279186 0.000000 -24.699751
v 26.279186 1.000000 -24.699751
v 26.302284 0.000000 -24.689146
v 26.302284 1.000000 -24.689146
v 26.338245 0.000000 -24.672413
v 26.338245 1.000000 -24.672413
v 26.385063 0.000000 -24.650290
v 26.385063 1.000000 -24.650290
v 26.440737 0.000000 -24.623516
v 26.440737 1.000000 -24.623516
v 26.503263 0.000000 -24.592827
v 26.503263 1.000000 -24.592827
v 26.640862 0.000000 -24.522661
v 26.640862 1.000000 -24.522661
v 26.781834 0.000000 -24.445690
v 26.781834 1.000000 -24.445690
v 26.848577 0.000000 -24.406500
v 26.848577 1.000000 -24.406500
v 26.910158 0.000000 -24.367823
v 26.910158 1.000000 -24.367823
v 26.964569 0.000000 -24.330397
v 26.964569 1.000000 -24.330397
v 27.009809 0.000000 -24.294958
v 27.009809 1.000000 -24.294958
v 27.043877 0.000000 -24.262247
v 27.043877 1.000000 -24.262247
v 27.056095 0.000000 -24.247145
v 27.056095 1.000000 -24.247145
v 27.064768 0.000000 -24.233000
v 27.064768 1.000000 -24.233000
v 27.077864 0.500000 -24.208019
v 27.077864 0.000000 -24.208019
v 27.090128 0.000000 -24.187893
v 27.090128 0.500000 -24.187893
v 27.101927 0.000000 -24.172073
v 27.101927 0.500000 -24.172073
v 27.113623 0.000000 -24.160007
v 27.113623 0.500000 -24.160007
v 27.119547 0.000000 -24.155209
v 27.119547 0.500000 -24.155209
v 27.125584 0.000000 -24.151144
v 27.125584 0.500000 -24.151144
v 27.131777 0.000000 -24.147741
v 27.131777 0.500000 -24.147741
v 27.138174 0.000000 -24.144934
v 27.138174 0.500000 -24.144934
v 27.151756 0.000000 -24.140823
v 27.151756 0.500000 -24.140823
v 27.166700 0.000000 -24.138264
v 27.166700 0.500000 -24.138264
v 27.202124 0.000000 -24.135592
v 27.202124 0.500000 -24.135592
v 27.247370 0.000000 -24.132509
v 27.247370 0.500000 -24.132509
v 27.274586 0.000000 -24.129435
v 27.274586 0.500000 -24.129435
v 27.305355 0.000000 -24.124607
v 27.305355 0.500000 -24.124607
v 27.340038 0.000000 -24.117472
v 27.340038 0.500000 -24.117472
v 27.379004 0.000000 -24.107479
v 27.379004 1.000000 -24.107479
v 27.340038 1.000000 -24.117472
v 27.305355 1.000000 -24.124607
v 27.274586 1.000000 -24.129435
v 27.247370 1.000000 -24.132509
v 27.202124 1.000000 -24.135592
v 27.166700 1.000000 -24.138264
v 27.151756 1.000000 -24.140823
v 27.138174 1.000000 -24.144934
v 27.131777 1.000000 -24.147741
v 27.125584 1.000000 -24.151144
v 27.119547 1.000000 -24.155209
v 27.113623 1.000000 -24.160007
v 27.101927 1.000000 -24.172073
v 27.090128 1.000000 -24.187893
v 27.077864 1.000000 -24.208019
v 27.467400 0.000000 -24.079363
v 27.467400 0.090909 -24.079363
v 27.467400 0.181818 -24.079363
v 27.467400 0.272727 -24.079363
v 27.563999 0.181818 -24.044292
v 27.563999 0.272727 -24.044292
v 27.662325 0.181818 -24.005093
v 27.662325 0.272727 -24.005093
v 27.755894 0.181818 -23.964590
v 27.755894 0.272727 -23.964590
v 27.838223 0.181818 -23.925608
v 27.838223 0.272727 -23.925608
v 27.873144 0.181818 -23.907572
v 27.873144 0.272727 -23.907572
v 27.902828 0.181818 -23.890974
v 27.902828 0.272727 -23.890974
v 27.926458 0.181818 -23.876169
v 27.926458 0.272727 -23.876169
v 27.943228 0.181818 -23.863512
v 27.943228 0.272727 -23.863512
v 27.948786 0.181818 -23.858099
v 27.948786 0.272727 -23.858099
v 27.950815 0.181818 -23.855639
v 27.950815 0.272727 -23.855639
v 27.952326 0.181818 -23.853354
v 27.952326 0.272727 -23.853354
v 27.952883 0.181818 -23.852278
v 27.952883 0.272727 -23.852278
v 27.953306 0.181818 -23.851246
v 27.953306 0.272727 -23.851246
v 27.953594 0.181818 -23.850260
v 27.953594 0.272727 -23.850260
v 27.953745 0.181818 -23.849321
v 27.953745 0.272727 -23.849321
v 27.953756 0.181818 -23.848431
v 27.953756 0.272727 -23.848431
v 27.953627 0.181818 -23.847588
v 27.953627 0.272727 -23.847588
v 27.953508 0.181818 -23.847183
v 27.953508 0.272727 -23.847183
v 27.953356 0.181818 -23.846792
v 27.953356 0.272727 -23.846792
v 27.953167 0.181818 -23.846415
v 27.953167 0.272727 -23.846415
v 27.952942 0.000000 -23.846046
v 27.953167 0.363636 -23.846415
v 27.953167 0.454545 -23.846415
v 27.953356 0.454545 -23.846792
v 27.953356 0.545455 -23.846792
v 27.953508 0.545455 -23.847183
v 27.953508 0.636364 -23.847183
v 27.953627 0.636364 -23.847588
v 27.953627 0.727273 -23.847588
v 27.953756 0.727273 -23.848431
v 27.953756 0.818182 -23.848431
v 27.953745 0.818182 -23.849321
v 27.953745 0.909091 -23.849321
v 27.953594 0.909091 -23.850260
v 27.953594 1.000000 -23.850260
v 27.953306 1.000000 -23.851246
v 27.563999 0.000000 -24.044292
v 27.563999 0.090909 -24.044292
v 27.662325 0.000000 -24.005093
v 27.662325 0.090909 -24.005093
v 27.755894 0.000000 -23.964590
v 27.755894 0.090909 -23.964590
v 27.838223 0.000000 -23.925608
v 27.838223 0.090909 -23.925608
v 27.873144 0.000000 -23.907572
v 27.873144 0.090909 -23.907572
v 27.902828 0.000000 -23.890974
v 27.902828 0.090909 -23.890974
v 27.926458 0.000000 -23.876169
v 27.926458 0.090909 -23.876169
v 27.943228 0.000000 -23.863512
v 27.943228 0.090909 -23.863512
v 27.948786 0.000000 -23.858099
v 27.948786 0.090909 -23.858099
v 27.950815 0.000000 -23.855639
v 27.950815 0.090909 -23.855639
v 27.952326 0.000000 -23.853354
v 27.952326 0.090909 -23.853354
v 27.952883 0.000000 -23.852278
v 27.952883 0.090909 -23.852278
v 27.953306 0.000000 -23.851246
v 27.953306 0.090909 -23.851246
v 27.953594 0.000000 -23.850260
v 27.953594 0.090909 -23.850260
v 27.953745 0.000000 -23.849321
v 27.953745 0.090909 -23.849321
v 27.953756 0.000000 -23.848431
v 27.953756 0.090909 -23.848431
v 27.953627 0.000000 -23.847588
v 27.953627 0.090909 -23.847588
v 27.953508 0.000000 -23.847183
v 27.953508 0.090909 -23.847183
v 27.953356 0.000000 -23.846792
v 27.953356 0.090909 -23.846792
v 27.953167 0.000000 -23.846415
v 27.953167 0.090909 -23.846415
v 27.952942 1.000000 -23.846046
v 27.953167 0.545455 -23.846415
v 27.953356 0.636364 -23.846792
v 27.953508 0.727273 -23.847183
v 27.953627 0.818182 -23.847588
v 27.953756 0.909091 -23.848431
v 27.953745 1.000000 -23.849321
v 27.953167 1.000000 -23.846415
v 27.953167 0.909091 -23.846415
v 27.953167 0.818182 -23.846415
v 27.953167 0.727273 -23.846415
v 27.953356 0.818182 -23.846792
v 27.953356 0.727273 -23.846792
v 27.953508 0.818182 -23.847183
v 27.953356 1.000000 -23.846792
v 27.953356 0.909091 -23.846792
v 27.953508 1.000000 -23.847183
v 27.953508 0.909091 -23.847183
v 27.953627 1.000000 -23.847588
v 27.953627 0.909091 -23.847588
v 27.953756 1.000000 -23.848431
v 27.953306 0.909091 -23.851246
v 27.952883 1.000000 -23.852278
v 27.952883 0.909091 -23.852278
v 27.952326 1.000000 -23.853354
v 27.952326 0.909091 -23.853354
v 27.950815 1.000000 -23.855639
v 27.950815 0.909091 -23.855639
v 27.948786 1.000000 -23.858099
v 27.948786 0.909091 -23.858099
v 27.943228 1.000000 -23.863512
v 27.943228 0.909091 -23.863512
v 27.926458 1.000000 -23.876169
v 27.926458 0.909091 -23.876169
v 27.902828 1.000000 -23.890974
v 27.902828 0.909091 -23.890974
v 27.873144 1.000000 -23.907572
v 27.873144 0.909091 -23.907572
v 27.838223 1.000000 -23.925608
v 27.838223 0.909091 -23.925608
v 27.755894 1.000000 -23.964590
v 27.755894 0.909091 -23.964590
v 27.662325 1.000000 -24.005093
v 27.662325 0.909091 -24.005093
v 27.563999 1.000000 -24.044292
v 27.563999 0.909091 -24.044292
v 27.467400 1.000000 -24.079363
v 27.467400 0.909091 -24.079363
v 27.467400 0.818182 -24.079363
v 27.467400 0.727273 -24.079363
v 27.563999 0.727273 -24.044292
v 27.563999 0.636364 -24.044292
v 27.662325 0.636364 -24.005093
v 27.662325 0.545455 -24.005093
v 27.755894 0.545455 -23.964590
v 27.755894 0.454545 -23.964590
v 27.838223 0.454545 -23.925608
v 27.838223 0.363636 -23.925608
v 27.873144 0.363636 -23.907572
v 27.467400 0.545455 -24.079363
v 27.467400 0.636364 -24.079363
v 27.467400 0.363636 -24.079363
v 27.467400 0.454545 -24.079363
v 27.563999 0.363636 -24.044292
v 27.563999 0.454545 -24.044292
v 27.662325 0.363636 -24.005093
v 27.662325 0.454545 -24.005093
v 27.755894 0.363636 -23.964590
v 27.563999 0.545455 -24.044292
v 27.953167 0.636364 -23.846415
v 27.563999 0.818182 -24.044292
v 27.662325 0.818182 -24.005093
v 27.662325 0.727273 -24.005093
v 27.755894 0.818182 -23.964590
v 27.755894 0.727273 -23.964590
v 27.755894 0.636364 -23.964590
v 27.838223 0.818182 -23.925608
v 27.838223 0.727273 -23.925608
v 27.838223 0.636364 -23.925608
v 27.838223 0.545455 -23.925608
v 27.873144 0.818182 -23.907572
v 27.873144 0.727273 -23.907572
v 27.873144 0.636364 -23.907572
v 27.873144 0.545455 -23.907572
v 27.873144 0.454545 -23.907572
v 27.902828 0.818182 -23.890974
v 27.902828 0.727273 -23.890974
v 27.902828 0.636364 -23.890974
v 27.902828 0.545455 -23.890974
v 27.902828 0.454545 -23.890974
v 27.902828 0.363636 -23.890974
v 27.926458 0.818182 -23.876169
v 27.926458 0.727273 -23.876169
v 27.926458 0.636364 -23.876169
v 27.926458 0.545455 -23.876169
v 27.926458 0.454545 -23.876169
v 27.926458 0.363636 -23.876169
v 27.943228 0.818182 -23.863512
v 27.943228 0.727273 -23.863512
v 27.943228 0.636364 -23.863512
v 27.943228 0.545455 -23.863512
v 27.943228 0.454545 -23.863512
v 27.943228 0.363636 -23.863512
v 27.948786 0.818182 -23.858099
v 27.948786 0.727273 -23.858099
v 27.948786 0.636364 -23.858099
v 27.948786 0.545455 -23.858099
v 27.948786 0.454545 -23.858099
v 27.948786 0.363636 -23.858099
v 27.950815 0.818182 -23.855639
v 27.950815 0.727273 -23.855639
v 27.950815 0.636364 -23.855639
v 27.950815 0.545455 -23.855639
v 27.950815 0.454545 -23.855639
v 27.950815 0.363636 -23.855639
v 27.952326 0.818182 -23.853354
v 27.952326 0.727273 -23.853354
v 27.952326 0.636364 -23.853354
v 27.952326 0.545455 -23.853354
v 27.952326 0.454545 -23.853354
v 27.952326 0.363636 -23.853354
v 27.952883 0.818182 -23.852278
v 27.952883 0.727273 -23.852278
v 27.952883 0.636364 -23.852278
v 27.952883 0.545455 -23.852278
v 27.952883 0.454545 -23.852278
v 27.952883 0.363636 -23.852278
v 27.953306 0.818182 -23.851246
v 27.953306 0.727273 -23.851246
v 27.953306 0.636364 -23.851246
v 27.953306 0.545455 -23.851246
v 27.953306 0.454545 -23.851246
v 27.953306 0.363636 -23.851246
v 27.953594 0.818182 -23.850260
v 27.953594 0.727273 -23.850260
v 27.953594 0.636364 -23.850260
v 27.953594 0.545455 -23.850260
v 27.953594 0.454545 -23.850260
v 27.953594 0.363636 -23.850260
v 27.953356 0.363636 -23.846792
v 27.953508 0.363636 -23.847183
v 27.953508 0.454545 -23.847183
v 27.953627 0.363636 -23.847588
v 27.953627 0.454545 -23.847588
v 27.953627 0.545455 -23.847588
v 27.953756 0.363636 -23.848431
v 27.953756 0.454545 -23.848431
v 27.953756 0.545455 -23.848431
v 27.953756 0.636364 -23.848431
v 27.953745 0.363636 -23.849321
v 27.953745 0.454545 -23.849321
v 27.953745 0.545455 -23.849321
v 27.953745 0.636364 -23.849321
v 27.953745 0.727273 -23.849321
v 27.952705 0.000000 -23.845631
v 27.952705 1.000000 -23.845631
v 27.952484 0.000000 -23.845110
v 27.952484 1.000000 -23.845110
v 27.952089 0.000000 -23.843760
v 27.952089 1.000000 -23.843760
v 27.951475 0.000000 -23.839842
v 27.951475 1.000000 -23.839842
v 27.950937 0.000000 -23.827282
v 27.950937 1.000000 -23.827282
v 27.951279 0.000000 -23.808693
v 27.951279 1.000000 -23.808693
v 27.952452 0.000000 -23.784391
v 27.952452 1.000000 -23.784391
v 27.954403 0.000000 -23.754702
v 27.954403 1.000000 -23.754702
v 27.957085 0.000000 -23.719946
v 27.957085 1.000000 -23.719946
v 27.960445 0.000000 -23.680447
v 27.960445 1.000000 -23.680447
v 27.964437 0.000000 -23.636522
v 27.964437 1.000000 -23.636522
v 27.974115 0.000000 -23.536692
v 27.974115 1.000000 -23.536692
v 27.985718 0.000000 -23.423027
v 27.985718 1.000000 -23.423027
v 27.998848 0.000000 -23.298105
v 27.998848 1.000000 -23.298105
v 28.013105 0.000000 -23.164497
v 28.013105 1.000000 -23.164497
v 28.043413 0.000000 -22.881517
v 28.043413 1.000000 -22.881517
v 28.073458 0.000000 -22.594679
v 28.073458 1.000000 -22.594679
v 28.087387 0.000000 -22.456245
v 28.087387 1.000000 -22.456245
v 28.100054 0.000000 -22.324568
v 28.100054 1.000000 -22.324568
v 28.111063 0.000000 -22.202219
v 28.111063 1.000000 -22.202219
v 28.120014 0.000000 -22.091774
v 28.120014 1.000000 -22.091774
v 28.134243 0.000000 -21.886833
v 28.134243 1.000000 -21.886833
v 28.144566 0.000000 -21.687048
v 28.144566 1.000000 -21.687048
v 28.150160 0.000000 -21.491684
v 28.150160 1.000000 -21.491684
v 28.150206 0.000000 -21.300013
v 28.150206 1.000000 -21.300013
v 28.143881 0.000000 -21.111305
v 28.143881 1.000000 -21.111305
v 28.130362 0.000000 -20.924828
v 28.130362 1.000000 -20.924828
v 28.108831 0.000000 -20.739853
v 28.108831 1.000000 -20.739853
v 28.078463 0.000000 -20.555649
v 28.078463 1.000000 -20.555649
v 28.059225 0.000000 -20.466700
v 28.059225 1.000000 -20.466700
v 28.037079 0.000000 -20.383581
v 28.037079 1.000000 -20.383581
v 28.012302 0.000000 -20.306038
v 28.012302 1.000000 -20.306038
v 27.985174 0.000000 -20.233816
v 27.985174 1.000000 -20.233816
v 27.955971 0.000000 -20.166658
v 27.955971 1.000000 -20.166658
v 27.924971 0.000000 -20.104311
v 27.924971 1.000000 -20.104311
v 27.892452 0.000000 -20.046516
v 27.892452 1.000000 -20.046516
v 27.858692 0.000000 -19.993019
v 27.858692 1.000000 -19.993019
v 27.823967 0.000000 -19.943565
v 27.823967 1.000000 -19.943565
v 27.788557 0.000000 -19.897898
v 27.788557 1.000000 -19.897898
v 27.716789 0.000000 -19.816904
v 27.716789 1.000000 -19.816904
v 27.645611 0.000000 -19.747990
v 27.645611 1.000000 -19.747990
v 29.510275 0.000000 -23.010246
v 29.516563 0.000000 -23.236240
v 29.510275 1.000000 -23.010246
v 29.516563 1.000000 -23.236240
v 29.519514 0.000000 -23.470280
v 29.519514 1.000000 -23.470280
v 29.517656 0.000000 -23.704786
v 29.517656 1.000000 -23.704786
v 29.509518 0.000000 -23.932180
v 29.509518 1.000000 -23.932180
v 29.502634 0.000000 -24.040844
v 29.502634 1.000000 -24.040844
v 29.493629 0.000000 -24.144886
v 29.493629 1.000000 -24.144886
v 29.482321 0.000000 -24.243362
v 29.482321 1.000000 -24.243362
v 29.468521 0.000000 -24.335325
v 29.468521 1.000000 -24.335325
v 29.452049 0.000000 -24.419825
v 29.452049 1.000000 -24.419825
v 29.432718 0.000000 -24.495918
v 29.432718 1.000000 -24.495918
v 29.410349 0.000000 -24.562654
v 29.410349 1.000000 -24.562654
v 29.384754 0.000000 -24.619087
v 29.384754 1.000000 -24.619087
v 29.185650 0.000000 -21.400972
v 29.213158 0.000000 -21.476469
v 29.185650 1.000000 -21.400972
v 29.213158 1.000000 -21.476469
v 29.240679 0.000000 -21.557394
v 29.240679 1.000000 -21.557394
v 29.268005 0.000000 -21.643299
v 29.268005 1.000000 -21.643299
v 29.294928 0.000000 -21.733740
v 29.294928 1.000000 -21.733740
v 29.346720 0.000000 -21.926437
v 29.346720 1.000000 -21.926437
v 29.394384 0.000000 -22.131920
v 29.394384 1.000000 -22.131920
v 29.436245 0.000000 -22.346611
v 29.436245 1.000000 -22.346611
v 29.470631 0.000000 -22.566944
v 29.470631 1.000000 -22.566944
v 29.495865 0.000000 -22.789345
v 29.495865 1.000000 -22.789345
v 29.039352 0.000000 -20.190336
v 29.036655 0.000000 -20.337299
v 29.039352 1.000000 -20.190336
v 29.036655 1.000000 -20.337299
v 29.037256 0.000000 -20.488085
v 29.037256 1.000000 -20.488085
v 29.042503 0.000000 -20.641409
v 29.042503 1.000000 -20.641409
v 29.053745 0.000000 -20.795979
v 29.053745 1.000000 -20.795979
v 29.072330 0.000000 -20.950508
v 29.072330 1.000000 -20.950508
v 29.099611 0.000000 -21.103710
v 29.099611 1.000000 -21.103710
v 29.136934 0.000000 -21.254293
v 29.136934 1.000000 -21.254293
v 28.882668 0.000000 -19.741922
v 28.903372 0.000000 -19.768389
v 28.882668 1.000000 -19.741922
v 28.903372 1.000000 -19.768389
v 28.922634 0.000000 -19.790073
v 28.922634 1.000000 -19.790073
v 28.956818 0.000000 -19.823368
v 28.956818 1.000000 -19.823368
v 28.985199 0.000000 -19.850365
v 28.985199 1.000000 -19.850365
v 28.997206 0.000000 -19.864174
v 28.997206 1.000000 -19.864174
v 29.007755 0.000000 -19.879616
v 29.007755 1.000000 -19.879616
v 29.016846 0.000000 -19.897764
v 29.016846 1.000000 -19.897764
v 29.024471 0.000000 -19.919683
v 29.024471 1.000000 -19.919683
v 29.030630 0.000000 -19.946445
v 29.030630 1.000000 -19.946445
v 29.035322 0.000000 -19.979120
v 29.035322 1.000000 -19.979120
v 29.038542 0.000000 -20.018778
v 29.038542 1.000000 -20.018778
v 29.040289 0.000000 -20.066486
v 29.040289 1.000000 -20.066486
v 29.040560 0.000000 -20.123316
v 29.040560 1.000000 -20.123316
v 28.757145 0.000000 -19.343283
v 28.778942 0.000000 -19.402130
v 28.757145 1.000000 -19.343283
v 28.778942 1.000000 -19.402130
v 28.791611 0.000000 -19.454142
v 28.791611 1.000000 -19.454142
v 28.804325 0.000000 -19.546173
v 28.804325 1.000000 -19.546173
v 28.811756 0.000000 -19.590454
v 28.811756 1.000000 -19.590454
v 28.824829 0.000000 -19.636419
v 28.824829 1.000000 -19.636419
v 28.847237 0.000000 -19.686197
v 28.847237 1.000000 -19.686197
v 28.863092 0.000000 -19.713184
v 28.863092 1.000000 -19.713184
v 28.684429 0.000000 -18.016214
v 28.705906 0.000000 -18.034948
v 28.684429 1.000000 -18.016214
v 28.705906 1.000000 -18.034948
v 28.723791 0.000000 -18.055532
v 28.723791 1.000000 -18.055532
v 28.738388 0.000000 -18.077854
v 28.738388 1.000000 -18.077854
v 28.750004 0.000000 -18.101809
v 28.750004 1.000000 -18.101809
v 28.758942 0.000000 -18.127283
v 28.758942 1.000000 -18.127283
v 28.765505 0.000000 -18.154171
v 28.765505 1.000000 -18.154171
v 28.772728 0.000000 -18.211748
v 28.772728 1.000000 -18.211748
v 28.774107 0.000000 -18.273666
v 28.774107 1.000000 -18.273666
v 28.772078 0.000000 -18.339054
v 28.772078 1.000000 -18.339054
v 28.767534 0.000000 -18.476749
v 28.767534 1.000000 -18.476749
v 28.766619 0.000000 -18.515745
v 28.766619 1.000000 -18.515745
v 28.764105 0.000000 -18.561314
v 28.764105 1.000000 -18.561314
v 28.760344 0.000000 -18.612478
v 28.760344 1.000000 -18.612478
v 28.755684 0.000000 -18.668264
v 28.755684 1.000000 -18.668264
v 28.745073 0.000000 -18.789804
v 28.745073 1.000000 -18.789804
v 28.735071 0.000000 -18.918131
v 28.735071 1.000000 -18.918131
v 28.728477 0.000000 -19.045444
v 28.728477 1.000000 -19.045444
v 28.728092 0.000000 -19.163940
v 28.728092 1.000000 -19.163940
v 28.731102 0.000000 -19.217445
v 28.731102 1.000000 -19.217445
v 28.736715 0.000000 -19.265820
v 28.736715 1.000000 -19.265820
v 28.745279 0.000000 -19.308090
v 28.745279 1.000000 -19.308090
v 28.371058 0.000000 -17.642246
v 28.397299 0.000000 -17.683167
v 28.371058 1.000000 -17.642246
v 28.397299 1.000000 -17.683167
v 28.421343 0.000000 -17.720274
v 28.421343 1.000000 -17.720274
v 28.463968 0.000000 -17.784311
v 28.463968 1.000000 -17.784311
v 28.501177 0.000000 -17.836885
v 28.501177 1.000000 -17.836885
v 28.535210 0.000000 -17.880522
v 28.535210 1.000000 -17.880522
v 28.568310 0.000000 -17.917747
v 28.568310 1.000000 -17.917747
v 28.602718 0.000000 -17.951088
v 28.602718 1.000000 -17.951088
v 28.640678 0.000000 -17.983068
v 28.640678 1.000000 -17.983068
v 27.838673 0.000000 -17.244040
v 27.976152 0.000000 -17.309242
v 27.838673 1.000000 -17.244040
v 27.976152 1.000000 -17.309242
v 28.046535 0.000000 -17.346107
v 28.046535 1.000000 -17.346107
v 28.116552 0.000000 -17.388121
v 28.116552 1.000000 -17.388121
v 28.185108 0.000000 -17.437010
v 28.185108 1.000000 -17.437010
v 28.251110 0.000000 -17.494509
v 28.251110 1.000000 -17.494509
v 28.313457 0.000000 -17.562346
v 28.313457 1.000000 -17.562346
v 27.409302 0.000000 -17.191235
v 27.429426 0.000000 -17.175722
v 27.409302 1.000000 -17.191235
v 27.429426 1.000000 -17.175722
v 27.450512 0.000000 -17.163626
v 27.450512 1.000000 -17.163626
v 27.472542 0.000000 -17.154751
v 27.472542 1.000000 -17.154751
v 27.495504 0.000000 -17.148905
v 27.495504 1.000000 -17.148905
v 27.519384 0.000000 -17.145891
v 27.519384 1.000000 -17.145891
v 27.544168 0.000000 -17.145515
v 27.544168 1.000000 -17.145515
v 27.596395 0.000000 -17.151901
v 27.596395 1.000000 -17.151901
v 27.652069 0.000000 -17.166504
v 27.652069 1.000000 -17.166504
v 27.711082 0.000000 -17.187765
v 27.711082 1.000000 -17.187765
v 27.773321 0.000000 -17.214130
v 27.773321 1.000000 -17.214130
v 26.949635 1.000000 -17.202055
v 26.949635 0.000000 -17.202055
v 26.952158 0.500000 -17.189713
v 26.952158 0.000000 -17.189713
v 26.955814 0.000000 -17.178164
v 26.955814 0.500000 -17.178164
v 26.960562 0.000000 -17.167406
v 26.960562 0.500000 -17.167406
v 26.966368 0.000000 -17.157438
v 26.966368 0.500000 -17.157438
v 26.973192 0.000000 -17.148260
v 26.973192 0.500000 -17.148260
v 26.981001 0.000000 -17.139870
v 26.981001 0.500000 -17.139870
v 26.989758 0.000000 -17.132261
v 26.989758 0.500000 -17.132261
v 26.999422 0.000000 -17.125437
v 26.999422 0.500000 -17.125437
v 27.021339 0.000000 -17.114128
v 27.021339 0.500000 -17.114128
v 27.046457 0.000000 -17.105923
v 27.046457 0.500000 -17.105923
v 27.074486 0.000000 -17.100809
v 27.074486 0.500000 -17.100809
v 27.105129 0.000000 -17.098770
v 27.105129 0.500000 -17.098770
v 27.173092 0.000000 -17.103853
v 27.173092 0.500000 -17.103853
v 27.248005 0.000000 -17.121042
v 27.248005 0.500000 -17.121042
v 27.327522 0.000000 -17.150211
v 27.327522 0.500000 -17.150211
v 27.327522 1.000000 -17.150211
v 27.248005 1.000000 -17.121042
v 27.173092 1.000000 -17.103853
v 27.105129 1.000000 -17.098770
v 27.074486 1.000000 -17.100809
v 27.046457 1.000000 -17.105923
v 27.021339 1.000000 -17.114128
v 26.999422 1.000000 -17.125437
v 26.989758 1.000000 -17.132261
v 26.981001 1.000000 -17.139870
v 26.973192 1.000000 -17.148260
v 26.966368 1.000000 -17.157438
v 26.960562 1.000000 -17.167406
v 26.955814 1.000000 -17.178164
v 26.952158 1.000000 -17.189713
v 27.466307 0.000000 -17.617361
v 27.466307 0.333333 -17.617361
v 27.472496 0.000000 -17.620605
v 27.466307 0.666667 -17.617361
v 27.472496 1.000000 -17.620605
v 27.466307 1.000000 -17.617361
v 27.449020 0.666667 -17.608150
v 27.449020 1.000000 -17.608150
v 27.422262 0.666667 -17.593596
v 27.422262 1.000000 -17.593596
v 27.387648 0.666667 -17.574322
v 27.387648 1.000000 -17.574322
v 27.346802 0.666667 -17.550953
v 27.346802 1.000000 -17.550953
v 27.301342 0.666667 -17.524115
v 27.301342 1.000000 -17.524115
v 27.203070 0.666667 -17.462515
v 27.203070 1.000000 -17.462515
v 27.105797 0.666667 -17.394520
v 27.105797 1.000000 -17.394520
v 27.061588 0.666667 -17.359682
v 27.061588 1.000000 -17.359682
v 27.022490 0.666667 -17.325117
v 27.022490 1.000000 -17.325117
v 26.990124 0.666667 -17.291447
v 26.990124 1.000000 -17.291447
v 26.966114 0.666667 -17.259298
v 26.966114 1.000000 -17.259298
v 26.957747 0.666667 -17.243988
v 26.957747 1.000000 -17.243988
v 26.952076 0.666667 -17.229294
v 26.952076 1.000000 -17.229294
v 26.950315 0.666667 -17.222200
v 26.950315 1.000000 -17.222200
v 26.949305 0.666667 -17.215290
v 26.949305 1.000000 -17.215290
v 26.949068 0.666667 -17.208570
v 26.949068 1.000000 -17.208570
v 26.949068 0.333333 -17.208570
v 26.949068 0.000000 -17.208570
v 26.949305 0.333333 -17.215290
v 26.949305 0.000000 -17.215290
v 26.950315 0.333333 -17.222200
v 26.950315 0.000000 -17.222200
v 26.952076 0.333333 -17.229294
v 26.952076 0.000000 -17.229294
v 26.957747 0.333333 -17.243988
v 26.957747 0.000000 -17.243988
v 26.966114 0.333333 -17.259298
v 26.966114 0.000000 -17.259298
v 26.990124 0.333333 -17.291447
v 26.990124 0.000000 -17.291447
v 27.022490 0.333333 -17.325117
v 27.022490 0.000000 -17.325117
v 27.061588 0.333333 -17.359682
v 27.061588 0.000000 -17.359682
v 27.105797 0.333333 -17.394520
v 27.105797 0.000000 -17.394520
v 27.203070 0.333333 -17.462515
v 27.203070 0.000000 -17.462515
v 27.301342 0.333333 -17.524115
v 27.301342 0.000000 -17.524115
v 27.346802 0.333333 -17.550953
v 27.346802 0.000000 -17.550953
v 27.387648 0.333333 -17.574322
v 27.387648 0.000000 -17.574322
v 27.422262 0.333333 -17.593596
v 27.422262 0.000000 -17.593596
v 27.449020 0.333333 -17.608150
v 27.449020 0.000000 -17.608150
v 26.793814 0.000000 -17.391636
v 26.818548 0.000000 -17.397488
v 26.793814 1.000000 -17.391636
v 26.818548 1.000000 -17.397488
v 26.852777 0.000000 -17.407183
v 26.852777 1.000000 -17.407183
v 26.894972 0.000000 -17.420143
v 26.894972 1.000000 -17.420143
v 26.943602 0.000000 -17.435783
v 26.943602 1.000000 -17.435783
v 27.054052 0.000000 -17.472778
v 27.054052 1.000000 -17.472778
v 27.171894 0.000000 -17.513510
v 27.171894 1.000000 -17.513510
v 27.284895 0.000000 -17.553316
v 27.284895 1.000000 -17.553316
v 27.335756 0.000000 -17.571417
v 27.335756 1.000000 -17.571417
v 27.380817 0.000000 -17.587542
v 27.380817 1.000000 -17.587542
v 27.418552 0.000000 -17.601103
v 27.418552 1.000000 -17.601103
v 27.447430 0.000000 -17.611523
v 27.447430 1.000000 -17.611523
v 27.465921 0.000000 -17.618217
v 27.465921 1.000000 -17.618217
v 26.691128 0.000000 -17.614403
v 26.691128 0.250000 -17.614403
v 26.699455 0.000000 -17.620605
v 26.691128 0.500000 -17.614403
v 26.699455 1.000000 -17.620605
v 26.691128 0.750000 -17.614403
v 26.691128 1.000000 -17.614403
v 26.683815 0.750000 -17.607521
v 26.683815 1.000000 -17.607521
v 26.677490 0.750000 -17.600021
v 26.677490 1.000000 -17.600021
v 26.672123 0.750000 -17.591967
v 26.672123 1.000000 -17.591967
v 26.667686 0.750000 -17.583418
v 26.667686 1.000000 -17.583418
v 26.664148 0.750000 -17.574438
v 26.664148 1.000000 -17.574438
v 26.661484 0.750000 -17.565088
v 26.661484 1.000000 -17.565088
v 26.659662 0.750000 -17.555429
v 26.659662 1.000000 -17.555429
v 26.658432 0.750000 -17.535435
v 26.658432 1.000000 -17.535435
v 26.660227 0.750000 -17.514948
v 26.660227 1.000000 -17.514948
v 26.664818 0.750000 -17.494461
v 26.664818 1.000000 -17.494461
v 26.671970 0.750000 -17.474470
v 26.671970 1.000000 -17.474470
v 26.681458 0.750000 -17.455467
v 26.681458 1.000000 -17.455467
v 26.693048 0.750000 -17.437948
v 26.693048 1.000000 -17.437948
v 26.706509 0.750000 -17.422407
v 26.706509 1.000000 -17.422407
v 26.721611 0.750000 -17.409336
v 26.721611 1.000000 -17.409336
v 26.729706 0.750000 -17.403881
v 26.729706 1.000000 -17.403881
v 26.738125 0.750000 -17.399229
v 26.738125 1.000000 -17.399229
v 26.746838 0.750000 -17.395441
v 26.746838 1.000000 -17.395441
v 26.755816 0.750000 -17.392580
v 26.755816 1.000000 -17.392580
v 26.765032 0.750000 -17.390709
v 26.765032 1.000000 -17.390709
v 26.774456 0.750000 -17.389885
v 26.774456 1.000000 -17.389885
v 26.784060 0.750000 -17.390175
v 26.784060 1.000000 -17.390175
v 26.784060 0.500000 -17.390175
v 26.784060 0.250000 -17.390175
v 26.784060 0.000000 -17.390175
v 26.774456 0.250000 -17.389885
v 26.774456 0.000000 -17.389885
v 26.765032 0.250000 -17.390709
v 26.765032 0.000000 -17.390709
v 26.755816 0.250000 -17.392580
v 26.755816 0.000000 -17.392580
v 26.746838 0.250000 -17.395441
v 26.746838 0.000000 -17.395441
v 26.738125 0.250000 -17.399229
v 26.738125 0.000000 -17.399229
v 26.729706 0.250000 -17.403881
v 26.729706 0.000000 -17.403881
v 26.721611 0.250000 -17.409336
v 26.721611 0.000000 -17.409336
v 26.706509 0.250000 -17.422407
v 26.706509 0.000000 -17.422407
v 26.693048 0.250000 -17.437948
v 26.693048 0.000000 -17.437948
v 26.681458 0.250000 -17.455467
v 26.681458 0.000000 -17.455467
v 26.671970 0.250000 -17.474470
v 26.671970 0.000000 -17.474470
v 26.664818 0.250000 -17.494461
v 26.664818 0.000000 -17.494461
v 26.660227 0.250000 -17.514948
v 26.660227 0.000000 -17.514948
v 26.658432 0.250000 -17.535435
v 26.658432 0.000000 -17.535435
v 26.659662 0.250000 -17.555429
v 26.659662 0.000000 -17.555429
v 26.661484 0.250000 -17.565088
v 26.661484 0.000000 -17.565088
v 26.664148 0.250000 -17.574438
v 26.664148 0.000000 -17.574438
v 26.667686 0.250000 -17.583418
v 26.667686 0.000000 -17.583418
v 26.672123 0.250000 -17.591967
v 26.672123 0.000000 -17.591967
v 26.677490 0.250000 -17.600021
v 26.677490 0.000000 -17.600021
v 26.683815 0.250000 -17.607521
v 26.683815 0.000000 -17.607521
v 26.774456 0.500000 -17.389885
v 26.765032 0.500000 -17.390709
v 26.755816 0.500000 -17.392580
v 26.746838 0.500000 -17.395441
v 26.738125 0.500000 -17.399229
v 26.729706 0.500000 -17.403881
v 26.721611 0.500000 -17.409336
v 26.706509 0.500000 -17.422407
v 26.693048 0.500000 -17.437948
v 26.681458 0.500000 -17.455467
v 26.671970 0.500000 -17.474470
v 26.664818 0.500000 -17.494461
v 26.660227 0.500000 -17.514948
v 26.658432 0.500000 -17.535435
v 26.659662 0.500000 -17.555429
v 26.661484 0.500000 -17.565088
v 26.664148 0.500000 -17.574438
v 26.667686 0.500000 -17.583418
v 26.672123 0.500000 -17.591967
v 26.677490 0.500000 -17.600021
v 26.683815 0.500000 -17.607521
v 26.949635 0.000000 -17.933111
v 26.946783 0.000000 -17.932224
v 26.949635 1.000000 -17.933111
v 26.946783 1.000000 -17.932224
v 26.938812 0.000000 -17.929497
v 26.938812 1.000000 -17.929497
v 26.926453 0.000000 -17.924793
v 26.926453 1.000000 -17.924793
v 26.910439 0.000000 -17.917973
v 26.910439 1.000000 -17.917973
v 26.870365 0.000000 -17.897427
v 26.870365 1.000000 -17.897427
v 26.824451 0.000000 -17.866753
v 26.824451 1.000000 -17.866753
v 26.778547 0.000000 -17.824841
v 26.778547 1.000000 -17.824841
v 26.757431 0.000000 -17.799326
v 26.757431 1.000000 -17.799326
v 26.738510 0.000000 -17.770586
v 26.738510 1.000000 -17.770586
v 26.722523 0.000000 -17.738482
v 26.722523 1.000000 -17.738482
v 26.710196 0.000000 -17.702877
v 26.710196 1.000000 -17.702877
v 26.702263 0.000000 -17.663630
v 26.702263 1.000000 -17.663630
v 26.879868 0.000000 -17.968222
v 26.879868 0.111111 -17.968222
v 26.876917 0.000000 -17.965574
v 26.879868 0.222222 -17.968222
v 26.879868 0.333333 -17.968222
v 26.882870 0.222222 -17.970345
v 26.882870 0.333333 -17.970345
v 26.885912 0.222222 -17.971972
v 26.885912 0.333333 -17.971972
v 26.888988 0.222222 -17.973129
v 26.888988 0.333333 -17.973129
v 26.892086 0.222222 -17.973846
v 26.892086 0.333333 -17.973846
v 26.895197 0.222222 -17.974155
v 26.895197 0.333333 -17.974155
v 26.898312 0.222222 -17.974083
v 26.898312 0.333333 -17.974083
v 26.901421 0.222222 -17.973658
v 26.901421 0.333333 -17.973658
v 26.904514 0.222222 -17.972910
v 26.904514 0.333333 -17.972910
v 26.907583 0.222222 -17.971867
v 26.907583 0.333333 -17.971867
v 26.913610 0.222222 -17.969015
v 26.913610 0.333333 -17.969015
v 26.919422 0.222222 -17.965332
v 26.919422 0.333333 -17.965332
v 26.924946 0.222222 -17.961052
v 26.924946 0.333333 -17.961052
v 26.934824 0.222222 -17.951628
v 26.934824 0.333333 -17.951628
v 26.942636 0.222222 -17.942593
v 26.942636 0.333333 -17.942593
v 26.947775 0.222222 -17.935802
v 26.947775 0.333333 -17.935802
v 26.947775 0.444444 -17.935802
v 26.947775 0.555556 -17.935802
v 26.947775 0.666667 -17.935802
v 26.942636 0.666667 -17.942593
v 26.942636 0.777778 -17.942593
v 26.934824 0.777778 -17.951628
v 26.934824 0.888889 -17.951628
v 26.924946 0.888889 -17.961052
v 26.924946 1.000000 -17.961052
v 26.919422 1.000000 -17.965332
v 26.882870 0.000000 -17.970345
v 26.882870 0.111111 -17.970345
v 26.885912 0.000000 -17.971972
v 26.885912 0.111111 -17.971972
v 26.888988 0.000000 -17.973129
v 26.888988 0.111111 -17.973129
v 26.892086 0.000000 -17.973846
v 26.892086 0.111111 -17.973846
v 26.895197 0.000000 -17.974155
v 26.895197 0.111111 -17.974155
v 26.898312 0.000000 -17.974083
v 26.898312 0.111111 -17.974083
v 26.901421 0.000000 -17.973658
v 26.901421 0.111111 -17.973658
v 26.904514 0.000000 -17.972910
v 26.904514 0.111111 -17.972910
v 26.907583 0.000000 -17.971867
v 26.907583 0.111111 -17.971867
v 26.913610 0.000000 -17.969015
v 26.913610 0.111111 -17.969015
v 26.919422 0.000000 -17.965332
v 26.919422 0.111111 -17.965332
v 26.924946 0.000000 -17.961052
v 26.924946 0.111111 -17.961052
v 26.934824 0.000000 -17.951628
v 26.934824 0.111111 -17.951628
v 26.942636 0.000000 -17.942593
v 26.942636 0.111111 -17.942593
v 26.947775 0.000000 -17.935802
v 26.947775 0.111111 -17.935802
v 26.947775 1.000000 -17.935802
v 26.947775 0.888889 -17.935802
v 26.947775 0.777778 -17.935802
v 26.942636 1.000000 -17.942593
v 26.942636 0.888889 -17.942593
v 26.934824 1.000000 -17.951628
v 26.919422 0.888889 -17.965332
v 26.913610 1.000000 -17.969015
v 26.913610 0.888889 -17.969015
v 26.907583 1.000000 -17.971867
v 26.907583 0.888889 -17.971867
v 26.904514 1.000000 -17.972910
v 26.904514 0.888889 -17.972910
v 26.901421 1.000000 -17.973658
v 26.901421 0.888889 -17.973658
v 26.898312 1.000000 -17.974083
v 26.898312 0.888889 -17.974083
v 26.895197 1.000000 -17.974155
v 26.895197 0.888889 -17.974155
v 26.892086 1.000000 -17.973846
v 26.892086 0.888889 -17.973846
v 26.888988 1.000000 -17.973129
v 26.888988 0.888889 -17.973129
v 26.885912 1.000000 -17.971972
v 26.885912 0.888889 -17.971972
v 26.882870 1.000000 -17.970345
v 26.882870 0.888889 -17.970345
v 26.879868 1.000000 -17.968222
v 26.879868 0.888889 -17.968222
v 26.876917 1.000000 -17.965574
v 26.879868 0.777778 -17.968222
v 26.879868 0.666667 -17.968222
v 26.882870 0.666667 -17.970345
v 26.882870 0.555556 -17.970345
v 26.885912 0.555556 -17.971972
v 26.885912 0.444444 -17.971972
v 26.888988 0.444444 -17.973129
v 26.879868 0.555556 -17.968222
v 26.879868 0.444444 -17.968222
v 26.882870 0.777778 -17.970345
v 26.885912 0.777778 -17.971972
v 26.885912 0.666667 -17.971972
v 26.888988 0.777778 -17.973129
v 26.888988 0.666667 -17.973129
v 26.888988 0.555556 -17.973129
v 26.892086 0.777778 -17.973846
v 26.892086 0.666667 -17.973846
v 26.892086 0.555556 -17.973846
v 26.892086 0.444444 -17.973846
v 26.895197 0.777778 -17.974155
v 26.895197 0.666667 -17.974155
v 26.895197 0.555556 -17.974155
v 26.895197 0.444444 -17.974155
v 26.898312 0.777778 -17.974083
v 26.898312 0.666667 -17.974083
v 26.898312 0.555556 -17.974083
v 26.898312 0.444444 -17.974083
v 26.901421 0.777778 -17.973658
v 26.901421 0.666667 -17.973658
v 26.901421 0.555556 -17.973658
v 26.901421 0.444444 -17.973658
v 26.904514 0.777778 -17.972910
v 26.904514 0.666667 -17.972910
v 26.904514 0.555556 -17.972910
v 26.904514 0.444444 -17.972910
v 26.907583 0.777778 -17.971867
v 26.907583 0.666667 -17.971867
v 26.907583 0.555556 -17.971867
v 26.907583 0.444444 -17.971867
v 26.913610 0.777778 -17.969015
v 26.913610 0.666667 -17.969015
v 26.913610 0.555556 -17.969015
v 26.913610 0.444444 -17.969015
v 26.919422 0.777778 -17.965332
v 26.919422 0.666667 -17.965332
v 26.919422 0.555556 -17.965332
v 26.919422 0.444444 -17.965332
v 26.924946 0.777778 -17.961052
v 26.924946 0.666667 -17.961052
v 26.924946 0.555556 -17.961052
v 26.924946 0.444444 -17.961052
v 26.942636 0.444444 -17.942593
v 26.942636 0.555556 -17.942593
v 26.934824 0.444444 -17.951628
v 26.934824 0.555556 -17.951628
v 26.934824 0.666667 -17.951628
v 26.882870 0.444444 -17.970345
v 26.625874 1.000000 -17.829231
v 26.625874 0.000000 -17.829231
v 26.628387 0.500000 -17.830423
v 26.628387 0.000000 -17.830423
v 26.635447 0.000000 -17.833788
v 26.635447 0.500000 -17.833788
v 26.660810 0.000000 -17.846014
v 26.660810 0.500000 -17.846014
v 26.697186 0.000000 -17.863857
v 26.697186 0.500000 -17.863857
v 26.739792 0.000000 -17.885267
v 26.739792 0.500000 -17.885267
v 26.824575 0.000000 -17.930590
v 26.824575 0.500000 -17.930590
v 26.857193 0.000000 -17.950399
v 26.857193 0.500000 -17.950399
v 26.868965 0.000000 -17.958694
v 26.868965 0.500000 -17.958694
v 26.868965 1.000000 -17.958694
v 26.857193 1.000000 -17.950399
v 26.824575 1.000000 -17.930590
v 26.739792 1.000000 -17.885267
v 26.697186 1.000000 -17.863857
v 26.660810 1.000000 -17.846014
v 26.635447 1.000000 -17.833788
v 26.628387 1.000000 -17.830423
v 26.531431 0.000000 -17.500256
v 26.531431 0.333333 -17.500256
v 26.521994 0.000000 -17.494652
v 26.531431 0.666667 -17.500256
v 26.521994 1.000000 -17.494652
v 26.531431 1.000000 -17.500256
v 26.540279 0.666667 -17.507107
v 26.540279 1.000000 -17.507107
v 26.548557 0.666667 -17.515112
v 26.548557 1.000000 -17.515112
v 26.556282 0.666667 -17.524178
v 26.556282 1.000000 -17.524178
v 26.570156 0.666667 -17.545113
v 26.570156 1.000000 -17.545113
v 26.582050 0.666667 -17.569166
v 26.582050 1.000000 -17.569166
v 26.600513 0.666667 -17.623646
v 26.600513 1.000000 -17.623646
v 26.612890 0.666667 -17.681637
v 26.612890 1.000000 -17.681637
v 26.620396 0.666667 -17.737167
v 26.620396 1.000000 -17.737167
v 26.624250 0.666667 -17.784260
v 26.624250 1.000000 -17.784260
v 26.625189 0.666667 -17.802774
v 26.625189 1.000000 -17.802774
v 26.625671 0.666667 -17.816940
v 26.625671 1.000000 -17.816940
v 26.625849 0.666667 -17.826008
v 26.625849 1.000000 -17.826008
v 26.625849 0.333333 -17.826008
v 26.625849 0.000000 -17.826008
v 26.625671 0.333333 -17.816940
v 26.625671 0.000000 -17.816940
v 26.625189 0.333333 -17.802774
v 26.625189 0.000000 -17.802774
v 26.624250 0.333333 -17.784260
v 26.624250 0.000000 -17.784260
v 26.620396 0.333333 -17.737167
v 26.620396 0.000000 -17.737167
v 26.612890 0.333333 -17.681637
v 26.612890 0.000000 -17.681637
v 26.600513 0.333333 -17.623646
v 26.600513 0.000000 -17.623646
v 26.582050 0.333333 -17.569166
v 26.582050 0.000000 -17.569166
v 26.570156 0.333333 -17.545113
v 26.570156 0.000000 -17.545113
v 26.556282 0.333333 -17.524178
v 26.556282 0.000000 -17.524178
v 26.548557 0.333333 -17.515112
v 26.548557 0.000000 -17.515112
v 26.540279 0.333333 -17.507107
v 26.540279 0.000000 -17.507107
v 26.186981 0.000000 -17.411547
v 26.189631 0.000000 -17.411915
v 26.186981 1.000000 -17.411547
v 26.189631 1.000000 -17.411915
v 26.197145 0.000000 -17.412996
v 26.197145 1.000000 -17.412996
v 26.209007 0.000000 -17.414778
v 26.209007 1.000000 -17.414778
v 26.224695 0.000000 -17.417240
v 26.224695 1.000000 -17.417240
v 26.265465 0.000000 -17.424160
v 26.265465 1.000000 -17.424160
v 26.315294 0.000000 -17.433634
v 26.315294 1.000000 -17.433634
v 26.425491 0.000000 -17.459759
v 26.425491 1.000000 -17.459759
v 26.477535 0.000000 -17.476170
v 26.477535 1.000000 -17.476170
v 26.093489 0.000000 -17.140160
v 26.125620 0.000000 -17.226366
v 26.093489 1.000000 -17.140160
v 26.125620 1.000000 -17.226366
v 26.155798 0.000000 -17.314747
v 26.155798 1.000000 -17.314747
v 26.168333 0.000000 -17.352995
v 26.168333 1.000000 -17.352995
v 26.178194 0.000000 -17.383680
v 26.178194 1.000000 -17.383680
v 26.184654 0.000000 -17.404099
v 26.184654 1.000000 -17.404099
v 26.186981 0.000000 -16.775282
v 26.175295 0.000000 -16.837242
v 26.186981 1.000000 -16.775282
v 26.175295 1.000000 -16.837242
v 26.157764 0.000000 -16.891884
v 26.157764 1.000000 -16.891884
v 26.137314 0.000000 -16.940529
v 26.137314 1.000000 -16.940529
v 26.116863 0.000000 -16.984503
v 26.116863 1.000000 -16.984503
v 26.099333 0.000000 -17.025129
v 26.099333 1.000000 -17.025129
v 26.087646 0.000000 -17.063732
v 26.087646 1.000000 -17.063732
v 26.084908 0.000000 -17.082687
v 26.084908 1.000000 -17.082687
v 26.084724 0.000000 -17.101635
v 26.084724 1.000000 -17.101635
v 26.087463 0.000000 -17.120737
v 26.087463 1.000000 -17.120737
v 26.061460 0.000000 -16.523806
v 26.067747 0.000000 -16.527319
v 26.061460 1.000000 -16.523806
v 26.067747 1.000000 -16.527319
v 26.084055 0.000000 -16.538052
v 26.084055 1.000000 -16.538052
v 26.106718 0.000000 -16.556387
v 26.106718 1.000000 -16.556387
v 26.132067 0.000000 -16.582699
v 26.132067 1.000000 -16.582699
v 26.156435 0.000000 -16.617367
v 26.156435 1.000000 -16.617367
v 26.167105 0.000000 -16.637951
v 26.167105 1.000000 -16.637951
v 26.176153 0.000000 -16.660767
v 26.176153 1.000000 -16.660767
v 26.183125 0.000000 -16.685862
v 26.183125 1.000000 -16.685862
v 26.187559 0.000000 -16.713280
v 26.187559 1.000000 -16.713280
v 26.188997 0.000000 -16.743071
v 26.188997 1.000000 -16.743071
v 25.957581 0.000000 -16.064137
v 25.979574 0.000000 -16.090052
v 25.957581 1.000000 -16.064137
v 25.979574 1.000000 -16.090052
v 25.998331 0.000000 -16.120037
v 25.998331 1.000000 -16.120037
v 26.014101 0.000000 -16.153301
v 26.014101 1.000000 -16.153301
v 26.027134 0.000000 -16.189051
v 26.027134 1.000000 -16.189051
v 26.045996 0.000000 -16.264843
v 26.045996 1.000000 -16.264843
v 26.056923 0.000000 -16.341080
v 26.056923 1.000000 -16.341080
v 26.061926 0.000000 -16.411428
v 26.061926 1.000000 -16.411428
v 26.062832 0.000000 -16.442415
v 26.062832 1.000000 -16.442415
v 26.063011 0.000000 -16.469555
v 26.063011 1.000000 -16.469555
v 26.062712 0.000000 -16.492054
v 26.062712 1.000000 -16.492054
v 26.062187 0.000000 -16.509125
v 26.062187 1.000000 -16.509125
v 26.061686 0.000000 -16.519972
v 26.061686 1.000000 -16.519972
v 25.686626 0.000000 -15.833870
v 25.688324 0.000000 -15.835093
v 25.686626 1.000000 -15.833870
v 25.688324 1.000000 -15.835093
v 25.693197 0.000000 -15.838646
v 25.693197 1.000000 -15.838646
v 25.711494 0.000000 -15.852242
v 25.711494 1.000000 -15.852242
v 25.739553 0.000000 -15.873677
v 25.739553 1.000000 -15.873677
v 25.775412 0.000000 -15.901972
v 25.775412 1.000000 -15.901972
v 25.817106 0.000000 -15.936146
v 25.817106 1.000000 -15.936146
v 25.862675 0.000000 -15.975218
v 25.862675 1.000000 -15.975218
v 25.654596 0.000000 -15.551662
v 25.677498 0.000000 -15.575444
v 25.654596 1.000000 -15.551662
v 25.677498 1.000000 -15.575444
v 25.695246 0.000000 -15.599696
v 25.695246 1.000000 -15.599696
v 25.708351 0.000000 -15.624143
v 25.708351 1.000000 -15.624143
v 25.717318 0.000000 -15.648507
v 25.717318 1.000000 -15.648507
v 25.722654 0.000000 -15.672513
v 25.722654 1.000000 -15.672513
v 25.724865 0.000000 -15.695884
v 25.724865 1.000000 -15.695884
v 25.724459 0.000000 -15.718343
v 25.724459 1.000000 -15.718343
v 25.721941 0.000000 -15.739615
v 25.721941 1.000000 -15.739615
v 25.712601 0.000000 -15.777491
v 25.712601 1.000000 -15.777491
v 25.700899 0.000000 -15.807299
v 25.700899 1.000000 -15.807299
v 25.690889 0.000000 -15.826829
v 25.690889 1.000000 -15.826829
v 25.687786 0.000000 -15.832048
v 25.687786 1.000000 -15.832048
v 25.435583 0.000000 -15.384588
v 25.439444 0.000000 -15.386631
v 25.435583 1.000000 -15.384588
v 25.439444 1.000000 -15.386631
v 25.450726 0.000000 -15.393060
v 25.450726 1.000000 -15.393060
v 25.469080 0.000000 -15.404373
v 25.469080 1.000000 -15.404373
v 25.494154 0.000000 -15.421070
v 25.494154 1.000000 -15.421070
v 25.525595 0.000000 -15.443649
v 25.525595 1.000000 -15.443649
v 25.563049 0.000000 -15.472609
v 25.563049 1.000000 -15.472609
v 25.606169 0.000000 -15.508447
v 25.606169 1.000000 -15.508447
v 25.394032 0.000000 -15.050009
v 25.410480 0.000000 -15.106629
v 25.394032 1.000000 -15.050009
v 25.410480 1.000000 -15.106629
v 25.422071 0.000000 -15.164345
v 25.422071 1.000000 -15.164345
v 25.429625 0.000000 -15.220493
v 25.429625 1.000000 -15.220493
v 25.433964 0.000000 -15.272414
v 25.433964 1.000000 -15.272414
v 25.435905 0.000000 -15.317446
v 25.435905 1.000000 -15.317446
v 25.436277 0.000000 -15.352926
v 25.436277 1.000000 -15.352926
v 25.435894 0.000000 -15.376194
v 25.435894 1.000000 -15.376194
v 25.435678 0.000000 -15.382417
v 25.435678 1.000000 -15.382417
v 25.173286 0.000000 -14.924919
v 25.180653 0.000000 -14.924324
v 25.173286 1.000000 -14.924919
v 25.180653 1.000000 -14.924324
v 25.200422 0.000000 -14.924005
v 25.200422 1.000000 -14.924005
v 25.229280 0.000000 -14.926143
v 25.229280 1.000000 -14.926143
v 25.263920 0.000000 -14.932920
v 25.263920 1.000000 -14.932920
v 25.282370 0.000000 -14.938728
v 25.282370 1.000000 -14.938728
v 25.301023 0.000000 -14.946513
v 25.301023 1.000000 -14.946513
v 25.319468 0.000000 -14.956549
v 25.319468 1.000000 -14.956549
v 25.337286 0.000000 -14.969107
v 25.337286 1.000000 -14.969107
v 25.354065 0.000000 -14.984458
v 25.354065 1.000000 -14.984458
v 25.369390 0.000000 -15.002877
v 25.369390 1.000000 -15.002877
v 25.382851 0.000000 -15.024637
v 25.382851 1.000000 -15.024637
v 25.132599 0.000000 -14.580817
v 25.146029 0.000000 -14.655620
v 25.132599 1.000000 -14.580817
v 25.146029 1.000000 -14.655620
v 25.156120 0.000000 -14.722760
v 25.156120 1.000000 -14.722760
v 25.163353 0.000000 -14.781529
v 25.163353 1.000000 -14.781529
v 25.168200 0.000000 -14.831215
v 25.168200 1.000000 -14.831215
v 25.171141 0.000000 -14.871107
v 25.171141 1.000000 -14.871107
v 25.172649 0.000000 -14.900496
v 25.172649 1.000000 -14.900496
v 25.173206 0.000000 -14.918670
v 25.173206 1.000000 -14.918670
v 24.850391 0.000000 -14.088685
v 24.853144 0.000000 -14.091967
v 24.850391 1.000000 -14.088685
v 24.853144 1.000000 -14.091967
v 24.860884 0.000000 -14.101357
v 24.860884 1.000000 -14.101357
v 24.872965 0.000000 -14.116329
v 24.872965 1.000000 -14.116329
v 24.888744 0.000000 -14.136363
v 24.888744 1.000000 -14.136363
v 24.907583 0.000000 -14.160933
v 24.907583 1.000000 -14.160933
v 24.928833 0.000000 -14.189515
v 24.928833 1.000000 -14.189515
v 24.976004 0.000000 -14.256623
v 24.976004 1.000000 -14.256623
v 25.025110 0.000000 -14.333497
v 25.025110 1.000000 -14.333497
v 25.071009 0.000000 -14.415947
v 25.071009 1.000000 -14.415947
v 25.108553 0.000000 -14.499784
v 25.108553 1.000000 -14.499784
v 25.122585 0.000000 -14.540913
v 25.122585 1.000000 -14.540913
v 24.787199 0.000000 -13.880925
v 24.799109 0.000000 -13.943786
v 24.787199 1.000000 -13.880925
v 24.799109 1.000000 -13.943786
v 24.810581 0.000000 -13.992634
v 24.810581 1.000000 -13.992634
v 24.821260 0.000000 -14.029208
v 24.821260 1.000000 -14.029208
v 24.830795 0.000000 -14.055242
v 24.830795 1.000000 -14.055242
v 24.838829 0.000000 -14.072471
v 24.838829 1.000000 -14.072471
v 24.845009 0.000000 -14.082631
v 24.845009 1.000000 -14.082631
v 24.848982 0.000000 -14.087458
v 24.848982 1.000000 -14.087458
v 24.850029 0.000000 -14.088412
v 24.850029 1.000000 -14.088412
v 24.421886 0.000000 -13.139050
v 24.461740 0.000000 -13.212500
v 24.421886 1.000000 -13.139050
v 24.461740 1.000000 -13.212500
v 24.499187 0.000000 -13.280250
v 24.499187 1.000000 -13.280250
v 24.534258 0.000000 -13.342747
v 24.534258 1.000000 -13.342747
v 24.566980 0.000000 -13.400440
v 24.566980 1.000000 -13.400440
v 24.597385 0.000000 -13.453775
v 24.597385 1.000000 -13.453775
v 24.625504 0.000000 -13.503202
v 24.625504 1.000000 -13.503202
v 24.674986 0.000000 -13.592117
v 24.674986 1.000000 -13.592117
v 24.715664 0.000000 -13.670766
v 24.715664 1.000000 -13.670766
v 24.747770 0.000000 -13.742730
v 24.747770 1.000000 -13.742730
v 24.771538 0.000000 -13.811589
v 24.771538 1.000000 -13.811589
v 23.680010 0.000000 -12.867229
v 23.680017 0.000000 -12.867352
v 23.680010 1.000000 -12.867229
v 23.680017 1.000000 -12.867352
v 23.680035 0.000000 -12.867470
v 23.680035 1.000000 -12.867470
v 23.680065 0.000000 -12.867584
v 23.680065 1.000000 -12.867584
v 23.680105 0.000000 -12.867695
v 23.680105 1.000000 -12.867695
v 23.680159 0.000000 -12.867801
v 23.680159 1.000000 -12.867801
v 23.680225 0.000000 -12.867903
v 23.680225 1.000000 -12.867903
v 23.680302 0.000000 -12.868001
v 23.680302 1.000000 -12.868001
v 23.680391 0.000000 -12.868095
v 23.680391 1.000000 -12.868095
v 23.680603 0.000000 -12.868273
v 23.680603 1.000000 -12.868273
v 23.680862 0.000000 -12.868435
v 23.680862 1.000000 -12.868435
v 23.681166 0.000000 -12.868583
v 23.681166 1.000000 -12.868583
v 23.681517 0.000000 -12.868716
v 23.681517 1.000000 -12.868716
v 23.682354 0.000000 -12.868939
v 23.682354 1.000000 -12.868939
v 23.683372 0.000000 -12.869108
v 23.683372 1.000000 -12.869108
v 23.685936 0.000000 -12.869288
v 23.685936 1.000000 -12.869288
v 23.702906 0.000000 -12.868240
v 23.702906 1.000000 -12.868240
v 23.729708 0.000000 -12.865176
v 23.729708 1.000000 -12.865176
v 23.765129 0.000000 -12.861191
v 23.765129 1.000000 -12.861191
v 23.807964 0.000000 -12.857374
v 23.807964 1.000000 -12.857374
v 23.856997 0.000000 -12.854820
v 23.856997 1.000000 -12.854820
v 23.911018 0.000000 -12.854622
v 23.911018 1.000000 -12.854622
v 23.968819 0.000000 -12.857870
v 23.968819 1.000000 -12.857870
v 24.029184 0.000000 -12.865658
v 24.029184 1.000000 -12.865658
v 24.090906 0.000000 -12.879078
v 24.090906 1.000000 -12.879078
v 24.152773 0.000000 -12.899222
v 24.152773 1.000000 -12.899222
v 24.213572 0.000000 -12.927184
v 24.213572 1.000000 -12.927184
v 24.272095 0.000000 -12.964055
v 24.272095 1.000000 -12.964055
v 24.327129 0.000000 -13.010928
v 24.327129 1.000000 -13.010928
v 24.377462 0.000000 -13.068895
v 24.377462 1.000000 -13.068895
v 23.774368 0.000000 -12.198070
v 23.773296 0.000000 -12.309978
v 23.774368 1.000000 -12.198070
v 23.773296 1.000000 -12.309978
v 23.764008 0.000000 -12.423142
v 23.764008 1.000000 -12.423142
v 23.749079 0.000000 -12.532900
v 23.749079 1.000000 -12.532900
v 23.731085 0.000000 -12.634582
v 23.731085 1.000000 -12.634582
v 23.712605 0.000000 -12.723522
v 23.712605 1.000000 -12.723522
v 23.703987 0.000000 -12.761756
v 23.703987 1.000000 -12.761756
v 23.696215 0.000000 -12.795054
v 23.696215 1.000000 -12.795054
v 23.689610 0.000000 -12.822835
v 23.689610 1.000000 -12.822835
v 23.684490 0.000000 -12.844513
v 23.684490 1.000000 -12.844513
v 23.681185 0.000000 -12.859506
v 23.681185 1.000000 -12.859506
v 23.680311 0.000000 -12.864313
v 23.680311 1.000000 -12.864313
v 23.993382 0.000000 -11.322015
v 23.966843 0.000000 -11.419654
v 23.993382 1.000000 -11.322015
v 23.966843 1.000000 -11.419654
v 23.941790 0.000000 -11.506226
v 23.941790 1.000000 -11.506226
v 23.918276 0.000000 -11.582876
v 23.918276 1.000000 -11.582876
v 23.896347 0.000000 -11.650752
v 23.896347 1.000000 -11.650752
v 23.876049 0.000000 -11.710999
v 23.876049 1.000000 -11.710999
v 23.857435 0.000000 -11.764763
v 23.857435 1.000000 -11.764763
v 23.840549 0.000000 -11.813191
v 23.840549 1.000000 -11.813191
v 23.825443 0.000000 -11.857430
v 23.825443 1.000000 -11.857430
v 23.800755 0.000000 -11.937923
v 23.800755 1.000000 -11.937923
v 23.783756 0.000000 -12.015414
v 23.783756 1.000000 -12.015414
v 23.774832 0.000000 -12.099072
v 23.774832 1.000000 -12.099072
v 23.773518 0.000000 -12.146080
v 23.773518 1.000000 -12.146080
v 24.850391 0.000000 -10.777944
v 24.817020 0.000000 -10.839190
v 24.850391 1.000000 -10.777944
v 24.817020 1.000000 -10.839190
v 24.776321 0.000000 -10.897383
v 24.776321 1.000000 -10.897383
v 24.729292 0.000000 -10.952395
v 24.729292 1.000000 -10.952395
v 24.676920 0.000000 -11.004106
v 24.676920 1.000000 -11.004106
v 24.620203 0.000000 -11.052389
v 24.620203 1.000000 -11.052389
v 24.560131 0.000000 -11.097123
v 24.560131 1.000000 -11.097123
v 24.497700 0.000000 -11.138184
v 24.497700 1.000000 -11.138184
v 24.433899 0.000000 -11.175447
v 24.433899 1.000000 -11.175447
v 24.369722 0.000000 -11.208789
v 24.369722 1.000000 -11.208789
v 24.306164 0.000000 -11.238087
v 24.306164 1.000000 -11.238087
v 24.244215 0.000000 -11.263216
v 24.244215 1.000000 -11.263216
v 24.184870 0.000000 -11.284054
v 24.184870 1.000000 -11.284054
v 24.129122 0.000000 -11.300476
v 24.129122 1.000000 -11.300476
v 24.077963 0.000000 -11.312360
v 24.077963 1.000000 -11.312360
v 24.032385 0.000000 -11.319580
v 24.032385 1.000000 -11.319580
v 25.821671 0.000000 -10.527333
v 25.815140 0.000000 -10.530767
v 25.821671 1.000000 -10.527333
v 25.815140 1.000000 -10.530767
v 25.796461 0.000000 -10.540318
v 25.796461 1.000000 -10.540318
v 25.766691 0.000000 -10.555024
v 25.766691 1.000000 -10.555024
v 25.726885 0.000000 -10.573922
v 25.726885 1.000000 -10.573922
v 25.678097 0.000000 -10.596053
v 25.678097 1.000000 -10.596053
v 25.621382 0.000000 -10.620456
v 25.621382 1.000000 -10.620456
v 25.557796 0.000000 -10.646168
v 25.557796 1.000000 -10.646168
v 25.488394 0.000000 -10.672229
v 25.488394 1.000000 -10.672229
v 25.414228 0.000000 -10.697678
v 25.414228 1.000000 -10.697678
v 25.336359 0.000000 -10.721554
v 25.336359 1.000000 -10.721554
v 25.255838 0.000000 -10.742895
v 25.255838 1.000000 -10.742895
v 25.173719 0.000000 -10.760740
v 25.173719 1.000000 -10.760740
v 25.091063 0.000000 -10.774129
v 25.091063 1.000000 -10.774129
v 25.008917 0.000000 -10.782100
v 25.008917 1.000000 -10.782100
v 24.928343 0.000000 -10.783691
v 24.928343 1.000000 -10.783691
v 26.678680 0.000000 -11.280030
v 26.624737 0.000000 -11.275969
v 26.678680 1.000000 -11.280030
v 26.624737 1.000000 -11.275969
v 26.572622 0.000000 -11.268019
v 26.572622 1.000000 -11.268019
v 26.473852 0.000000 -11.241504
v 26.473852 1.000000 -11.241504
v 26.382311 0.000000 -11.202594
v 26.382311 1.000000 -11.202594
v 26.297934 0.000000 -11.153394
v 26.297934 1.000000 -11.153394
v 26.220659 0.000000 -11.096012
v 26.220659 1.000000 -11.096012
v 26.150425 0.000000 -11.032555
v 26.150425 1.000000 -11.032555
v 26.087170 0.000000 -10.965128
v 26.087170 1.000000 -10.965128
v 26.030830 0.000000 -10.895840
v 26.030830 1.000000 -10.895840
v 25.981346 0.000000 -10.826797
v 25.981346 1.000000 -10.826797
v 25.938654 0.000000 -10.760106
v 25.938654 1.000000 -10.760106
v 25.902693 0.000000 -10.697873
v 25.902693 1.000000 -10.697873
v 25.873400 0.000000 -10.642207
v 25.873400 1.000000 -10.642207
v 25.850714 0.000000 -10.595213
v 25.850714 1.000000 -10.595213
v 25.834570 0.000000 -10.558997
v 25.834570 1.000000 -10.558997
v 25.828934 0.000000 -10.545590
v 25.828934 1.000000 -10.545590
v 25.824911 0.000000 -10.535668
v 25.824911 1.000000 -10.535668
v 25.822491 0.000000 -10.529495
v 25.822491 1.000000 -10.529495
v 27.329660 0.000000 -10.722541
v 27.312983 0.000000 -10.787429
v 27.329660 1.000000 -10.722541
v 27.312983 1.000000 -10.787429
v 27.293133 0.000000 -10.848912
v 27.293133 1.000000 -10.848912
v 27.270105 0.000000 -10.906860
v 27.270105 1.000000 -10.906860
v 27.243893 0.000000 -10.961146
v 27.243893 1.000000 -10.961146
v 27.214491 0.000000 -11.011642
v 27.214491 1.000000 -11.011642
v 27.181890 0.000000 -11.058215
v 27.181890 1.000000 -11.058215
v 27.146090 0.000000 -11.100741
v 27.146090 1.000000 -11.100741
v 27.107077 0.000000 -11.139089
v 27.107077 1.000000 -11.139089
v 27.064850 0.000000 -11.173130
v 27.064850 1.000000 -11.173130
v 27.019400 0.000000 -11.202736
v 27.019400 1.000000 -11.202736
v 26.970720 0.000000 -11.227778
v 26.970720 1.000000 -11.227778
v 26.918808 0.000000 -11.248129
v 26.918808 1.000000 -11.248129
v 26.863653 0.000000 -11.263658
v 26.863653 1.000000 -11.263658
v 26.805252 0.000000 -11.274237
v 26.805252 1.000000 -11.274237
v 26.743595 0.000000 -11.279737
v 26.743595 1.000000 -11.279737
v 27.388527 0.000000 -10.747645
v 27.362989 0.000000 -10.735417
v 27.388527 1.000000 -10.747645
v 27.362989 1.000000 -10.735417
v 27.416721 0.000000 -10.514901
v 27.416721 0.333333 -10.514901
v 27.379004 0.000000 -10.474527
v 27.416721 0.666667 -10.514901
v 27.379004 1.000000 -10.474527
v 27.416721 1.000000 -10.514901
v 27.445065 0.666667 -10.550240
v 27.445065 1.000000 -10.550240
v 27.465374 0.666667 -10.581388
v 27.465374 1.000000 -10.581388
v 27.478989 0.666667 -10.609193
v 27.478989 1.000000 -10.609193
v 27.487246 0.666667 -10.634502
v 27.487246 1.000000 -10.634502
v 27.491488 0.666667 -10.658163
v 27.491488 1.000000 -10.658163
v 27.493273 0.666667 -10.703929
v 27.493273 1.000000 -10.703929
v 27.492790 0.666667 -10.715167
v 27.492790 1.000000 -10.715167
v 27.491364 0.666667 -10.725193
v 27.491364 1.000000 -10.725193
v 27.489021 0.666667 -10.734026
v 27.489021 1.000000 -10.734026
v 27.485792 0.666667 -10.741680
v 27.485792 1.000000 -10.741680
v 27.481707 0.666667 -10.748173
v 27.481707 1.000000 -10.748173
v 27.479351 0.666667 -10.750989
v 27.479351 1.000000 -10.750989
v 27.476793 0.666667 -10.753520
v 27.476793 1.000000 -10.753520
v 27.474033 0.666667 -10.755770
v 27.474033 1.000000 -10.755770
v 27.471079 0.666667 -10.757739
v 27.471079 1.000000 -10.757739
v 27.467934 0.666667 -10.759431
v 27.467934 1.000000 -10.759431
v 27.464598 0.666667 -10.760846
v 27.464598 1.000000 -10.760846
v 27.457375 0.666667 -10.762857
v 27.457375 1.000000 -10.762857
v 27.449440 0.666667 -10.763790
v 27.449440 1.000000 -10.763790
v 27.440823 0.666667 -10.763659
v 27.440823 1.000000 -10.763659
v 27.431553 0.666667 -10.762483
v 27.431553 1.000000 -10.762483
v 27.411171 0.666667 -10.757057
v 27.411171 1.000000 -10.757057
v 27.411171 0.333333 -10.757057
v 27.411171 0.000000 -10.757057
v 27.431553 0.333333 -10.762483
v 27.431553 0.000000 -10.762483
v 27.440823 0.333333 -10.763659
v 27.440823 0.000000 -10.763659
v 27.449440 0.333333 -10.763790
v 27.449440 0.000000 -10.763790
v 27.457375 0.333333 -10.762857
v 27.457375 0.000000 -10.762857
v 27.464598 0.333333 -10.760846
v 27.464598 0.000000 -10.760846
v 27.467934 0.333333 -10.759431
v 27.467934 0.000000 -10.759431
v 27.471079 0.333333 -10.757739
v 27.471079 0.000000 -10.757739
v 27.474033 0.333333 -10.755770
v 27.474033 0.000000 -10.755770
v 27.476793 0.333333 -10.753520
v 27.476793 0.000000 -10.753520
v 27.479351 0.333333 -10.750989
v 27.479351 0.000000 -10.750989
v 27.481707 0.333333 -10.748173
v 27.481707 0.000000 -10.748173
v 27.485792 0.333333 -10.741680
v 27.485792 0.000000 -10.741680
v 27.489021 0.333333 -10.734026
v 27.489021 0.000000 -10.734026
v 27.491364 0.333333 -10.725193
v 27.491364 0.000000 -10.725193
v 27.492790 0.333333 -10.715167
v 27.492790 0.000000 -10.715167
v 27.493273 0.333333 -10.703929
v 27.493273 0.000000 -10.703929
v 27.491488 0.333333 -10.658163
v 27.491488 0.000000 -10.658163
v 27.487246 0.333333 -10.634502
v 27.487246 0.000000 -10.634502
v 27.478989 0.333333 -10.609193
v 27.478989 0.000000 -10.609193
v 27.465374 0.333333 -10.581388
v 27.465374 0.000000 -10.581388
v 27.445065 0.333333 -10.550240
v 27.445065 0.000000 -10.550240
v 27.367926 0.000000 -10.457850
v 27.367926 0.111111 -10.457850
v 27.365154 0.000000 -10.449856
v 27.367926 0.222222 -10.457850
v 27.367926 0.333333 -10.457850
v 27.371105 0.222222 -10.464788
v 27.371105 0.333333 -10.464788
v 27.372871 0.222222 -10.467786
v 27.372871 0.333333 -10.467786
v 27.374771 0.222222 -10.470428
v 27.374771 0.333333 -10.470428
v 27.376812 0.222222 -10.472686
v 27.376812 0.333333 -10.472686
v 27.376812 0.444444 -10.472686
v 27.376812 0.555556 -10.472686
v 27.376812 0.666667 -10.472686
v 27.374771 0.666667 -10.470428
v 27.374771 0.777778 -10.470428
v 27.372871 0.777778 -10.467786
v 27.372871 0.888889 -10.467786
v 27.371105 0.888889 -10.464788
v 27.371105 1.000000 -10.464788
v 27.367926 1.000000 -10.457850
v 27.371105 0.000000 -10.464788
v 27.371105 0.111111 -10.464788
v 27.372871 0.000000 -10.467786
v 27.372871 0.111111 -10.467786
v 27.374771 0.000000 -10.470428
v 27.374771 0.111111 -10.470428
v 27.376812 0.000000 -10.472686
v 27.376812 0.111111 -10.472686
v 27.376812 1.000000 -10.472686
v 27.376812 0.888889 -10.472686
v 27.376812 0.777778 -10.472686
v 27.374771 1.000000 -10.470428
v 27.374771 0.888889 -10.470428
v 27.372871 1.000000 -10.467786
v 27.367926 0.888889 -10.457850
v 27.365154 1.000000 -10.449856
v 27.367926 0.777778 -10.457850
v 27.367926 0.666667 -10.457850
v 27.371105 0.666667 -10.464788
v 27.371105 0.555556 -10.464788
v 27.372871 0.555556 -10.467786
v 27.372871 0.444444 -10.467786
v 27.374771 0.444444 -10.470428
v 27.367926 0.555556 -10.457850
v 27.367926 0.444444 -10.457850
v 27.371105 0.777778 -10.464788
v 27.371105 0.444444 -10.464788
v 27.374771 0.555556 -10.470428
v 27.372871 0.666667 -10.467786
v 27.315811 0.000000 -9.879814
v 27.340807 0.000000 -10.031880
v 27.315811 1.000000 -9.879814
v 27.340807 1.000000 -10.031880
v 27.357363 0.000000 -10.177982
v 27.357363 1.000000 -10.177982
v 27.365479 0.000000 -10.317511
v 27.365479 1.000000 -10.317511
v 27.315811 0.000000 -9.878948
v 27.315811 1.000000 -9.878948
v 27.328796 0.000000 -8.765701
v 27.327290 0.000000 -8.817087
v 27.328796 1.000000 -8.765701
v 27.327290 1.000000 -8.817087
v 27.325716 0.000000 -8.872920
v 27.325716 1.000000 -8.872920
v 27.322506 0.000000 -8.996192
v 27.322506 1.000000 -8.996192
v 27.319437 0.000000 -9.132053
v 27.319437 1.000000 -9.132053
v 27.316784 0.000000 -9.277040
v 27.316784 1.000000 -9.277040
v 27.313822 0.000000 -9.580530
v 27.313822 1.000000 -9.580530
v 27.314060 0.000000 -9.732105
v 27.314060 1.000000 -9.732105
v 27.434406 0.000000 -8.550150
v 27.376732 0.000000 -8.657763
v 27.434406 1.000000 -8.550150
v 27.376732 1.000000 -8.657763
v 27.580475 0.000000 -8.374731
v 27.580475 0.333333 -8.374731
v 27.549541 0.000000 -8.363166
v 27.580475 0.666667 -8.374731
v 27.549541 1.000000 -8.363166
v 27.580475 1.000000 -8.374731
v 27.593866 0.666667 -8.381867
v 27.593866 1.000000 -8.381867
v 27.605484 0.666667 -8.390110
v 27.605484 1.000000 -8.390110
v 27.610535 0.666667 -8.394693
v 27.610535 1.000000 -8.394693
v 27.615032 0.666667 -8.399611
v 27.615032 1.000000 -8.399611
v 27.618938 0.666667 -8.404880
v 27.618938 1.000000 -8.404880
v 27.622215 0.666667 -8.410521
v 27.622215 1.000000 -8.410521
v 27.624830 0.666667 -8.416553
v 27.624830 1.000000 -8.416553
v 27.626741 0.666667 -8.422994
v 27.626741 1.000000 -8.422994
v 27.627916 0.666667 -8.429863
v 27.627916 1.000000 -8.429863
v 27.628317 0.666667 -8.437181
v 27.628317 1.000000 -8.437181
v 27.627338 0.666667 -8.463093
v 27.627338 1.000000 -8.463093
v 27.624231 0.666667 -8.485090
v 27.624231 1.000000 -8.485090
v 27.621796 0.666667 -8.494664
v 27.621796 1.000000 -8.494664
v 27.618731 0.666667 -8.503313
v 27.618731 1.000000 -8.503313
v 27.614998 0.666667 -8.511054
v 27.614998 1.000000 -8.511054
v 27.610571 0.666667 -8.517904
v 27.610571 1.000000 -8.517904
v 27.605412 0.666667 -8.523882
v 27.605412 1.000000 -8.523882
v 27.599489 0.666667 -8.529006
v 27.599489 1.000000 -8.529006
v 27.592770 0.666667 -8.533292
v 27.592770 1.000000 -8.533292
v 27.585222 0.666667 -8.536759
v 27.585222 1.000000 -8.536759
v 27.576813 0.666667 -8.539425
v 27.576813 1.000000 -8.539425
v 27.567507 0.666667 -8.541307
v 27.567507 1.000000 -8.541307
v 27.546078 0.666667 -8.542792
v 27.546078 1.000000 -8.542792
v 27.522177 0.666667 -8.543333
v 27.522177 1.000000 -8.543333
v 27.494463 0.666667 -8.544848
v 27.494463 1.000000 -8.544848
v 27.494463 0.333333 -8.544848
v 27.494463 0.000000 -8.544848
v 27.522177 0.333333 -8.543333
v 27.522177 0.000000 -8.543333
v 27.546078 0.333333 -8.542792
v 27.546078 0.000000 -8.542792
v 27.567507 0.333333 -8.541307
v 27.567507 0.000000 -8.541307
v 27.576813 0.333333 -8.539425
v 27.576813 0.000000 -8.539425
v 27.585222 0.333333 -8.536759
v 27.585222 0.000000 -8.536759
v 27.592770 0.333333 -8.533292
v 27.592770 0.000000 -8.533292
v 27.599489 0.333333 -8.529006
v 27.599489 0.000000 -8.529006
v 27.605412 0.333333 -8.523882
v 27.605412 0.000000 -8.523882
v 27.610571 0.333333 -8.517904
v 27.610571 0.000000 -8.517904
v 27.614998 0.333333 -8.511054
v 27.614998 0.000000 -8.511054
v 27.618731 0.333333 -8.503313
v 27.618731 0.000000 -8.503313
v 27.621796 0.333333 -8.494664
v 27.621796 0.000000 -8.494664
v 27.624231 0.333333 -8.485090
v 27.624231 0.000000 -8.485090
v 27.627338 0.333333 -8.463093
v 27.627338 0.000000 -8.463093
v 27.628317 0.333333 -8.437181
v 27.628317 0.000000 -8.437181
v 27.627916 0.333333 -8.429863
v 27.627916 0.000000 -8.429863
v 27.626741 0.333333 -8.422994
v 27.626741 0.000000 -8.422994
v 27.624830 0.333333 -8.416553
v 27.624830 0.000000 -8.416553
v 27.622215 0.333333 -8.410521
v 27.622215 0.000000 -8.410521
v 27.618938 0.333333 -8.404880
v 27.618938 0.000000 -8.404880
v 27.615032 0.333333 -8.399611
v 27.615032 0.000000 -8.399611
v 27.610535 0.333333 -8.394693
v 27.610535 0.000000 -8.394693
v 27.605484 0.333333 -8.390110
v 27.605484 0.000000 -8.390110
v 27.593866 0.333333 -8.381867
v 27.593866 0.000000 -8.381867
v 27.554289 0.000000 -8.356896
v 27.554289 0.083333 -8.356896
v 27.555601 0.000000 -8.354076
v 27.554289 0.166667 -8.356896
v 27.554289 0.250000 -8.356896
v 27.552895 0.166667 -8.359108
v 27.552895 0.250000 -8.359108
v 27.552895 0.333333 -8.359108
v 27.552895 0.416667 -8.359108
v 27.554289 0.416667 -8.356896
v 27.554289 0.500000 -8.356896
v 27.555601 1.000000 -8.354076
v 27.554289 0.583333 -8.356896
v 27.554289 0.666667 -8.356896
v 27.552895 0.583333 -8.359108
v 27.552895 0.666667 -8.359108
v 27.552895 0.750000 -8.359108
v 27.552895 0.833333 -8.359108
v 27.554289 0.833333 -8.356896
v 27.554289 0.916667 -8.356896
v 27.554289 1.000000 -8.356896
v 27.552895 0.916667 -8.359108
v 27.552895 1.000000 -8.359108
v 27.552895 0.000000 -8.359108
v 27.552895 0.083333 -8.359108
v 27.552895 0.500000 -8.359108
v 27.554289 0.333333 -8.356896
v 27.554289 0.750000 -8.356896
v 27.670734 0.000000 -7.566753
v 27.679314 0.000000 -7.683045
v 27.670734 1.000000 -7.566753
v 27.679314 1.000000 -7.683045
v 27.681595 0.000000 -7.797203
v 27.681595 1.000000 -7.797203
v 27.677444 0.000000 -7.907739
v 27.677444 1.000000 -7.907739
v 27.666731 0.000000 -8.013166
v 27.666731 1.000000 -8.013166
v 27.649321 0.000000 -8.112000
v 27.649321 1.000000 -8.112000
v 27.625084 0.000000 -8.202754
v 27.625084 1.000000 -8.202754
v 27.593887 0.000000 -8.283941
v 27.593887 1.000000 -8.283941
v 27.790842 0.000000 -7.526842
v 27.790842 0.333333 -7.526842
v 27.795389 0.000000 -7.528231
v 27.790842 0.666667 -7.526842
v 27.795389 1.000000 -7.528231
v 27.790842 1.000000 -7.526842
v 27.785666 0.666667 -7.526069
v 27.785666 1.000000 -7.526069
v 27.779905 0.666667 -7.525888
v 27.779905 1.000000 -7.525888
v 27.773600 0.666667 -7.526276
v 27.773600 1.000000 -7.526276
v 27.759523 0.666667 -7.528665
v 27.759523 1.000000 -7.528665
v 27.743774 0.666667 -7.533046
v 27.743774 1.000000 -7.533046
v 27.708593 0.666667 -7.547039
v 27.708593 1.000000 -7.547039
v 27.708593 0.333333 -7.547039
v 27.708593 0.000000 -7.547039
v 27.743774 0.333333 -7.533046
v 27.743774 0.000000 -7.533046
v 27.759523 0.333333 -7.528665
v 27.759523 0.000000 -7.528665
v 27.773600 0.333333 -7.526276
v 27.773600 0.000000 -7.526276
v 27.779905 0.333333 -7.525888
v 27.779905 0.000000 -7.525888
v 27.785666 0.333333 -7.526069
v 27.785666 0.000000 -7.526069
v 27.851938 0.000000 -7.421459
v 27.851938 0.166667 -7.421459
v 27.849062 0.000000 -7.403142
v 27.851938 0.333333 -7.421459
v 27.851938 0.500000 -7.421459
v 27.852606 0.333333 -7.443443
v 27.852606 0.500000 -7.443443
v 27.850796 0.333333 -7.466877
v 27.850796 0.500000 -7.466877
v 27.846249 0.333333 -7.489546
v 27.846249 0.500000 -7.489546
v 27.842865 0.333333 -7.499901
v 27.842865 0.500000 -7.499901
v 27.838697 0.333333 -7.509233
v 27.838697 0.500000 -7.509233
v 27.833714 0.333333 -7.517264
v 27.833714 0.500000 -7.517264
v 27.830904 0.333333 -7.520707
v 27.830904 0.500000 -7.520707
v 27.827879 0.333333 -7.523720
v 27.827879 0.500000 -7.523720
v 27.824635 0.333333 -7.526269
v 27.824635 0.500000 -7.526269
v 27.821163 0.333333 -7.528321
v 27.821163 0.500000 -7.528321
v 27.817465 0.333333 -7.529840
v 27.817465 0.500000 -7.529840
v 27.813532 0.333333 -7.530791
v 27.813532 0.500000 -7.530791
v 27.809362 0.333333 -7.531141
v 27.809362 0.500000 -7.531141
v 27.804951 0.333333 -7.530854
v 27.804951 0.500000 -7.530854
v 27.800295 0.333333 -7.529895
v 27.800295 0.500000 -7.529895
v 27.852606 0.000000 -7.443443
v 27.852606 0.166667 -7.443443
v 27.850796 0.000000 -7.466877
v 27.850796 0.166667 -7.466877
v 27.846249 0.000000 -7.489546
v 27.846249 0.166667 -7.489546
v 27.842865 0.000000 -7.499901
v 27.842865 0.166667 -7.499901
v 27.838697 0.000000 -7.509233
v 27.838697 0.166667 -7.509233
v 27.833714 0.000000 -7.517264
v 27.833714 0.166667 -7.517264
v 27.830904 0.000000 -7.520707
v 27.830904 0.166667 -7.520707
v 27.827879 0.000000 -7.523720
v 27.827879 0.166667 -7.523720
v 27.824635 0.000000 -7.526269
v 27.824635 0.166667 -7.526269
v 27.821163 0.000000 -7.528321
v 27.821163 0.166667 -7.528321
v 27.817465 0.000000 -7.529840
v 27.817465 0.166667 -7.529840
v 27.813532 0.000000 -7.530791
v 27.813532 0.166667 -7.530791
v 27.809362 0.000000 -7.531141
v 27.809362 0.166667 -7.531141
v 27.804951 0.000000 -7.530854
v 27.804951 0.166667 -7.530854
v 27.800295 0.000000 -7.529895
v 27.800295 0.166667 -7.529895
v 27.800295 1.000000 -7.529895
v 27.800295 0.833333 -7.529895
v 27.800295 0.666667 -7.529895
v 27.804951 0.666667 -7.530854
v 27.809362 0.666667 -7.531141
v 27.813532 0.666667 -7.530791
v 27.817465 0.666667 -7.529840
v 27.821163 0.666667 -7.528321
v 27.824635 0.666667 -7.526269
v 27.827879 0.666667 -7.523720
v 27.830904 0.666667 -7.520707
v 27.833714 0.666667 -7.517264
v 27.838697 0.666667 -7.509233
v 27.842865 0.666667 -7.499901
v 27.846249 0.666667 -7.489546
v 27.850796 0.666667 -7.466877
v 27.852606 0.666667 -7.443443
v 27.851938 0.666667 -7.421459
v 27.849062 1.000000 -7.403142
v 27.804951 1.000000 -7.530854
v 27.804951 0.833333 -7.530854
v 27.809362 1.000000 -7.531141
v 27.809362 0.833333 -7.531141
v 27.813532 1.000000 -7.530791
v 27.813532 0.833333 -7.530791
v 27.817465 1.000000 -7.529840
v 27.817465 0.833333 -7.529840
v 27.821163 1.000000 -7.528321
v 27.821163 0.833333 -7.528321
v 27.824635 1.000000 -7.526269
v 27.824635 0.833333 -7.526269
v 27.827879 1.000000 -7.523720
v 27.827879 0.833333 -7.523720
v 27.830904 1.000000 -7.520707
v 27.830904 0.833333 -7.520707
v 27.833714 1.000000 -7.517264
v 27.833714 0.833333 -7.517264
v 27.838697 1.000000 -7.509233
v 27.838697 0.833333 -7.509233
v 27.842865 1.000000 -7.499901
v 27.842865 0.833333 -7.499901
v 27.846249 1.000000 -7.489546
v 27.846249 0.833333 -7.489546
v 27.850796 1.000000 -7.466877
v 27.850796 0.833333 -7.466877
v 27.852606 1.000000 -7.443443
v 27.852606 0.833333 -7.443443
v 27.851938 1.000000 -7.421459
v 27.851938 0.833333 -7.421459
v 27.706266 0.000000 -7.371491
v 27.706266 0.111111 -7.371491
v 27.642166 0.000000 -7.370246
v 27.706266 0.222222 -7.371491
v 27.706266 0.333333 -7.371491
v 27.771908 0.222222 -7.376306
v 27.771908 0.333333 -7.376306
v 27.800718 0.222222 -7.380560
v 27.800718 0.333333 -7.380560
v 27.824404 0.222222 -7.386315
v 27.824404 0.333333 -7.386315
v 27.833752 0.222222 -7.389820
v 27.833752 0.333333 -7.389820
v 27.841129 0.222222 -7.393775
v 27.841129 0.333333 -7.393775
v 27.844009 0.222222 -7.395930
v 27.844009 0.333333 -7.395930
v 27.846310 0.222222 -7.398207
v 27.846310 0.333333 -7.398207
v 27.847235 0.222222 -7.399393
v 27.847235 0.333333 -7.399393
v 27.848003 0.222222 -7.400610
v 27.848003 0.333333 -7.400610
v 27.848614 0.222222 -7.401860
v 27.848614 0.333333 -7.401860
v 27.848614 0.444444 -7.401860
v 27.848614 0.555556 -7.401860
v 27.848614 0.666667 -7.401860
v 27.848003 0.666667 -7.400610
v 27.848003 0.777778 -7.400610
v 27.847235 0.777778 -7.399393
v 27.847235 0.888889 -7.399393
v 27.846310 0.888889 -7.398207
v 27.846310 1.000000 -7.398207
v 27.844009 1.000000 -7.395930
v 27.771908 0.000000 -7.376306
v 27.771908 0.111111 -7.376306
v 27.800718 0.000000 -7.380560
v 27.800718 0.111111 -7.380560
v 27.824404 0.000000 -7.386315
v 27.824404 0.111111 -7.386315
v 27.833752 0.000000 -7.389820
v 27.833752 0.111111 -7.389820
v 27.841129 0.000000 -7.393775
v 27.841129 0.111111 -7.393775
v 27.844009 0.000000 -7.395930
v 27.844009 0.111111 -7.395930
v 27.846310 0.000000 -7.398207
v 27.846310 0.111111 -7.398207
v 27.847235 0.000000 -7.399393
v 27.847235 0.111111 -7.399393
v 27.848003 0.000000 -7.400610
v 27.848003 0.111111 -7.400610
v 27.848614 0.000000 -7.401860
v 27.848614 0.111111 -7.401860
v 27.848614 1.000000 -7.401860
v 27.848614 0.888889 -7.401860
v 27.848614 0.777778 -7.401860
v 27.848003 1.000000 -7.400610
v 27.848003 0.888889 -7.400610
v 27.847235 1.000000 -7.399393
v 27.844009 0.888889 -7.395930
v 27.841129 1.000000 -7.393775
v 27.841129 0.888889 -7.393775
v 27.833752 1.000000 -7.389820
v 27.833752 0.888889 -7.389820
v 27.824404 1.000000 -7.386315
v 27.824404 0.888889 -7.386315
v 27.800718 1.000000 -7.380560
v 27.800718 0.888889 -7.380560
v 27.771908 1.000000 -7.376306
v 27.771908 0.888889 -7.376306
v 27.706266 1.000000 -7.371491
v 27.706266 0.888889 -7.371491
v 27.642166 1.000000 -7.370246
v 27.706266 0.777778 -7.371491
v 27.706266 0.666667 -7.371491
v 27.771908 0.666667 -7.376306
v 27.771908 0.555556 -7.376306
v 27.800718 0.555556 -7.380560
v 27.800718 0.444444 -7.380560
v 27.824404 0.444444 -7.386315
v 27.706266 0.555556 -7.371491
v 27.706266 0.444444 -7.371491
v 27.771908 0.777778 -7.376306
v 27.800718 0.777778 -7.380560
v 27.800718 0.666667 -7.380560
v 27.824404 0.777778 -7.386315
v 27.824404 0.666667 -7.386315
v 27.824404 0.555556 -7.386315
v 27.833752 0.777778 -7.389820
v 27.833752 0.666667 -7.389820
v 27.833752 0.555556 -7.389820
v 27.833752 0.444444 -7.389820
v 27.841129 0.777778 -7.393775
v 27.841129 0.666667 -7.393775
v 27.841129 0.555556 -7.393775
v 27.841129 0.444444 -7.393775
v 27.844009 0.777778 -7.395930
v 27.844009 0.666667 -7.395930
v 27.844009 0.555556 -7.395930
v 27.844009 0.444444 -7.395930
v 27.846310 0.777778 -7.398207
v 27.846310 0.666667 -7.398207
v 27.846310 0.555556 -7.398207
v 27.846310 0.444444 -7.398207
v 27.848003 0.444444 -7.400610
v 27.848003 0.555556 -7.400610
v 27.847235 0.444444 -7.399393
v 27.847235 0.555556 -7.399393
v 27.847235 0.666667 -7.399393
v 27.771908 0.444444 -7.376306
v 27.054379 0.000000 -6.546998
v 27.109293 0.000000 -6.550679
v 27.054379 1.000000 -6.546998
v 27.109293 1.000000 -6.550679
v 27.162010 0.000000 -6.563163
v 27.162010 1.000000 -6.563163
v 27.212479 0.000000 -6.583927
v 27.212479 1.000000 -6.583927
v 27.260651 0.000000 -6.612450
v 27.260651 1.000000 -6.612450
v 27.306482 0.000000 -6.648211
v 27.306482 1.000000 -6.648211
v 27.349920 0.000000 -6.690690
v 27.349920 1.000000 -6.690690
v 27.390919 0.000000 -6.739364
v 27.390919 1.000000 -6.739364
v 27.429430 0.000000 -6.793713
v 27.429430 1.000000 -6.793713
v 27.465405 0.000000 -6.853215
v 27.465405 1.000000 -6.853215
v 27.498795 0.000000 -6.917349
v 27.498795 1.000000 -6.917349
v 27.529552 0.000000 -6.985594
v 27.529552 1.000000 -6.985594
v 27.557629 0.000000 -7.057430
v 27.557629 1.000000 -7.057430
v 27.605549 0.000000 -7.209785
v 27.605549 1.000000 -7.209785
v 26.281340 0.000000 -7.508320
v 26.288382 0.000000 -7.495539
v 26.281340 1.000000 -7.508320
v 26.288382 1.000000 -7.495539
v 26.295918 0.000000 -7.478807
v 26.295918 1.000000 -7.478807
v 26.312710 0.000000 -7.434632
v 26.312710 1.000000 -7.434632
v 26.332205 0.000000 -7.378063
v 26.332205 1.000000 -7.378063
v 26.354893 0.000000 -7.311368
v 26.354893 1.000000 -7.311368
v 26.381266 0.000000 -7.236816
v 26.381266 1.000000 -7.236816
v 26.411808 0.000000 -7.156675
v 26.411808 1.000000 -7.156675
v 26.447012 0.000000 -7.073215
v 26.447012 1.000000 -7.073215
v 26.487368 0.000000 -6.988704
v 26.487368 1.000000 -6.988704
v 26.533363 0.000000 -6.905410
v 26.533363 1.000000 -6.905410
v 26.585489 0.000000 -6.825602
v 26.585489 1.000000 -6.825602
v 26.644234 0.000000 -6.751548
v 26.644234 1.000000 -6.751548
v 26.710087 0.000000 -6.685518
v 26.710087 1.000000 -6.685518
v 26.783539 0.000000 -6.629779
v 26.783539 1.000000 -6.629779
v 26.823267 0.000000 -6.606478
v 26.823267 1.000000 -6.606478
v 26.865080 0.000000 -6.586600
v 26.865080 1.000000 -6.586600
v 26.909035 0.000000 -6.570430
v 26.909035 1.000000 -6.570430
v 26.955196 0.000000 -6.558250
v 26.955196 1.000000 -6.558250
v 27.003624 0.000000 -6.550345
v 27.003624 1.000000 -6.550345
v 26.114265 0.000000 -7.946348
v 26.121408 0.000000 -7.902406
v 26.114265 1.000000 -7.946348
v 26.121408 1.000000 -7.902406
v 26.134405 0.000000 -7.850211
v 26.134405 1.000000 -7.850211
v 26.152292 0.000000 -7.792346
v 26.152292 1.000000 -7.792346
v 26.174105 0.000000 -7.731392
v 26.174105 1.000000 -7.731392
v 26.225653 0.000000 -7.610543
v 26.225653 1.000000 -7.610543
v 26.253460 0.000000 -7.555813
v 26.253460 1.000000 -7.555813
v 25.937670 0.000000 -8.312092
v 25.958368 0.000000 -8.297156
v 25.937670 1.000000 -8.312092
v 25.958368 1.000000 -8.297156
v 25.977638 0.000000 -8.279813
v 25.977638 1.000000 -8.279813
v 26.012009 0.000000 -8.239058
v 26.012009 1.000000 -8.239058
v 26.041021 0.000000 -8.192145
v 26.041021 1.000000 -8.192145
v 26.064922 0.000000 -8.141394
v 26.064922 1.000000 -8.141394
v 26.083954 0.000000 -8.089119
v 26.083954 1.000000 -8.089119
v 26.098358 0.000000 -8.037642
v 26.098358 1.000000 -8.037642
v 26.108381 0.000000 -7.989278
v 26.108381 1.000000 -7.989278
v 25.738565 0.000000 -8.636717
v 25.745346 0.000000 -8.607642
v 25.738565 1.000000 -8.636717
v 25.745346 1.000000 -8.607642
v 25.757746 0.000000 -8.569682
v 25.757746 1.000000 -8.569682
v 25.775543 0.000000 -8.525634
v 25.775543 1.000000 -8.525634
v 25.798513 0.000000 -8.478300
v 25.798513 1.000000 -8.478300
v 25.826435 0.000000 -8.430478
v 25.826435 1.000000 -8.430478
v 25.859083 0.000000 -8.384970
v 25.859083 1.000000 -8.384970
v 25.896236 0.000000 -8.344575
v 25.896236 1.000000 -8.344575
v 25.916431 0.000000 -8.327169
v 25.916431 1.000000 -8.327169
v 25.677822 0.000000 -8.742107
v 25.677822 0.333333 -8.742107
v 25.675373 0.000000 -8.751418
v 25.677822 0.666667 -8.742107
v 25.675373 1.000000 -8.751418
v 25.677822 1.000000 -8.742107
v 25.680893 0.666667 -8.733867
v 25.680893 1.000000 -8.733867
v 25.684492 0.666667 -8.726528
v 25.684492 1.000000 -8.726528
v 25.688534 0.666667 -8.719922
v 25.688534 1.000000 -8.719922
v 25.707294 0.666667 -8.697475
v 25.707294 1.000000 -8.697475
v 25.716974 0.666667 -8.686286
v 25.716974 1.000000 -8.686286
v 25.725893 0.666667 -8.673326
v 25.725893 1.000000 -8.673326
v 25.729841 0.666667 -8.665761
v 25.729841 1.000000 -8.665761
v 25.733330 0.666667 -8.657250
v 25.733330 1.000000 -8.657250
v 25.736267 0.666667 -8.647625
v 25.736267 1.000000 -8.647625
v 25.736267 0.333333 -8.647625
v 25.736267 0.000000 -8.647625
v 25.733330 0.333333 -8.657250
v 25.733330 0.000000 -8.657250
v 25.729841 0.333333 -8.665761
v 25.729841 0.000000 -8.665761
v 25.725893 0.333333 -8.673326
v 25.725893 0.000000 -8.673326
v 25.716974 0.333333 -8.686286
v 25.716974 0.000000 -8.686286
v 25.707294 0.333333 -8.697475
v 25.707294 0.000000 -8.697475
v 25.688534 0.333333 -8.719922
v 25.688534 0.000000 -8.719922
v 25.684492 0.333333 -8.726528
v 25.684492 0.000000 -8.726528
v 25.680893 0.333333 -8.733867
v 25.680893 0.000000 -8.733867
v 25.549540 0.000000 -8.904003
v 25.549540 0.125000 -8.904003
v 25.549850 0.000000 -8.908103
v 25.549540 0.250000 -8.904003
v 25.549540 0.375000 -8.904003
v 25.549170 0.250000 -8.893252
v 25.549170 0.375000 -8.893252
v 25.549572 0.250000 -8.878069
v 25.549572 0.375000 -8.878069
v 25.551579 0.250000 -8.860673
v 25.551579 0.375000 -8.860673
v 25.556019 0.250000 -8.843280
v 25.556019 0.375000 -8.843280
v 25.559412 0.250000 -8.835279
v 25.559412 0.375000 -8.835279
v 25.563726 0.250000 -8.828111
v 25.563726 0.375000 -8.828111
v 25.566261 0.250000 -8.824925
v 25.566261 0.375000 -8.824925
v 25.569065 0.250000 -8.822053
v 25.569065 0.375000 -8.822053
v 25.572151 0.250000 -8.819527
v 25.572151 0.375000 -8.819527
v 25.575533 0.250000 -8.817382
v 25.575533 0.375000 -8.817382
v 25.579222 0.250000 -8.815654
v 25.579222 0.375000 -8.815654
v 25.583233 0.250000 -8.814377
v 25.583233 0.375000 -8.814377
v 25.587576 0.250000 -8.813584
v 25.587576 0.375000 -8.813584
v 25.592268 0.250000 -8.813313
v 25.592268 0.375000 -8.813313
v 25.610575 0.250000 -8.812819
v 25.610575 0.375000 -8.812819
v 25.626070 0.250000 -8.811068
v 25.626070 0.375000 -8.811068
v 25.632849 0.250000 -8.809593
v 25.632849 0.375000 -8.809593
v 25.639030 0.250000 -8.807652
v 25.639030 0.375000 -8.807652
v 25.644644 0.250000 -8.805194
v 25.644644 0.375000 -8.805194
v 25.649727 0.250000 -8.802167
v 25.649727 0.375000 -8.802167
v 25.654312 0.250000 -8.798522
v 25.654312 0.375000 -8.798522
v 25.658436 0.250000 -8.794208
v 25.658436 0.375000 -8.794208
v 25.662130 0.250000 -8.789172
v 25.662130 0.375000 -8.789172
v 25.665430 0.250000 -8.783366
v 25.665430 0.375000 -8.783366
v 25.670984 0.250000 -8.769238
v 25.670984 0.375000 -8.769238
v 25.670984 0.500000 -8.769238
v 25.670984 0.625000 -8.769238
v 25.670984 0.750000 -8.769238
v 25.665430 0.750000 -8.783366
v 25.665430 0.875000 -8.783366
v 25.662130 0.875000 -8.789172
v 25.662130 1.000000 -8.789172
v 25.658436 1.000000 -8.794208
v 25.549170 0.000000 -8.893252
v 25.549170 0.125000 -8.893252
v 25.549572 0.000000 -8.878069
v 25.549572 0.125000 -8.878069
v 25.551579 0.000000 -8.860673
v 25.551579 0.125000 -8.860673
v 25.556019 0.000000 -8.843280
v 25.556019 0.125000 -8.843280
v 25.559412 0.000000 -8.835279
v 25.559412 0.125000 -8.835279
v 25.563726 0.000000 -8.828111
v 25.563726 0.125000 -8.828111
v 25.566261 0.000000 -8.824925
v 25.566261 0.125000 -8.824925
v 25.569065 0.000000 -8.822053
v 25.569065 0.125000 -8.822053
v 25.572151 0.000000 -8.819527
v 25.572151 0.125000 -8.819527
v 25.575533 0.000000 -8.817382
v 25.575533 0.125000 -8.817382
v 25.579222 0.000000 -8.815654
v 25.579222 0.125000 -8.815654
v 25.583233 0.000000 -8.814377
v 25.583233 0.125000 -8.814377
v 25.587576 0.000000 -8.813584
v 25.587576 0.125000 -8.813584
v 25.592268 0.000000 -8.813313
v 25.592268 0.125000 -8.813313
v 25.610575 0.000000 -8.812819
v 25.610575 0.125000 -8.812819
v 25.626070 0.000000 -8.811068
v 25.626070 0.125000 -8.811068
v 25.632849 0.000000 -8.809593
v 25.632849 0.125000 -8.809593
v 25.639030 0.000000 -8.807652
v 25.639030 0.125000 -8.807652
v 25.644644 0.000000 -8.805194
v 25.644644 0.125000 -8.805194
v 25.649727 0.000000 -8.802167
v 25.649727 0.125000 -8.802167
v 25.654312 0.000000 -8.798522
v 25.654312 0.125000 -8.798522
v 25.658436 0.000000 -8.794208
v 25.658436 0.125000 -8.794208
v 25.662130 0.000000 -8.789172
v 25.662130 0.125000 -8.789172
v 25.665430 0.000000 -8.783366
v 25.665430 0.125000 -8.783366
v 25.670984 0.000000 -8.769238
v 25.670984 0.125000 -8.769238
v 25.670984 0.875000 -8.769238
v 25.670984 1.000000 -8.769238
v 25.665430 1.000000 -8.783366
v 25.658436 0.875000 -8.794208
v 25.654312 1.000000 -8.798522
v 25.654312 0.875000 -8.798522
v 25.649727 1.000000 -8.802167
v 25.649727 0.875000 -8.802167
v 25.644644 1.000000 -8.805194
v 25.644644 0.875000 -8.805194
v 25.639030 1.000000 -8.807652
v 25.639030 0.875000 -8.807652
v 25.632849 1.000000 -8.809593
v 25.632849 0.875000 -8.809593
v 25.626070 1.000000 -8.811068
v 25.626070 0.875000 -8.811068
v 25.610575 1.000000 -8.812819
v 25.610575 0.875000 -8.812819
v 25.592268 1.000000 -8.813313
v 25.592268 0.875000 -8.813313
v 25.587576 1.000000 -8.813584
v 25.587576 0.875000 -8.813584
v 25.583233 1.000000 -8.814377
v 25.583233 0.875000 -8.814377
v 25.579222 1.000000 -8.815654
v 25.579222 0.875000 -8.815654
v 25.575533 1.000000 -8.817382
v 25.575533 0.875000 -8.817382
v 25.572151 1.000000 -8.819527
v 25.572151 0.875000 -8.819527
v 25.569065 1.000000 -8.822053
v 25.569065 0.875000 -8.822053
v 25.566261 1.000000 -8.824925
v 25.566261 0.875000 -8.824925
v 25.563726 1.000000 -8.828111
v 25.563726 0.875000 -8.828111
v 25.559412 1.000000 -8.835279
v 25.559412 0.875000 -8.835279
v 25.556019 1.000000 -8.843280
v 25.556019 0.875000 -8.843280
v 25.551579 1.000000 -8.860673
v 25.551579 0.875000 -8.860673
v 25.549572 1.000000 -8.878069
v 25.549572 0.875000 -8.878069
v 25.549170 1.000000 -8.893252
v 25.549170 0.875000 -8.893252
v 25.549540 1.000000 -8.904003
v 25.549540 0.875000 -8.904003
v 25.549850 1.000000 -8.908103
v 25.549540 0.750000 -8.904003
v 25.549540 0.625000 -8.904003
v 25.549170 0.625000 -8.893252
v 25.549170 0.500000 -8.893252
v 25.549572 0.500000 -8.878069
v 25.549540 0.500000 -8.904003
v 25.549170 0.750000 -8.893252
v 25.549572 0.750000 -8.878069
v 25.549572 0.625000 -8.878069
v 25.551579 0.750000 -8.860673
v 25.551579 0.625000 -8.860673
v 25.551579 0.500000 -8.860673
v 25.556019 0.750000 -8.843280
v 25.556019 0.625000 -8.843280
v 25.556019 0.500000 -8.843280
v 25.559412 0.750000 -8.835279
v 25.559412 0.625000 -8.835279
v 25.559412 0.500000 -8.835279
v 25.563726 0.750000 -8.828111
v 25.563726 0.625000 -8.828111
v 25.563726 0.500000 -8.828111
v 25.566261 0.750000 -8.824925
v 25.566261 0.625000 -8.824925
v 25.566261 0.500000 -8.824925
v 25.569065 0.750000 -8.822053
v 25.569065 0.625000 -8.822053
v 25.569065 0.500000 -8.822053
v 25.572151 0.750000 -8.819527
v 25.572151 0.625000 -8.819527
v 25.572151 0.500000 -8.819527
v 25.575533 0.750000 -8.817382
v 25.575533 0.625000 -8.817382
v 25.575533 0.500000 -8.817382
v 25.579222 0.750000 -8.815654
v 25.579222 0.625000 -8.815654
v 25.579222 0.500000 -8.815654
v 25.583233 0.750000 -8.814377
v 25.583233 0.625000 -8.814377
v 25.583233 0.500000 -8.814377
v 25.587576 0.750000 -8.813584
v 25.587576 0.625000 -8.813584
v 25.587576 0.500000 -8.813584
v 25.592268 0.750000 -8.813313
v 25.592268 0.625000 -8.813313
v 25.592268 0.500000 -8.813313
v 25.610575 0.750000 -8.812819
v 25.610575 0.625000 -8.812819
v 25.610575 0.500000 -8.812819
v 25.626070 0.750000 -8.811068
v 25.626070 0.625000 -8.811068
v 25.626070 0.500000 -8.811068
v 25.632849 0.750000 -8.809593
v 25.632849 0.625000 -8.809593
v 25.632849 0.500000 -8.809593
v 25.639030 0.750000 -8.807652
v 25.639030 0.625000 -8.807652
v 25.639030 0.500000 -8.807652
v 25.644644 0.750000 -8.805194
v 25.644644 0.625000 -8.805194
v 25.644644 0.500000 -8.805194
v 25.649727 0.750000 -8.802167
v 25.649727 0.625000 -8.802167
v 25.649727 0.500000 -8.802167
v 25.654312 0.750000 -8.798522
v 25.654312 0.625000 -8.798522
v 25.654312 0.500000 -8.798522
v 25.658436 0.750000 -8.794208
v 25.658436 0.625000 -8.794208
v 25.658436 0.500000 -8.794208
v 25.662130 0.750000 -8.789172
v 25.662130 0.625000 -8.789172
v 25.662130 0.500000 -8.789172
v 25.665430 0.500000 -8.783366
v 25.665430 0.625000 -8.783366
v 24.505857 0.000000 -8.678268
v 24.582911 0.000000 -8.692903
v 24.505857 1.000000 -8.678268
v 24.582911 1.000000 -8.692903
v 24.664520 0.000000 -8.709140
v 24.664520 1.000000 -8.709140
v 24.836153 0.000000 -8.745018
v 24.836153 1.000000 -8.745018
v 25.010244 0.000000 -8.783094
v 25.010244 1.000000 -8.783094
v 25.176289 0.000000 -8.820559
v 25.176289 1.000000 -8.820559
v 25.253010 0.000000 -8.838182
v 25.253010 1.000000 -8.838182
v 25.323780 0.000000 -8.854601
v 25.323780 1.000000 -8.854601
v 25.387283 0.000000 -8.869461
v 25.387283 1.000000 -8.869461
v 25.442207 0.000000 -8.882412
v 25.442207 1.000000 -8.882412
v 25.487240 0.000000 -8.893104
v 25.487240 1.000000 -8.893104
v 25.521067 0.000000 -8.901183
v 25.521067 1.000000 -8.901183
v 25.542376 0.000000 -8.906300
v 25.542376 1.000000 -8.906300
v 23.336342 0.000000 -8.835387
v 23.338636 0.000000 -8.834707
v 23.336342 1.000000 -8.835387
v 23.338636 1.000000 -8.834707
v 23.345238 0.000000 -8.832776
v 23.345238 1.000000 -8.832776
v 23.355934 0.000000 -8.829692
v 23.355934 1.000000 -8.829692
v 23.370518 0.000000 -8.825552
v 23.370518 1.000000 -8.825552
v 23.410507 0.000000 -8.814497
v 23.410507 1.000000 -8.814497
v 23.463528 0.000000 -8.800393
v 23.463528 1.000000 -8.800393
v 23.527903 0.000000 -8.784023
v 23.527903 1.000000 -8.784023
v 23.601955 0.000000 -8.766171
v 23.601955 1.000000 -8.766171
v 23.684008 0.000000 -8.747619
v 23.684008 1.000000 -8.747619
v 23.772385 0.000000 -8.729149
v 23.772385 1.000000 -8.729149
v 23.961405 0.000000 -8.695585
v 23.961405 1.000000 -8.695585
v 24.155600 0.000000 -8.671744
v 24.155600 1.000000 -8.671744
v 24.250446 0.000000 -8.665425
v 24.250446 1.000000 -8.665425
v 24.341555 0.000000 -8.663884
v 24.341555 1.000000 -8.663884
v 24.427252 0.000000 -8.667905
v 24.427252 1.000000 -8.667905
v 23.220341 0.000000 -7.895273
v 23.237194 0.000000 -8.000481
v 23.220341 1.000000 -7.895273
v 23.237194 1.000000 -8.000481
v 23.252417 0.000000 -8.100561
v 23.252417 1.000000 -8.100561
v 23.266083 0.000000 -8.195286
v 23.266083 1.000000 -8.195286
v 23.278271 0.000000 -8.284427
v 23.278271 1.000000 -8.284427
v 23.289053 0.000000 -8.367756
v 23.289053 1.000000 -8.367756
v 23.298504 0.000000 -8.445044
v 23.298504 1.000000 -8.445044
v 23.306702 0.000000 -8.516062
v 23.306702 1.000000 -8.516062
v 23.313717 0.000000 -8.580582
v 23.313717 1.000000 -8.580582
v 23.319628 0.000000 -8.638375
v 23.319628 1.000000 -8.638375
v 23.324509 0.000000 -8.689214
v 23.324509 1.000000 -8.689214
v 23.328432 0.000000 -8.732868
v 23.328432 1.000000 -8.732868
v 23.331476 0.000000 -8.769111
v 23.331476 1.000000 -8.769111
v 23.333714 0.000000 -8.797712
v 23.333714 1.000000 -8.797712
v 23.335220 0.000000 -8.818445
v 23.335220 1.000000 -8.818445
v 23.336071 0.000000 -8.831079
v 23.336071 1.000000 -8.831079
v 23.074043 0.000000 -5.784778
v 23.064899 0.000000 -5.812597
v 23.074043 1.000000 -5.784778
v 23.064899 1.000000 -5.812597
v 23.059639 0.000000 -5.840878
v 23.059639 1.000000 -5.840878
v 23.057487 0.000000 -5.896936
v 23.057487 1.000000 -5.896936
v 23.061018 0.000000 -5.949180
v 23.061018 1.000000 -5.949180
v 23.063656 0.000000 -5.993836
v 23.063656 1.000000 -5.993836
v 23.065279 0.000000 -6.030465
v 23.065279 1.000000 -6.030465
v 23.068850 0.000000 -6.070664
v 23.068850 1.000000 -6.070664
v 23.070757 0.000000 -6.095349
v 23.070757 1.000000 -6.095349
v 23.072420 0.000000 -6.124823
v 23.072420 1.000000 -6.124823
v 23.073597 0.000000 -6.160383
v 23.073597 1.000000 -6.160383
v 23.074043 0.000000 -6.203328
v 23.074043 1.000000 -6.203328
v 23.074196 0.000000 -6.217514
v 23.074196 1.000000 -6.217514
v 23.074650 0.000000 -6.236543
v 23.074650 1.000000 -6.236543
v 23.075405 0.000000 -6.260180
v 23.075405 1.000000 -6.260180
v 23.076460 0.000000 -6.288189
v 23.076460 1.000000 -6.288189
v 23.077812 0.000000 -6.320338
v 23.077812 1.000000 -6.320338
v 23.079460 0.000000 -6.356391
v 23.079460 1.000000 -6.356391
v 23.083633 0.000000 -6.439270
v 23.083633 1.000000 -6.439270
v 23.088970 0.000000 -6.534948
v 23.088970 1.000000 -6.534948
v 23.095453 0.000000 -6.641549
v 23.095453 1.000000 -6.641549
v 23.103071 0.000000 -6.757195
v 23.103071 1.000000 -6.757195
v 23.111809 0.000000 -6.880009
v 23.111809 1.000000 -6.880009
v 23.132586 0.000000 -7.139630
v 23.132586 1.000000 -7.139630
v 23.157675 0.000000 -7.405394
v 23.157675 1.000000 -7.405394
v 23.171803 0.000000 -7.535886
v 23.171803 1.000000 -7.535886
v 23.186964 0.000000 -7.662282
v 23.186964 1.000000 -7.662282
v 23.203150 0.000000 -7.782703
v 23.203150 1.000000 -7.782703
v 22.981825 0.000000 -5.610447
v 22.981825 0.200000 -5.610447
v 22.980553 0.000000 -5.606451
v 22.981825 0.400000 -5.610447
v 22.981825 0.600000 -5.610447
v 22.983665 0.400000 -5.614564
v 22.983665 0.600000 -5.614564
v 22.988865 0.400000 -5.623149
v 22.988865 0.600000 -5.623149
v 23.004047 0.400000 -5.641679
v 23.004047 0.600000 -5.641679
v 23.043205 0.400000 -5.683765
v 23.043205 0.600000 -5.683765
v 23.061277 0.400000 -5.707088
v 23.061277 0.600000 -5.707088
v 23.068645 0.400000 -5.719269
v 23.068645 0.600000 -5.719269
v 23.074409 0.400000 -5.731776
v 23.074409 0.600000 -5.731776
v 23.078199 0.400000 -5.744595
v 23.078199 0.600000 -5.744595
v 23.079241 0.400000 -5.751117
v 23.079241 0.600000 -5.751117
v 23.079649 0.400000 -5.757711
v 23.079649 0.600000 -5.757711
v 23.079380 0.400000 -5.764377
v 23.079380 0.600000 -5.764377
v 23.078386 0.400000 -5.771111
v 23.078386 0.600000 -5.771111
v 23.076624 0.400000 -5.777912
v 23.076624 0.600000 -5.777912
v 23.076624 0.800000 -5.777912
v 23.076624 1.000000 -5.777912
v 23.078386 1.000000 -5.771111
v 22.983665 0.000000 -5.614564
v 22.983665 0.200000 -5.614564
v 22.988865 0.000000 -5.623149
v 22.988865 0.200000 -5.623149
v 23.004047 0.000000 -5.641679
v 23.004047 0.200000 -5.641679
v 23.043205 0.000000 -5.683765
v 23.043205 0.200000 -5.683765
v 23.061277 0.000000 -5.707088
v 23.061277 0.200000 -5.707088
v 23.068645 0.000000 -5.719269
v 23.068645 0.200000 -5.719269
v 23.074409 0.000000 -5.731776
v 23.074409 0.200000 -5.731776
v 23.078199 0.000000 -5.744595
v 23.078199 0.200000 -5.744595
v 23.079241 0.000000 -5.751117
v 23.079241 0.200000 -5.751117
v 23.079649 0.000000 -5.757711
v 23.079649 0.200000 -5.757711
v 23.079380 0.000000 -5.764377
v 23.079380 0.200000 -5.764377
v 23.078386 0.000000 -5.771111
v 23.078386 0.200000 -5.771111
v 23.076624 0.000000 -5.777912
v 23.076624 0.200000 -5.777912
v 23.078386 0.800000 -5.771111
v 23.079380 1.000000 -5.764377
v 23.079380 0.800000 -5.764377
v 23.079649 1.000000 -5.757711
v 23.079649 0.800000 -5.757711
v 23.079241 1.000000 -5.751117
v 23.079241 0.800000 -5.751117
v 23.078199 1.000000 -5.744595
v 23.078199 0.800000 -5.744595
v 23.074409 1.000000 -5.731776
v 23.074409 0.800000 -5.731776
v 23.068645 1.000000 -5.719269
v 23.068645 0.800000 -5.719269
v 23.061277 1.000000 -5.707088
v 23.061277 0.800000 -5.707088
v 23.043205 1.000000 -5.683765
v 23.043205 0.800000 -5.683765
v 23.004047 1.000000 -5.641679
v 23.004047 0.800000 -5.641679
v 22.988865 1.000000 -5.623149
v 22.988865 0.800000 -5.623149
v 22.983665 1.000000 -5.614564
v 22.983665 0.800000 -5.614564
v 22.981825 1.000000 -5.610447
v 22.981825 0.800000 -5.610447
v 22.980553 1.000000 -5.606451
v 23.000965 0.000000 -4.938437
v 23.000965 0.100000 -4.938437
v 23.001328 0.000000 -4.938156
v 23.000965 0.200000 -4.938437
v 23.000965 0.300000 -4.938437
v 23.000603 0.200000 -4.938770
v 23.000603 0.300000 -4.938770
v 22.999889 0.200000 -4.939594
v 22.999889 0.300000 -4.939594
v 22.999187 0.200000 -4.940625
v 22.999187 0.300000 -4.940625
v 22.998497 0.200000 -4.941861
v 22.998497 0.300000 -4.941861
v 22.997149 0.200000 -4.944930
v 22.997149 0.300000 -4.944930
v 22.995846 0.200000 -4.948776
v 22.995846 0.300000 -4.948776
v 22.991062 0.200000 -4.971399
v 22.991062 0.300000 -4.971399
v 22.986948 0.200000 -5.004343
v 22.986948 0.300000 -5.004343
v 22.983473 0.200000 -5.045925
v 22.983473 0.300000 -5.045925
v 22.980608 0.200000 -5.094464
v 22.980608 0.300000 -5.094464
v 22.978321 0.200000 -5.148277
v 22.978321 0.300000 -5.148277
v 22.975357 0.200000 -5.264999
v 22.975357 0.300000 -5.264999
v 22.974344 0.200000 -5.382635
v 22.974344 0.300000 -5.382635
v 22.974491 0.200000 -5.437589
v 22.974491 0.300000 -5.437589
v 22.975033 0.200000 -5.487726
v 22.975033 0.300000 -5.487726
v 22.975941 0.200000 -5.531363
v 22.975941 0.300000 -5.531363
v 22.977184 0.200000 -5.566817
v 22.977184 0.300000 -5.566817
v 22.978731 0.200000 -5.592407
v 22.978731 0.300000 -5.592407
v 22.978731 0.400000 -5.592407
v 22.978731 0.500000 -5.592407
v 22.977184 0.500000 -5.566817
v 22.977184 0.600000 -5.566817
v 22.975941 0.600000 -5.531363
v 22.975941 0.700000 -5.531363
v 22.975033 0.700000 -5.487726
v 22.975033 0.800000 -5.487726
v 22.974491 0.800000 -5.437589
v 22.974491 0.900000 -5.437589
v 22.974344 0.900000 -5.382635
v 22.974344 1.000000 -5.382635
v 22.975357 1.000000 -5.264999
v 23.000603 0.000000 -4.938770
v 23.000603 0.100000 -4.938770
v 22.999889 0.000000 -4.939594
v 22.999889 0.100000 -4.939594
v 22.999187 0.000000 -4.940625
v 22.999187 0.100000 -4.940625
v 22.998497 0.000000 -4.941861
v 22.998497 0.100000 -4.941861
v 22.997149 0.000000 -4.944930
v 22.997149 0.100000 -4.944930
v 22.995846 0.000000 -4.948776
v 22.995846 0.100000 -4.948776
v 22.991062 0.000000 -4.971399
v 22.991062 0.100000 -4.971399
v 22.986948 0.000000 -5.004343
v 22.986948 0.100000 -5.004343
v 22.983473 0.000000 -5.045925
v 22.983473 0.100000 -5.045925
v 22.980608 0.000000 -5.094464
v 22.980608 0.100000 -5.094464
v 22.978321 0.000000 -5.148277
v 22.978321 0.100000 -5.148277
v 22.975357 0.000000 -5.264999
v 22.975357 0.100000 -5.264999
v 22.974344 0.000000 -5.382635
v 22.974344 0.100000 -5.382635
v 22.974491 0.000000 -5.437589
v 22.974491 0.100000 -5.437589
v 22.975033 0.000000 -5.487726
v 22.975033 0.100000 -5.487726
v 22.975941 0.000000 -5.531363
v 22.975941 0.100000 -5.531363
v 22.977184 0.000000 -5.566817
v 22.977184 0.100000 -5.566817
v 22.978731 0.000000 -5.592407
v 22.978731 0.100000 -5.592407
v 22.978731 0.600000 -5.592407
v 22.977184 0.700000 -5.566817
v 22.975941 0.800000 -5.531363
v 22.975033 0.900000 -5.487726
v 22.974491 1.000000 -5.437589
v 22.978731 1.000000 -5.592407
v 22.978731 0.900000 -5.592407
v 22.978731 0.800000 -5.592407
v 22.978731 0.700000 -5.592407
v 22.977184 0.800000 -5.566817
v 22.977184 1.000000 -5.566817
v 22.977184 0.900000 -5.566817
v 22.975941 1.000000 -5.531363
v 22.975941 0.900000 -5.531363
v 22.975033 1.000000 -5.487726
v 22.975357 0.900000 -5.264999
v 22.978321 1.000000 -5.148277
v 22.978321 0.900000 -5.148277
v 22.980608 1.000000 -5.094464
v 22.980608 0.900000 -5.094464
v 22.983473 1.000000 -5.045925
v 22.983473 0.900000 -5.045925
v 22.986948 1.000000 -5.004343
v 22.986948 0.900000 -5.004343
v 22.991062 1.000000 -4.971399
v 22.991062 0.900000 -4.971399
v 22.995846 1.000000 -4.948776
v 22.995846 0.900000 -4.948776
v 22.997149 1.000000 -4.944930
v 22.997149 0.900000 -4.944930
v 22.998497 1.000000 -4.941861
v 22.998497 0.900000 -4.941861
v 22.999187 1.000000 -4.940625
v 22.999187 0.900000 -4.940625
v 22.999889 1.000000 -4.939594
v 22.999889 0.900000 -4.939594
v 23.000603 1.000000 -4.938770
v 23.000603 0.900000 -4.938770
v 23.000965 1.000000 -4.938437
v 23.000965 0.900000 -4.938437
v 23.001328 1.000000 -4.938156
v 23.000965 0.800000 -4.938437
v 23.000965 0.700000 -4.938437
v 23.000603 0.700000 -4.938770
v 23.000603 0.600000 -4.938770
v 22.999889 0.600000 -4.939594
v 22.999889 0.500000 -4.939594
v 22.999187 0.500000 -4.940625
v 22.999187 0.400000 -4.940625
v 22.998497 0.400000 -4.941861
v 23.000965 0.500000 -4.938437
v 23.000965 0.600000 -4.938437
v 23.000965 0.400000 -4.938437
v 23.000603 0.400000 -4.938770
v 23.000603 0.500000 -4.938770
v 22.999889 0.400000 -4.939594
v 23.000603 0.800000 -4.938770
v 22.999889 0.800000 -4.939594
v 22.999889 0.700000 -4.939594
v 22.999187 0.800000 -4.940625
v 22.999187 0.700000 -4.940625
v 22.999187 0.600000 -4.940625
v 22.998497 0.800000 -4.941861
v 22.998497 0.700000 -4.941861
v 22.998497 0.600000 -4.941861
v 22.998497 0.500000 -4.941861
v 22.997149 0.800000 -4.944930
v 22.997149 0.700000 -4.944930
v 22.997149 0.600000 -4.944930
v 22.997149 0.500000 -4.944930
v 22.997149 0.400000 -4.944930
v 22.995846 0.800000 -4.948776
v 22.995846 0.700000 -4.948776
v 22.995846 0.600000 -4.948776
v 22.995846 0.500000 -4.948776
v 22.995846 0.400000 -4.948776
v 22.991062 0.800000 -4.971399
v 22.991062 0.700000 -4.971399
v 22.991062 0.600000 -4.971399
v 22.991062 0.500000 -4.971399
v 22.991062 0.400000 -4.971399
v 22.986948 0.800000 -5.004343
v 22.986948 0.700000 -5.004343
v 22.986948 0.600000 -5.004343
v 22.986948 0.500000 -5.004343
v 22.986948 0.400000 -5.004343
v 22.983473 0.800000 -5.045925
v 22.983473 0.700000 -5.045925
v 22.983473 0.600000 -5.045925
v 22.983473 0.500000 -5.045925
v 22.983473 0.400000 -5.045925
v 22.980608 0.800000 -5.094464
v 22.980608 0.700000 -5.094464
v 22.980608 0.600000 -5.094464
v 22.980608 0.500000 -5.094464
v 22.980608 0.400000 -5.094464
v 22.978321 0.800000 -5.148277
v 22.978321 0.700000 -5.148277
v 22.978321 0.600000 -5.148277
v 22.978321 0.500000 -5.148277
v 22.978321 0.400000 -5.148277
v 22.975357 0.800000 -5.264999
v 22.975357 0.700000 -5.264999
v 22.975357 0.600000 -5.264999
v 22.975357 0.500000 -5.264999
v 22.975357 0.400000 -5.264999
v 22.974344 0.800000 -5.382635
v 22.974344 0.700000 -5.382635
v 22.974344 0.600000 -5.382635
v 22.974344 0.500000 -5.382635
v 22.974344 0.400000 -5.382635
v 22.977184 0.400000 -5.566817
v 22.975941 0.400000 -5.531363
v 22.975941 0.500000 -5.531363
v 22.975033 0.400000 -5.487726
v 22.975033 0.500000 -5.487726
v 22.975033 0.600000 -5.487726
v 22.974491 0.400000 -5.437589
v 22.974491 0.500000 -5.437589
v 22.974491 0.600000 -5.437589
v 22.974491 0.700000 -5.437589
v 22.971786 0.000000 -4.762491
v 22.971786 0.333333 -4.762491
v 22.959776 0.000000 -4.708322
v 22.971786 0.666667 -4.762491
v 22.959776 1.000000 -4.708322
v 22.971786 1.000000 -4.762491
v 22.983799 0.666667 -4.807718
v 22.983799 1.000000 -4.807718
v 22.994835 0.666667 -4.844839
v 22.994835 1.000000 -4.844839
v 23.003925 0.666667 -4.874692
v 23.003925 1.000000 -4.874692
v 23.010094 0.666667 -4.898113
v 23.010094 1.000000 -4.898113
v 23.011776 0.666667 -4.907673
v 23.011776 1.000000 -4.907673
v 23.012365 0.666667 -4.915939
v 23.012365 1.000000 -4.915939
v 23.012211 0.666667 -4.919620
v 23.012211 1.000000 -4.919620
v 23.011736 0.666667 -4.923016
v 23.011736 1.000000 -4.923016
v 23.010927 0.666667 -4.926141
v 23.010927 1.000000 -4.926141
v 23.009768 0.666667 -4.929008
v 23.009768 1.000000 -4.929008
v 23.008244 0.666667 -4.931630
v 23.008244 1.000000 -4.931630
v 23.006340 0.666667 -4.934020
v 23.006340 1.000000 -4.934020
v 23.004040 0.666667 -4.936191
v 23.004040 1.000000 -4.936191
v 23.004040 0.333333 -4.936191
v 23.004040 0.000000 -4.936191
v 23.006340 0.333333 -4.934020
v 23.006340 0.000000 -4.934020
v 23.008244 0.333333 -4.931630
v 23.008244 0.000000 -4.931630
v 23.009768 0.333333 -4.929008
v 23.009768 0.000000 -4.929008
v 23.010927 0.333333 -4.926141
v 23.010927 0.000000 -4.926141
v 23.011736 0.333333 -4.923016
v 23.011736 0.000000 -4.923016
v 23.012211 0.333333 -4.919620
v 23.012211 0.000000 -4.919620
v 23.012365 0.333333 -4.915939
v 23.012365 0.000000 -4.915939
v 23.011776 0.333333 -4.907673
v 23.011776 0.000000 -4.907673
v 23.010094 0.333333 -4.898113
v 23.010094 0.000000 -4.898113
v 23.003925 0.333333 -4.874692
v 23.003925 0.000000 -4.874692
v 22.994835 0.333333 -4.844839
v 22.994835 0.000000 -4.844839
v 22.983799 0.333333 -4.807718
v 22.983799 0.000000 -4.807718
v 23.053268 0.000000 -4.050848
v 23.015129 0.000000 -4.126517
v 23.053268 1.000000 -4.050848
v 23.015129 1.000000 -4.126517
v 22.985949 0.000000 -4.210732
v 22.985949 1.000000 -4.210732
v 22.965025 0.000000 -4.300152
v 22.965025 1.000000 -4.300152
v 22.951660 0.000000 -4.391433
v 22.951660 1.000000 -4.391433
v 22.945152 0.000000 -4.481234
v 22.945152 1.000000 -4.481234
v 22.944803 0.000000 -4.566210
v 22.944803 1.000000 -4.566210
v 22.949911 0.000000 -4.643020
v 22.949911 1.000000 -4.643020
v 23.065659 0.000000 -3.561217
v 23.065659 0.250000 -3.561217
v 23.063656 0.000000 -3.559582
v 23.065659 0.500000 -3.561217
v 23.063656 1.000000 -3.559582
v 23.065659 0.750000 -3.561217
v 23.065659 1.000000 -3.561217
v 23.067684 0.750000 -3.563196
v 23.067684 1.000000 -3.563196
v 23.071795 0.750000 -3.568157
v 23.071795 1.000000 -3.568157
v 23.080111 0.750000 -3.581880
v 23.080111 1.000000 -3.581880
v 23.088314 0.750000 -3.600282
v 23.088314 1.000000 -3.600282
v 23.096119 0.750000 -3.622890
v 23.096119 1.000000 -3.622890
v 23.109367 0.750000 -3.678843
v 23.109367 1.000000 -3.678843
v 23.117544 0.750000 -3.745971
v 23.117544 1.000000 -3.745971
v 23.118336 0.750000 -3.820503
v 23.118336 1.000000 -3.820503
v 23.109428 0.750000 -3.898673
v 23.109428 1.000000 -3.898673
v 23.088511 0.750000 -3.976711
v 23.088511 1.000000 -3.976711
v 23.072824 0.750000 -4.014503
v 23.072824 1.000000 -4.014503
v 23.072824 0.500000 -4.014503
v 23.072824 0.250000 -4.014503
v 23.072824 0.000000 -4.014503
v 23.088511 0.250000 -3.976711
v 23.088511 0.000000 -3.976711
v 23.109428 0.250000 -3.898673
v 23.109428 0.000000 -3.898673
v 23.118336 0.250000 -3.820503
v 23.118336 0.000000 -3.820503
v 23.117544 0.250000 -3.745971
v 23.117544 0.000000 -3.745971
v 23.109367 0.250000 -3.678843
v 23.109367 0.000000 -3.678843
v 23.096119 0.250000 -3.622890
v 23.096119 0.000000 -3.622890
v 23.088314 0.250000 -3.600282
v 23.088314 0.000000 -3.600282
v 23.080111 0.250000 -3.581880
v 23.080111 0.000000 -3.581880
v 23.071795 0.250000 -3.568157
v 23.071795 0.000000 -3.568157
v 23.067684 0.250000 -3.563196
v 23.067684 0.000000 -3.563196
v 23.088511 0.500000 -3.976711
v 23.109428 0.500000 -3.898673
v 23.118336 0.500000 -3.820503
v 23.117544 0.500000 -3.745971
v 23.109367 0.500000 -3.678843
v 23.096119 0.500000 -3.622890
v 23.088314 0.500000 -3.600282
v 23.080111 0.500000 -3.581880
v 23.071795 0.500000 -3.568157
v 23.067684 0.500000 -3.563196
v 23.022114 0.000000 -3.320451
v 23.022114 0.250000 -3.320451
v 23.022104 0.000000 -3.318061
v 23.022114 0.500000 -3.320451
v 23.022104 1.000000 -3.318061
v 23.022114 0.750000 -3.320451
v 23.022114 1.000000 -3.320451
v 23.022184 0.750000 -3.327167
v 23.022184 1.000000 -3.327167
v 23.022753 0.750000 -3.351322
v 23.022753 1.000000 -3.351322
v 23.024296 0.750000 -3.386012
v 23.024296 1.000000 -3.386012
v 23.027298 0.750000 -3.426726
v 23.027298 1.000000 -3.426726
v 23.032249 0.750000 -3.468952
v 23.032249 1.000000 -3.468952
v 23.039633 0.750000 -3.508178
v 23.039633 1.000000 -3.508178
v 23.044392 0.750000 -3.525256
v 23.044392 1.000000 -3.525256
v 23.049940 0.750000 -3.539892
v 23.049940 1.000000 -3.539892
v 23.053030 0.750000 -3.546118
v 23.053030 1.000000 -3.546118
v 23.056341 0.750000 -3.551522
v 23.056341 1.000000 -3.551522
v 23.059881 0.750000 -3.556034
v 23.059881 1.000000 -3.556034
v 23.059881 0.500000 -3.556034
v 23.059881 0.250000 -3.556034
v 23.059881 0.000000 -3.556034
v 23.056341 0.250000 -3.551522
v 23.056341 0.000000 -3.551522
v 23.053030 0.250000 -3.546118
v 23.053030 0.000000 -3.546118
v 23.049940 0.250000 -3.539892
v 23.049940 0.000000 -3.539892
v 23.044392 0.250000 -3.525256
v 23.044392 0.000000 -3.525256
v 23.039633 0.250000 -3.508178
v 23.039633 0.000000 -3.508178
v 23.032249 0.250000 -3.468952
v 23.032249 0.000000 -3.468952
v 23.027298 0.250000 -3.426726
v 23.027298 0.000000 -3.426726
v 23.024296 0.250000 -3.386012
v 23.024296 0.000000 -3.386012
v 23.022753 0.250000 -3.351322
v 23.022753 0.000000 -3.351322
v 23.022184 0.250000 -3.327167
v 23.022184 0.000000 -3.327167
v 23.056341 0.500000 -3.551522
v 23.053030 0.500000 -3.546118
v 23.049940 0.500000 -3.539892
v 23.044392 0.500000 -3.525256
v 23.039633 0.500000 -3.508178
v 23.032249 0.500000 -3.468952
v 23.027298 0.500000 -3.426726
v 23.024296 0.500000 -3.386012
v 23.022753 0.500000 -3.351322
v 23.022184 0.500000 -3.327167
v 23.063656 0.000000 -3.192539
v 23.063656 1.000000 -3.192539
v 23.137562 0.000000 -2.280344
v 23.137562 1.000000 -2.280344
v 23.148125 0.000000 -2.314225
v 23.148125 1.000000 -2.314225
v 23.157446 0.000000 -2.354373
v 23.157446 1.000000 -2.354373
v 23.165304 0.000000 -2.400231
v 23.165304 1.000000 -2.400231
v 23.171473 0.000000 -2.451240
v 23.171473 1.000000 -2.451240
v 23.175728 0.000000 -2.506841
v 23.175728 1.000000 -2.506841
v 23.177845 0.000000 -2.566476
v 23.177845 1.000000 -2.566476
v 23.177599 0.000000 -2.629585
v 23.177599 1.000000 -2.629585
v 23.169123 0.000000 -2.763996
v 23.169123 1.000000 -2.763996
v 23.148504 0.000000 -2.905605
v 23.148504 1.000000 -2.905605
v 23.113947 0.000000 -3.049942
v 23.113947 1.000000 -3.049942
v 23.090881 0.000000 -3.121737
v 23.090881 1.000000 -3.121737
v 21.340115 0.000000 -3.225435
v 21.306013 0.000000 -3.191273
v 21.340115 1.000000 -3.225435
v 21.306013 1.000000 -3.191273
v 21.267040 0.000000 -3.151871
v 21.267040 1.000000 -3.151871
v 21.224205 0.000000 -3.107869
v 21.224205 1.000000 -3.107869
v 21.178518 0.000000 -3.059910
v 21.178518 1.000000 -3.059910
v 21.082630 0.000000 -2.954690
v 21.082630 1.000000 -2.954690
v 20.987463 0.000000 -2.841349
v 20.987463 1.000000 -2.841349
v 20.901100 0.000000 -2.725026
v 20.901100 1.000000 -2.725026
v 20.863749 0.000000 -2.667352
v 20.863749 1.000000 -2.667352
v 20.831629 0.000000 -2.610859
v 20.831629 1.000000 -2.610859
v 20.805754 0.000000 -2.556189
v 20.805754 1.000000 -2.556189
v 20.787134 0.000000 -2.503985
v 20.787134 1.000000 -2.503985
v 20.776779 0.000000 -2.454889
v 20.776779 1.000000 -2.454889
v 20.775017 0.000000 -2.431708
v 20.775017 1.000000 -2.431708
v 21.517576 0.000000 -3.569104
v 21.517416 0.000000 -3.567056
v 21.517576 1.000000 -3.569104
v 21.517416 1.000000 -3.567056
v 21.516800 0.000000 -3.561157
v 21.516800 1.000000 -3.561157
v 21.513338 0.000000 -3.538887
v 21.513338 1.000000 -3.538887
v 21.505474 0.000000 -3.504454
v 21.505474 1.000000 -3.504454
v 21.491493 0.000000 -3.460018
v 21.491493 1.000000 -3.460018
v 21.469683 0.000000 -3.407739
v 21.469683 1.000000 -3.407739
v 21.438324 0.000000 -3.349775
v 21.438324 1.000000 -3.349775
v 21.395706 0.000000 -3.288287
v 21.395706 1.000000 -3.288287
v 21.455248 0.000000 -4.029206
v 21.460905 0.000000 -3.922826
v 21.455248 1.000000 -4.029206
v 21.460905 1.000000 -3.922826
v 21.469360 0.000000 -3.830064
v 21.469360 1.000000 -3.830064
v 21.479519 0.000000 -3.751092
v 21.479519 1.000000 -3.751092
v 21.490288 0.000000 -3.686083
v 21.490288 1.000000 -3.686083
v 21.500570 0.000000 -3.635207
v 21.500570 1.000000 -3.635207
v 21.509275 0.000000 -3.598638
v 21.509275 1.000000 -3.598638
v 21.515308 0.000000 -3.576546
v 21.515308 1.000000 -3.576546
v 21.516981 0.000000 -3.570983
v 21.516981 1.000000 -3.570983
v 21.664740 0.000000 -4.645128
v 21.631203 0.000000 -4.574440
v 21.664740 1.000000 -4.645128
v 21.631203 1.000000 -4.574440
v 21.595119 0.000000 -4.508292
v 21.595119 1.000000 -4.508292
v 21.524609 0.000000 -4.376934
v 21.524609 1.000000 -4.376934
v 21.494825 0.000000 -4.305383
v 21.494825 1.000000 -4.305383
v 21.471790 0.000000 -4.225692
v 21.471790 1.000000 -4.225692
v 21.463528 0.000000 -4.181803
v 21.463528 1.000000 -4.181803
v 21.457823 0.000000 -4.134690
v 21.457823 1.000000 -4.134690
v 21.454966 0.000000 -4.083956
v 21.454966 1.000000 -4.083956
v 21.685514 0.000000 -5.324676
v 21.682760 0.000000 -5.303763
v 21.685514 1.000000 -5.324676
v 21.682760 1.000000 -5.303763
v 21.682030 0.000000 -5.276712
v 21.682030 1.000000 -5.276712
v 21.682930 0.000000 -5.244222
v 21.682930 1.000000 -5.244222
v 21.685068 0.000000 -5.206993
v 21.685068 1.000000 -5.206993
v 21.691494 0.000000 -5.121113
v 21.691494 1.000000 -5.121113
v 21.698175 0.000000 -5.024669
v 21.698175 1.000000 -5.024669
v 21.701975 0.000000 -4.923253
v 21.701975 1.000000 -4.923253
v 21.699759 0.000000 -4.822461
v 21.699759 1.000000 -4.822461
v 21.688391 0.000000 -4.727888
v 21.688391 1.000000 -4.727888
v 21.678297 0.000000 -4.684681
v 21.678297 1.000000 -4.684681
v 21.570381 1.000000 -5.492183
v 21.570381 0.000000 -5.492183
v 21.608822 0.500000 -5.466132
v 21.608822 0.000000 -5.466132
v 21.630548 0.000000 -5.450215
v 21.630548 0.500000 -5.450215
v 21.651321 0.000000 -5.431802
v 21.651321 0.500000 -5.431802
v 21.660734 0.000000 -5.421527
v 21.660734 0.500000 -5.421527
v 21.669172 0.000000 -5.410469
v 21.669172 0.500000 -5.410469
v 21.676386 0.000000 -5.398573
v 21.676386 0.500000 -5.398573
v 21.682133 0.000000 -5.385787
v 21.682133 0.500000 -5.385787
v 21.686165 0.000000 -5.372057
v 21.686165 0.500000 -5.372057
v 21.688236 0.000000 -5.357331
v 21.688236 0.500000 -5.357331
v 21.688103 0.000000 -5.341556
v 21.688103 0.500000 -5.341556
v 21.688103 1.000000 -5.341556
v 21.688236 1.000000 -5.357331
v 21.686165 1.000000 -5.372057
v 21.682133 1.000000 -5.385787
v 21.676386 1.000000 -5.398573
v 21.669172 1.000000 -5.410469
v 21.660734 1.000000 -5.421527
v 21.651321 1.000000 -5.431802
v 21.630548 1.000000 -5.450215
v 21.608822 1.000000 -5.466132
v 21.579576 0.000000 -5.572000
v 21.579576 0.166667 -5.572000
v 21.591158 0.000000 -5.596063
v 21.579576 0.333333 -5.572000
v 21.579576 0.500000 -5.572000
v 21.568798 0.333333 -5.553537
v 21.568798 0.500000 -5.553537
v 21.559704 0.333333 -5.539456
v 21.559704 0.500000 -5.539456
v 21.553175 0.333333 -5.528541
v 21.553175 0.500000 -5.528541
v 21.551149 0.333333 -5.523890
v 21.551149 0.500000 -5.523890
v 21.550495 0.333333 -5.521699
v 21.550495 0.500000 -5.521699
v 21.550097 0.333333 -5.519573
v 21.550097 0.500000 -5.519573
v 21.549969 0.333333 -5.517493
v 21.549969 0.500000 -5.517493
v 21.550127 0.333333 -5.515439
v 21.550127 0.500000 -5.515439
v 21.550583 0.333333 -5.513393
v 21.550583 0.500000 -5.513393
v 21.551350 0.333333 -5.511335
v 21.551350 0.500000 -5.511335
v 21.552443 0.333333 -5.509248
v 21.552443 0.500000 -5.509248
v 21.553877 0.333333 -5.507111
v 21.553877 0.500000 -5.507111
v 21.557817 0.333333 -5.502611
v 21.557817 0.500000 -5.502611
v 21.568798 0.000000 -5.553537
v 21.568798 0.166667 -5.553537
v 21.559704 0.000000 -5.539456
v 21.559704 0.166667 -5.539456
v 21.553175 0.000000 -5.528541
v 21.553175 0.166667 -5.528541
v 21.551149 0.000000 -5.523890
v 21.551149 0.166667 -5.523890
v 21.550495 0.000000 -5.521699
v 21.550495 0.166667 -5.521699
v 21.550097 0.000000 -5.519573
v 21.550097 0.166667 -5.519573
v 21.549969 0.000000 -5.517493
v 21.549969 0.166667 -5.517493
v 21.550127 0.000000 -5.515439
v 21.550127 0.166667 -5.515439
v 21.550583 0.000000 -5.513393
v 21.550583 0.166667 -5.513393
v 21.551350 0.000000 -5.511335
v 21.551350 0.166667 -5.511335
v 21.552443 0.000000 -5.509248
v 21.552443 0.166667 -5.509248
v 21.553877 0.000000 -5.507111
v 21.553877 0.166667 -5.507111
v 21.557817 0.000000 -5.502611
v 21.557817 0.166667 -5.502611
v 21.557817 1.000000 -5.502611
v 21.557817 0.833333 -5.502611
v 21.557817 0.666667 -5.502611
v 21.553877 0.666667 -5.507111
v 21.552443 0.666667 -5.509248
v 21.551350 0.666667 -5.511335
v 21.550583 0.666667 -5.513393
v 21.550127 0.666667 -5.515439
v 21.549969 0.666667 -5.517493
v 21.550097 0.666667 -5.519573
v 21.550495 0.666667 -5.521699
v 21.551149 0.666667 -5.523890
v 21.553175 0.666667 -5.528541
v 21.559704 0.666667 -5.539456
v 21.568798 0.666667 -5.553537
v 21.579576 0.666667 -5.572000
v 21.591158 1.000000 -5.596063
v 21.553877 1.000000 -5.507111
v 21.553877 0.833333 -5.507111
v 21.552443 1.000000 -5.509248
v 21.552443 0.833333 -5.509248
v 21.551350 1.000000 -5.511335
v 21.551350 0.833333 -5.511335
v 21.550583 1.000000 -5.513393
v 21.550583 0.833333 -5.513393
v 21.550127 1.000000 -5.515439
v 21.550127 0.833333 -5.515439
v 21.549969 1.000000 -5.517493
v 21.549969 0.833333 -5.517493
v 21.550097 1.000000 -5.519573
v 21.550097 0.833333 -5.519573
v 21.550495 1.000000 -5.521699
v 21.550495 0.833333 -5.521699
v 21.551149 1.000000 -5.523890
v 21.551149 0.833333 -5.523890
v 21.553175 1.000000 -5.528541
v 21.553175 0.833333 -5.528541
v 21.559704 1.000000 -5.539456
v 21.559704 0.833333 -5.539456
v 21.568798 1.000000 -5.553537
v 21.568798 0.833333 -5.553537
v 21.579576 1.000000 -5.572000
v 21.579576 0.833333 -5.572000
v 21.539217 0.000000 -5.983016
v 21.551640 0.000000 -5.903615
v 21.539217 1.000000 -5.983016
v 21.551640 1.000000 -5.903615
v 21.564741 0.000000 -5.836123
v 21.564741 1.000000 -5.836123
v 21.577335 0.000000 -5.779019
v 21.577335 1.000000 -5.779019
v 21.588236 0.000000 -5.730782
v 21.588236 1.000000 -5.730782
v 21.596254 0.000000 -5.689889
v 21.596254 1.000000 -5.689889
v 21.600206 0.000000 -5.654820
v 21.600206 1.000000 -5.654820
v 21.600285 0.000000 -5.638993
v 21.600285 1.000000 -5.638993
v 21.598902 0.000000 -5.624052
v 21.598902 1.000000 -5.624052
v 21.595909 0.000000 -5.609805
v 21.595909 1.000000 -5.609805
v 21.491619 0.000000 -6.500082
v 21.491619 0.250000 -6.500082
v 21.507187 0.000000 -6.797608
v 21.491619 0.500000 -6.500082
v 21.507187 1.000000 -6.797608
v 21.491619 0.750000 -6.500082
v 21.491619 1.000000 -6.500082
v 21.486052 0.750000 -6.360042
v 21.486052 1.000000 -6.360042
v 21.484465 0.750000 -6.294782
v 21.484465 1.000000 -6.294782
v 21.483923 0.750000 -6.233680
v 21.483923 1.000000 -6.233680
v 21.484608 0.750000 -6.177473
v 21.484608 1.000000 -6.177473
v 21.486704 0.750000 -6.126898
v 21.486704 1.000000 -6.126898
v 21.490395 0.750000 -6.082693
v 21.490395 1.000000 -6.082693
v 21.495867 0.750000 -6.045594
v 21.495867 1.000000 -6.045594
v 21.503300 0.750000 -6.016340
v 21.503300 1.000000 -6.016340
v 21.507811 0.750000 -6.004884
v 21.507811 1.000000 -6.004884
v 21.512880 0.750000 -5.995667
v 21.512880 1.000000 -5.995667
v 21.515633 0.750000 -5.991926
v 21.515633 1.000000 -5.991926
v 21.518534 0.750000 -5.988779
v 21.518534 1.000000 -5.988779
v 21.521585 0.750000 -5.986238
v 21.521585 1.000000 -5.986238
v 21.524792 0.750000 -5.984313
v 21.524792 1.000000 -5.984313
v 21.526453 0.750000 -5.983586
v 21.526453 1.000000 -5.983586
v 21.528154 0.750000 -5.983017
v 21.528154 1.000000 -5.983017
v 21.529896 0.750000 -5.982608
v 21.529896 1.000000 -5.982608
v 21.531679 0.750000 -5.982361
v 21.531679 1.000000 -5.982361
v 21.533501 0.750000 -5.982277
v 21.533501 1.000000 -5.982277
v 21.535364 0.750000 -5.982357
v 21.535364 1.000000 -5.982357
v 21.535364 0.500000 -5.982357
v 21.535364 0.250000 -5.982357
v 21.535364 0.000000 -5.982357
v 21.533501 0.250000 -5.982277
v 21.533501 0.000000 -5.982277
v 21.531679 0.250000 -5.982361
v 21.531679 0.000000 -5.982361
v 21.529896 0.250000 -5.982608
v 21.529896 0.000000 -5.982608
v 21.528154 0.250000 -5.983017
v 21.528154 0.000000 -5.983017
v 21.526453 0.250000 -5.983586
v 21.526453 0.000000 -5.983586
v 21.524792 0.250000 -5.984313
v 21.524792 0.000000 -5.984313
v 21.521585 0.250000 -5.986238
v 21.521585 0.000000 -5.986238
v 21.518534 0.250000 -5.988779
v 21.518534 0.000000 -5.988779
v 21.515633 0.250000 -5.991926
v 21.515633 0.000000 -5.991926
v 21.512880 0.250000 -5.995667
v 21.512880 0.000000 -5.995667
v 21.507811 0.250000 -6.004884
v 21.507811 0.000000 -6.004884
v 21.503300 0.250000 -6.016340
v 21.503300 0.000000 -6.016340
v 21.495867 0.250000 -6.045594
v 21.495867 0.000000 -6.045594
v 21.490395 0.250000 -6.082693
v 21.490395 0.000000 -6.082693
v 21.486704 0.250000 -6.126898
v 21.486704 0.000000 -6.126898
v 21.484608 0.250000 -6.177473
v 21.484608 0.000000 -6.177473
v 21.483923 0.250000 -6.233680
v 21.483923 0.000000 -6.233680
v 21.484465 0.250000 -6.294782
v 21.484465 0.000000 -6.294782
v 21.486052 0.250000 -6.360042
v 21.486052 0.000000 -6.360042
v 21.533501 0.500000 -5.982277
v 21.531679 0.500000 -5.982361
v 21.529896 0.500000 -5.982608
v 21.528154 0.500000 -5.983017
v 21.526453 0.500000 -5.983586
v 21.524792 0.500000 -5.984313
v 21.521585 0.500000 -5.986238
v 21.518534 0.500000 -5.988779
v 21.515633 0.500000 -5.991926
v 21.512880 0.500000 -5.995667
v 21.507811 0.500000 -6.004884
v 21.503300 0.500000 -6.016340
v 21.495867 0.500000 -6.045594
v 21.490395 0.500000 -6.082693
v 21.486704 0.500000 -6.126898
v 21.484608 0.500000 -6.177473
v 21.483923 0.500000 -6.233680
v 21.484465 0.500000 -6.294782
v 21.486052 0.500000 -6.360042
v 21.121099 0.000000 -8.813313
v 21.144495 0.000000 -8.681490
v 21.121099 1.000000 -8.813313
v 21.144495 1.000000 -8.681490
v 21.171349 0.000000 -8.545177
v 21.171349 1.000000 -8.545177
v 21.232555 0.000000 -8.263595
v 21.232555 1.000000 -8.263595
v 21.298954 0.000000 -7.977599
v 21.298954 1.000000 -7.977599
v 21.364784 0.000000 -7.696224
v 21.364784 1.000000 -7.696224
v 21.395687 0.000000 -7.560092
v 21.395687 1.000000 -7.560092
v 21.424286 0.000000 -7.428504
v 21.424286 1.000000 -7.428504
v 21.449862 0.000000 -7.302588
v 21.449862 1.000000 -7.302588
v 21.471695 0.000000 -7.183472
v 21.471695 1.000000 -7.183472
v 21.489063 0.000000 -7.072288
v 21.489063 1.000000 -7.072288
v 21.501249 0.000000 -6.970162
v 21.501249 1.000000 -6.970162
v 21.507530 0.000000 -6.878226
v 21.507530 1.000000 -6.878226
v 21.152264 0.000000 -9.920934
v 21.147224 0.000000 -9.898965
v 21.152264 1.000000 -9.920934
v 21.147224 1.000000 -9.898965
v 21.140238 0.000000 -9.871849
v 21.140238 1.000000 -9.871849
v 21.131807 0.000000 -9.839339
v 21.131807 1.000000 -9.839339
v 21.122438 0.000000 -9.801188
v 21.122438 1.000000 -9.801188
v 21.112640 0.000000 -9.757147
v 21.112640 1.000000 -9.757147
v 21.102917 0.000000 -9.706970
v 21.102917 1.000000 -9.706970
v 21.093773 0.000000 -9.650410
v 21.093773 1.000000 -9.650410
v 21.085716 0.000000 -9.587219
v 21.085716 1.000000 -9.587219
v 21.079252 0.000000 -9.517150
v 21.079252 1.000000 -9.517150
v 21.074886 0.000000 -9.439956
v 21.074886 1.000000 -9.439956
v 21.073126 0.000000 -9.355389
v 21.073126 1.000000 -9.355389
v 21.074476 0.000000 -9.263203
v 21.074476 1.000000 -9.263203
v 21.079443 0.000000 -9.163149
v 21.079443 1.000000 -9.163149
v 21.088531 0.000000 -9.054981
v 21.088531 1.000000 -9.054981
v 21.102249 0.000000 -8.938452
v 21.102249 1.000000 -8.938452
v 21.078682 0.000000 -10.203573
v 21.100840 0.000000 -10.177457
v 21.078682 1.000000 -10.203573
v 21.100840 1.000000 -10.177457
v 21.119761 0.000000 -10.147299
v 21.119761 1.000000 -10.147299
v 21.135212 0.000000 -10.113802
v 21.135212 1.000000 -10.113802
v 21.146961 0.000000 -10.077673
v 21.146961 1.000000 -10.077673
v 21.154776 0.000000 -10.039617
v 21.154776 1.000000 -10.039617
v 21.158419 0.000000 -10.000338
v 21.158419 1.000000 -10.000338
v 21.157660 0.000000 -9.960542
v 21.157660 1.000000 -9.960542
v 21.091682 0.000000 -10.364226
v 21.091682 0.200000 -10.364226
v 21.089071 0.000000 -10.371080
v 21.091682 0.400000 -10.364226
v 21.091682 0.600000 -10.364226
v 21.093548 0.400000 -10.357615
v 21.093548 0.600000 -10.357615
v 21.094723 0.400000 -10.351233
v 21.094723 0.600000 -10.351233
v 21.095264 0.400000 -10.345064
v 21.095264 0.600000 -10.345064
v 21.095226 0.400000 -10.339097
v 21.095226 0.600000 -10.339097
v 21.094664 0.400000 -10.333318
v 21.094664 0.600000 -10.333318
v 21.092196 0.400000 -10.322265
v 21.092196 0.600000 -10.322265
v 21.088301 0.400000 -10.311794
v 21.088301 0.600000 -10.311794
v 21.083426 0.400000 -10.301798
v 21.083426 0.600000 -10.301798
v 21.072514 0.400000 -10.282782
v 21.072514 0.600000 -10.282782
v 21.063025 0.400000 -10.264334
v 21.063025 0.600000 -10.264334
v 21.059925 0.400000 -10.255048
v 21.059925 0.600000 -10.255048
v 21.058981 0.400000 -10.250340
v 21.058981 0.600000 -10.250340
v 21.058516 0.400000 -10.245572
v 21.058516 0.600000 -10.245572
v 21.058582 0.400000 -10.240728
v 21.058582 0.600000 -10.240728
v 21.059240 0.400000 -10.235797
v 21.059240 0.600000 -10.235797
v 21.060543 0.400000 -10.230762
v 21.060543 0.600000 -10.230762
v 21.062548 0.400000 -10.225613
v 21.062548 0.600000 -10.225613
v 21.065308 0.400000 -10.220332
v 21.065308 0.600000 -10.220332
v 21.068880 0.400000 -10.214909
v 21.068880 0.600000 -10.214909
v 21.068880 0.800000 -10.214909
v 21.068880 1.000000 -10.214909
v 21.065308 1.000000 -10.220332
v 21.093548 0.000000 -10.357615
v 21.093548 0.200000 -10.357615
v 21.094723 0.000000 -10.351233
v 21.094723 0.200000 -10.351233
v 21.095264 0.000000 -10.345064
v 21.095264 0.200000 -10.345064
v 21.095226 0.000000 -10.339097
v 21.095226 0.200000 -10.339097
v 21.094664 0.000000 -10.333318
v 21.094664 0.200000 -10.333318
v 21.092196 0.000000 -10.322265
v 21.092196 0.200000 -10.322265
v 21.088301 0.000000 -10.311794
v 21.088301 0.200000 -10.311794
v 21.083426 0.000000 -10.301798
v 21.083426 0.200000 -10.301798
v 21.072514 0.000000 -10.282782
v 21.072514 0.200000 -10.282782
v 21.063025 0.000000 -10.264334
v 21.063025 0.200000 -10.264334
v 21.059925 0.000000 -10.255048
v 21.059925 0.200000 -10.255048
v 21.058981 0.000000 -10.250340
v 21.058981 0.200000 -10.250340
v 21.058516 0.000000 -10.245572
v 21.058516 0.200000 -10.245572
v 21.058582 0.000000 -10.240728
v 21.058582 0.200000 -10.240728
v 21.059240 0.000000 -10.235797
v 21.059240 0.200000 -10.235797
v 21.060543 0.000000 -10.230762
v 21.060543 0.200000 -10.230762
v 21.062548 0.000000 -10.225613
v 21.062548 0.200000 -10.225613
v 21.065308 0.000000 -10.220332
v 21.065308 0.200000 -10.220332
v 21.068880 0.000000 -10.214909
v 21.068880 0.200000 -10.214909
v 21.065308 0.800000 -10.220332
v 21.062548 1.000000 -10.225613
v 21.062548 0.800000 -10.225613
v 21.060543 1.000000 -10.230762
v 21.060543 0.800000 -10.230762
v 21.059240 1.000000 -10.235797
v 21.059240 0.800000 -10.235797
v 21.058582 1.000000 -10.240728
v 21.058582 0.800000 -10.240728
v 21.058516 1.000000 -10.245572
v 21.058516 0.800000 -10.245572
v 21.058981 1.000000 -10.250340
v 21.058981 0.800000 -10.250340
v 21.059925 1.000000 -10.255048
v 21.059925 0.800000 -10.255048
v 21.063025 1.000000 -10.264334
v 21.063025 0.800000 -10.264334
v 21.072514 1.000000 -10.282782
v 21.072514 0.800000 -10.282782
v 21.083426 1.000000 -10.301798
v 21.083426 0.800000 -10.301798
v 21.088301 1.000000 -10.311794
v 21.088301 0.800000 -10.311794
v 21.092196 1.000000 -10.322265
v 21.092196 0.800000 -10.322265
v 21.094664 1.000000 -10.333318
v 21.094664 0.800000 -10.333318
v 21.095226 1.000000 -10.339097
v 21.095226 0.800000 -10.339097
v 21.095264 1.000000 -10.345064
v 21.095264 0.800000 -10.345064
v 21.094723 1.000000 -10.351233
v 21.094723 0.800000 -10.351233
v 21.093548 1.000000 -10.357615
v 21.093548 0.800000 -10.357615
v 21.091682 1.000000 -10.364226
v 21.091682 0.800000 -10.364226
v 21.089071 1.000000 -10.371080
v 21.065956 0.000000 -10.495582
v 21.065956 0.333333 -10.495582
v 21.047518 0.000000 -10.516512
v 21.065956 0.666667 -10.495582
v 21.047518 1.000000 -10.516512
v 21.065956 1.000000 -10.495582
v 21.071901 0.666667 -10.486462
v 21.071901 1.000000 -10.486462
v 21.076044 0.666667 -10.478024
v 21.076044 1.000000 -10.478024
v 21.078672 0.666667 -10.470105
v 21.078672 1.000000 -10.470105
v 21.080067 0.666667 -10.462545
v 21.080067 1.000000 -10.462545
v 21.080517 0.666667 -10.455182
v 21.080517 1.000000 -10.455182
v 21.080305 0.666667 -10.447854
v 21.080305 1.000000 -10.447854
v 21.078560 0.666667 -10.415655
v 21.078560 1.000000 -10.415655
v 21.079327 0.666667 -10.406075
v 21.079327 1.000000 -10.406075
v 21.081142 0.666667 -10.395561
v 21.081142 1.000000 -10.395561
v 21.084295 0.666667 -10.383950
v 21.084295 1.000000 -10.383950
v 21.084295 0.333333 -10.383950
v 21.084295 0.000000 -10.383950
v 21.081142 0.333333 -10.395561
v 21.081142 0.000000 -10.395561
v 21.079327 0.333333 -10.406075
v 21.079327 0.000000 -10.406075
v 21.078560 0.333333 -10.415655
v 21.078560 0.000000 -10.415655
v 21.080305 0.333333 -10.447854
v 21.080305 0.000000 -10.447854
v 21.080517 0.333333 -10.455182
v 21.080517 0.000000 -10.455182
v 21.080067 0.333333 -10.462545
v 21.080067 0.000000 -10.462545
v 21.078672 0.333333 -10.470105
v 21.078672 0.000000 -10.470105
v 21.076044 0.333333 -10.478024
v 21.076044 0.000000 -10.478024
v 21.071901 0.333333 -10.486462
v 21.071901 0.000000 -10.486462
v 20.984325 1.000000 -10.684018
v 20.984325 0.000000 -10.684018
v 20.993645 0.500000 -10.652340
v 20.993645 0.000000 -10.652340
v 20.998825 0.000000 -10.626986
v 20.998825 0.500000 -10.626986
v 21.004234 0.000000 -10.588741
v 21.004234 0.500000 -10.588741
v 21.008198 0.000000 -10.572594
v 21.008198 0.500000 -10.572594
v 21.011311 0.000000 -10.564551
v 21.011311 0.500000 -10.564551
v 21.015490 0.000000 -10.556258
v 21.015490 0.500000 -10.556258
v 21.027973 0.000000 -10.538107
v 21.027973 0.500000 -10.538107
v 21.027973 1.000000 -10.538107
v 21.015490 1.000000 -10.556258
v 21.011311 1.000000 -10.564551
v 21.008198 1.000000 -10.572594
v 21.004234 1.000000 -10.588741
v 20.998825 1.000000 -10.626986
v 20.993645 1.000000 -10.652340
v 20.941195 0.000000 -10.710729
v 20.941195 0.111111 -10.710729
v 20.932384 0.000000 -10.715182
v 20.941195 0.222222 -10.710729
v 20.941195 0.333333 -10.710729
v 20.944942 0.222222 -10.709458
v 20.944942 0.333333 -10.709458
v 20.948286 0.222222 -10.708749
v 20.948286 0.333333 -10.708749
v 20.951254 0.222222 -10.708543
v 20.951254 0.333333 -10.708543
v 20.953869 0.222222 -10.708783
v 20.953869 0.333333 -10.708783
v 20.955053 0.222222 -10.709053
v 20.955053 0.333333 -10.709053
v 20.956160 0.222222 -10.709413
v 20.956160 0.333333 -10.709413
v 20.957191 0.222222 -10.709855
v 20.957191 0.333333 -10.709855
v 20.958151 0.222222 -10.710374
v 20.958151 0.333333 -10.710374
v 20.959871 0.222222 -10.711610
v 20.959871 0.333333 -10.711610
v 20.961344 0.222222 -10.713063
v 20.961344 0.333333 -10.713063
v 20.962597 0.222222 -10.714677
v 20.962597 0.333333 -10.714677
v 20.963655 0.222222 -10.716393
v 20.963655 0.333333 -10.716393
v 20.965294 0.222222 -10.719903
v 20.965294 0.333333 -10.719903
v 20.966471 0.222222 -10.723136
v 20.966471 0.333333 -10.723136
v 20.967392 0.222222 -10.725634
v 20.967392 0.333333 -10.725634
v 20.967825 0.222222 -10.726463
v 20.967825 0.333333 -10.726463
v 20.968044 0.222222 -10.726748
v 20.968044 0.333333 -10.726748
v 20.968271 0.222222 -10.726937
v 20.968271 0.333333 -10.726937
v 20.968508 0.222222 -10.727023
v 20.968508 0.333333 -10.727023
v 20.968760 0.222222 -10.726998
v 20.968760 0.333333 -10.726998
v 20.969027 0.222222 -10.726856
v 20.969027 0.333333 -10.726856
v 20.969315 0.222222 -10.726589
v 20.969315 0.333333 -10.726589
v 20.969625 0.222222 -10.726191
v 20.969625 0.333333 -10.726191
v 20.969963 0.222222 -10.725652
v 20.969963 0.333333 -10.725652
v 20.970732 0.222222 -10.724130
v 20.970732 0.333333 -10.724130
v 20.975525 0.222222 -10.711046
v 20.975525 0.333333 -10.711046
v 20.979319 0.222222 -10.699505
v 20.979319 0.333333 -10.699505
v 20.979319 0.444444 -10.699505
v 20.979319 0.555556 -10.699505
v 20.979319 0.666667 -10.699505
v 20.975525 0.666667 -10.711046
v 20.975525 0.777778 -10.711046
v 20.970732 0.777778 -10.724130
v 20.970732 0.888889 -10.724130
v 20.969963 0.888889 -10.725652
v 20.969963 1.000000 -10.725652
v 20.969625 1.000000 -10.726191
v 20.944942 0.000000 -10.709458
v 20.944942 0.111111 -10.709458
v 20.948286 0.000000 -10.708749
v 20.948286 0.111111 -10.708749
v 20.951254 0.000000 -10.708543
v 20.951254 0.111111 -10.708543
v 20.953869 0.000000 -10.708783
v 20.953869 0.111111 -10.708783
v 20.955053 0.000000 -10.709053
v 20.955053 0.111111 -10.709053
v 20.956160 0.000000 -10.709413
v 20.956160 0.111111 -10.709413
v 20.957191 0.000000 -10.709855
v 20.957191 0.111111 -10.709855
v 20.958151 0.000000 -10.710374
v 20.958151 0.111111 -10.710374
v 20.959871 0.000000 -10.711610
v 20.959871 0.111111 -10.711610
v 20.961344 0.000000 -10.713063
v 20.961344 0.111111 -10.713063
v 20.962597 0.000000 -10.714677
v 20.962597 0.111111 -10.714677
v 20.963655 0.000000 -10.716393
v 20.963655 0.111111 -10.716393
v 20.965294 0.000000 -10.719903
v 20.965294 0.111111 -10.719903
v 20.966471 0.000000 -10.723136
v 20.966471 0.111111 -10.723136
v 20.967392 0.000000 -10.725634
v 20.967392 0.111111 -10.725634
v 20.967825 0.000000 -10.726463
v 20.967825 0.111111 -10.726463
v 20.968044 0.000000 -10.726748
v 20.968044 0.111111 -10.726748
v 20.968157 0.000000 -10.726855
v 20.968271 0.111111 -10.726937
v 20.968271 0.000000 -10.726937
v 20.968328 0.000000 -10.726969
v 20.968388 0.000000 -10.726994
v 20.968508 0.111111 -10.727023
v 20.968447 0.000000 -10.727012
v 20.968508 0.000000 -10.727023
v 20.968569 0.000000 -10.727028
v 20.968632 0.000000 -10.727025
v 20.968760 0.111111 -10.726998
v 20.968695 0.000000 -10.727015
v 20.968760 0.000000 -10.726998
v 20.968824 0.000000 -10.726974
v 20.968891 0.000000 -10.726942
v 20.969027 0.111111 -10.726856
v 20.969027 0.000000 -10.726856
v 20.969168 0.000000 -10.726739
v 20.969315 0.111111 -10.726589
v 20.969315 0.000000 -10.726589
v 20.969625 0.000000 -10.726191
v 20.969625 0.111111 -10.726191
v 20.969963 0.000000 -10.725652
v 20.969963 0.111111 -10.725652
v 20.970732 0.000000 -10.724130
v 20.970732 0.111111 -10.724130
v 20.975525 0.000000 -10.711046
v 20.975525 0.111111 -10.711046
v 20.979319 0.000000 -10.699505
v 20.979319 0.111111 -10.699505
v 20.979319 1.000000 -10.699505
v 20.979319 0.888889 -10.699505
v 20.979319 0.777778 -10.699505
v 20.975525 1.000000 -10.711046
v 20.975525 0.888889 -10.711046
v 20.970732 1.000000 -10.724130
v 20.969625 0.888889 -10.726191
v 20.969315 1.000000 -10.726589
v 20.969315 0.888889 -10.726589
v 20.969168 1.000000 -10.726739
v 20.969027 0.888889 -10.726856
v 20.969027 1.000000 -10.726856
v 20.968891 1.000000 -10.726942
v 20.968760 0.888889 -10.726998
v 20.968824 1.000000 -10.726974
v 20.968760 1.000000 -10.726998
v 20.968695 1.000000 -10.727015
v 20.968632 1.000000 -10.727025
v 20.968508 0.888889 -10.727023
v 20.968569 1.000000 -10.727028
v 20.968508 1.000000 -10.727023
v 20.968447 1.000000 -10.727012
v 20.968388 1.000000 -10.726994
v 20.968271 0.888889 -10.726937
v 20.968328 1.000000 -10.726969
v 20.968271 1.000000 -10.726937
v 20.968157 1.000000 -10.726855
v 20.968044 0.888889 -10.726748
v 20.968271 0.777778 -10.726937
v 20.968044 0.777778 -10.726748
v 20.968271 0.666667 -10.726937
v 20.968044 0.666667 -10.726748
v 20.968271 0.555556 -10.726937
v 20.968044 0.555556 -10.726748
v 20.968271 0.444444 -10.726937
v 20.968044 0.444444 -10.726748
v 20.968044 1.000000 -10.726748
v 20.967825 1.000000 -10.726463
v 20.967825 0.888889 -10.726463
v 20.967392 1.000000 -10.725634
v 20.967392 0.888889 -10.725634
v 20.966471 1.000000 -10.723136
v 20.966471 0.888889 -10.723136
v 20.965294 1.000000 -10.719903
v 20.965294 0.888889 -10.719903
v 20.963655 1.000000 -10.716393
v 20.963655 0.888889 -10.716393
v 20.962597 1.000000 -10.714677
v 20.962597 0.888889 -10.714677
v 20.961344 1.000000 -10.713063
v 20.961344 0.888889 -10.713063
v 20.959871 1.000000 -10.711610
v 20.959871 0.888889 -10.711610
v 20.958151 1.000000 -10.710374
v 20.958151 0.888889 -10.710374
v 20.957191 1.000000 -10.709855
v 20.957191 0.888889 -10.709855
v 20.956160 1.000000 -10.709413
v 20.956160 0.888889 -10.709413
v 20.955053 1.000000 -10.709053
v 20.955053 0.888889 -10.709053
v 20.953869 1.000000 -10.708783
v 20.953869 0.888889 -10.708783
v 20.951254 1.000000 -10.708543
v 20.951254 0.888889 -10.708543
v 20.948286 1.000000 -10.708749
v 20.948286 0.888889 -10.708749
v 20.944942 1.000000 -10.709458
v 20.944942 0.888889 -10.709458
v 20.941195 1.000000 -10.710729
v 20.941195 0.888889 -10.710729
v 20.932384 1.000000 -10.715182
v 20.941195 0.777778 -10.710729
v 20.941195 0.666667 -10.710729
v 20.944942 0.666667 -10.709458
v 20.944942 0.555556 -10.709458
v 20.948286 0.555556 -10.708749
v 20.948286 0.444444 -10.708749
v 20.951254 0.444444 -10.708543
v 20.941195 0.555556 -10.710729
v 20.941195 0.444444 -10.710729
v 20.944942 0.777778 -10.709458
v 20.948286 0.777778 -10.708749
v 20.948286 0.666667 -10.708749
v 20.951254 0.777778 -10.708543
v 20.951254 0.666667 -10.708543
v 20.951254 0.555556 -10.708543
v 20.953869 0.777778 -10.708783
v 20.953869 0.666667 -10.708783
v 20.953869 0.555556 -10.708783
v 20.953869 0.444444 -10.708783
v 20.955053 0.777778 -10.709053
v 20.955053 0.666667 -10.709053
v 20.955053 0.555556 -10.709053
v 20.955053 0.444444 -10.709053
v 20.956160 0.777778 -10.709413
v 20.956160 0.666667 -10.709413
v 20.956160 0.555556 -10.709413
v 20.956160 0.444444 -10.709413
v 20.957191 0.777778 -10.709855
v 20.957191 0.666667 -10.709855
v 20.957191 0.555556 -10.709855
v 20.957191 0.444444 -10.709855
v 20.958151 0.777778 -10.710374
v 20.958151 0.666667 -10.710374
v 20.958151 0.555556 -10.710374
v 20.958151 0.444444 -10.710374
v 20.959871 0.777778 -10.711610
v 20.959871 0.666667 -10.711610
v 20.959871 0.555556 -10.711610
v 20.959871 0.444444 -10.711610
v 20.961344 0.777778 -10.713063
v 20.961344 0.666667 -10.713063
v 20.961344 0.555556 -10.713063
v 20.961344 0.444444 -10.713063
v 20.962597 0.777778 -10.714677
v 20.962597 0.666667 -10.714677
v 20.962597 0.555556 -10.714677
v 20.962597 0.444444 -10.714677
v 20.963655 0.777778 -10.716393
v 20.963655 0.666667 -10.716393
v 20.963655 0.555556 -10.716393
v 20.963655 0.444444 -10.716393
v 20.965294 0.777778 -10.719903
v 20.965294 0.666667 -10.719903
v 20.965294 0.555556 -10.719903
v 20.965294 0.444444 -10.719903
v 20.966471 0.777778 -10.723136
v 20.966471 0.666667 -10.723136
v 20.966471 0.555556 -10.723136
v 20.966471 0.444444 -10.723136
v 20.967392 0.777778 -10.725634
v 20.967392 0.666667 -10.725634
v 20.967392 0.555556 -10.725634
v 20.967392 0.444444 -10.725634
v 20.967825 0.777778 -10.726463
v 20.967825 0.666667 -10.726463
v 20.967825 0.555556 -10.726463
v 20.967825 0.444444 -10.726463
v 20.968508 0.777778 -10.727023
v 20.968508 0.666667 -10.727023
v 20.968508 0.555556 -10.727023
v 20.968508 0.444444 -10.727023
v 20.968760 0.777778 -10.726998
v 20.968760 0.666667 -10.726998
v 20.968760 0.555556 -10.726998
v 20.968760 0.444444 -10.726998
v 20.969027 0.777778 -10.726856
v 20.969027 0.666667 -10.726856
v 20.969027 0.555556 -10.726856
v 20.969027 0.444444 -10.726856
v 20.969315 0.777778 -10.726589
v 20.969315 0.666667 -10.726589
v 20.969315 0.555556 -10.726589
v 20.969315 0.444444 -10.726589
v 20.969625 0.777778 -10.726191
v 20.969625 0.666667 -10.726191
v 20.969625 0.555556 -10.726191
v 20.969625 0.444444 -10.726191
v 20.969963 0.777778 -10.725652
v 20.969963 0.666667 -10.725652
v 20.969963 0.555556 -10.725652
v 20.969963 0.444444 -10.725652
v 20.975525 0.444444 -10.711046
v 20.975525 0.555556 -10.711046
v 20.970732 0.444444 -10.724130
v 20.970732 0.555556 -10.724130
v 20.970732 0.666667 -10.724130
v 20.944942 0.444444 -10.709458
v 20.849281 0.000000 -10.756735
v 20.874580 0.000000 -10.744350
v 20.849281 1.000000 -10.756735
v 20.874580 1.000000 -10.744350
v 20.890020 0.000000 -10.737277
v 20.890020 1.000000 -10.737277
v 20.898401 0.000000 -10.733887
v 20.898401 1.000000 -10.733887
v 20.902519 0.000000 -10.732550
v 20.902519 1.000000 -10.732550
v 20.905176 0.000000 -10.731640
v 20.905176 1.000000 -10.731640
v 20.909174 0.000000 -10.729527
v 20.909174 1.000000 -10.729527
v 20.917311 0.000000 -10.724584
v 20.917311 1.000000 -10.724584
v 20.838345 0.000000 -10.940625
v 20.838345 0.055556 -10.940625
v 20.828505 0.000000 -10.965793
v 20.838345 0.111111 -10.940625
v 20.838345 0.166667 -10.940625
v 20.844898 0.111111 -10.925709
v 20.844898 0.166667 -10.925709
v 20.848774 0.111111 -10.917457
v 20.848774 0.166667 -10.917457
v 20.849897 0.111111 -10.914710
v 20.849897 0.166667 -10.914710
v 20.850578 0.111111 -10.912284
v 20.850578 0.166667 -10.912284
v 20.850897 0.111111 -10.909732
v 20.850897 0.166667 -10.909732
v 20.850924 0.111111 -10.906604
v 20.850924 0.166667 -10.906604
v 20.850416 0.111111 -10.896831
v 20.850416 0.166667 -10.896831
v 20.849667 0.111111 -10.879377
v 20.849667 0.166667 -10.879377
v 20.849281 0.111111 -10.850659
v 20.849281 0.166667 -10.850659
v 20.848368 0.111111 -10.834587
v 20.848368 0.166667 -10.834587
v 20.845873 0.111111 -10.821379
v 20.845873 0.166667 -10.821379
v 20.842159 0.111111 -10.810712
v 20.842159 0.166667 -10.810712
v 20.837595 0.111111 -10.802263
v 20.837595 0.166667 -10.802263
v 20.832542 0.111111 -10.795712
v 20.832542 0.166667 -10.795712
v 20.827368 0.111111 -10.790735
v 20.827368 0.166667 -10.790735
v 20.818117 0.111111 -10.784220
v 20.818117 0.166667 -10.784220
v 20.814770 0.111111 -10.782036
v 20.814770 0.166667 -10.782036
v 20.813574 0.111111 -10.781071
v 20.813574 0.166667 -10.781071
v 20.813116 0.111111 -10.780603
v 20.813116 0.166667 -10.780603
v 20.812761 0.111111 -10.780138
v 20.812761 0.166667 -10.780138
v 20.812622 0.111111 -10.779905
v 20.812622 0.166667 -10.779905
v 20.812510 0.111111 -10.779671
v 20.812510 0.166667 -10.779671
v 20.812428 0.111111 -10.779434
v 20.812428 0.166667 -10.779434
v 20.812372 0.111111 -10.779196
v 20.812372 0.166667 -10.779196
v 20.812347 0.111111 -10.778955
v 20.812347 0.166667 -10.778955
v 20.812353 0.111111 -10.778709
v 20.812353 0.166667 -10.778709
v 20.812387 0.111111 -10.778460
v 20.812387 0.166667 -10.778460
v 20.812456 0.111111 -10.778205
v 20.812456 0.166667 -10.778205
v 20.812555 0.111111 -10.777945
v 20.812555 0.166667 -10.777945
v 20.812689 0.111111 -10.777678
v 20.812689 0.166667 -10.777678
v 20.813057 0.111111 -10.777124
v 20.813057 0.166667 -10.777124
v 20.813566 0.111111 -10.776538
v 20.813566 0.166667 -10.776538
v 20.814220 0.111111 -10.775914
v 20.814220 0.166667 -10.775914
v 20.818420 0.111111 -10.772944
v 20.818420 0.166667 -10.772944
v 20.825420 0.111111 -10.768972
v 20.825420 0.166667 -10.768972
v 20.835585 0.111111 -10.763677
v 20.835585 0.166667 -10.763677
v 20.835585 0.222222 -10.763677
v 20.835585 0.277778 -10.763677
v 20.825420 0.277778 -10.768972
v 20.825420 0.333333 -10.768972
v 20.818420 0.333333 -10.772944
v 20.818420 0.388889 -10.772944
v 20.814220 0.388889 -10.775914
v 20.814220 0.444444 -10.775914
v 20.813566 0.444444 -10.776538
v 20.813566 0.500000 -10.776538
v 20.813057 0.500000 -10.777124
v 20.813057 0.555556 -10.777124
v 20.812689 0.555556 -10.777678
v 20.812689 0.611111 -10.777678
v 20.812555 0.611111 -10.777945
v 20.812555 0.666667 -10.777945
v 20.812456 0.666667 -10.778205
v 20.812456 0.722222 -10.778205
v 20.812387 0.722222 -10.778460
v 20.812387 0.777778 -10.778460
v 20.812353 0.777778 -10.778709
v 20.812353 0.833333 -10.778709
v 20.812347 0.833333 -10.778955
v 20.812347 0.888889 -10.778955
v 20.812372 0.888889 -10.779196
v 20.812372 0.944444 -10.779196
v 20.812428 0.944444 -10.779434
v 20.812428 1.000000 -10.779434
v 20.812510 1.000000 -10.779671
v 20.844898 0.000000 -10.925709
v 20.844898 0.055556 -10.925709
v 20.848774 0.000000 -10.917457
v 20.848774 0.055556 -10.917457
v 20.849897 0.000000 -10.914710
v 20.849897 0.055556 -10.914710
v 20.850578 0.000000 -10.912284
v 20.850578 0.055556 -10.912284
v 20.850897 0.000000 -10.909732
v 20.850897 0.055556 -10.909732
v 20.850924 0.000000 -10.906604
v 20.850924 0.055556 -10.906604
v 20.850416 0.000000 -10.896831
v 20.850416 0.055556 -10.896831
v 20.849667 0.000000 -10.879377
v 20.849667 0.055556 -10.879377
v 20.849281 0.000000 -10.850659
v 20.849281 0.055556 -10.850659
v 20.848368 0.000000 -10.834587
v 20.848368 0.055556 -10.834587
v 20.845873 0.000000 -10.821379
v 20.845873 0.055556 -10.821379
v 20.842159 0.000000 -10.810712
v 20.842159 0.055556 -10.810712
v 20.837595 0.000000 -10.802263
v 20.837595 0.055556 -10.802263
v 20.832542 0.000000 -10.795712
v 20.832542 0.055556 -10.795712
v 20.827368 0.000000 -10.790735
v 20.827368 0.055556 -10.790735
v 20.818117 0.000000 -10.784220
v 20.818117 0.055556 -10.784220
v 20.814770 0.000000 -10.782036
v 20.814770 0.055556 -10.782036
v 20.813574 0.000000 -10.781071
v 20.813574 0.055556 -10.781071
v 20.813116 0.000000 -10.780603
v 20.813116 0.055556 -10.780603
v 20.812761 0.000000 -10.780138
v 20.812761 0.055556 -10.780138
v 20.812622 0.000000 -10.779905
v 20.812622 0.055556 -10.779905
v 20.812510 0.000000 -10.779671
v 20.812510 0.055556 -10.779671
v 20.812428 0.000000 -10.779434
v 20.812428 0.055556 -10.779434
v 20.812372 0.000000 -10.779196
v 20.812372 0.055556 -10.779196
v 20.812347 0.000000 -10.778955
v 20.812347 0.055556 -10.778955
v 20.812353 0.000000 -10.778709
v 20.812353 0.055556 -10.778709
v 20.812387 0.000000 -10.778460
v 20.812387 0.055556 -10.778460
v 20.812456 0.000000 -10.778205
v 20.812456 0.055556 -10.778205
v 20.812555 0.000000 -10.777945
v 20.812555 0.055556 -10.777945
v 20.812689 0.000000 -10.777678
v 20.812689 0.055556 -10.777678
v 20.813057 0.000000 -10.777124
v 20.813057 0.055556 -10.777124
v 20.813566 0.000000 -10.776538
v 20.813566 0.055556 -10.776538
v 20.814220 0.000000 -10.775914
v 20.814220 0.055556 -10.775914
v 20.818420 0.000000 -10.772944
v 20.818420 0.055556 -10.772944
v 20.825420 0.000000 -10.768972
v 20.825420 0.055556 -10.768972
v 20.835585 0.000000 -10.763677
v 20.835585 0.055556 -10.763677
v 20.835585 0.500000 -10.763677
v 20.835585 0.444444 -10.763677
v 20.835585 0.388889 -10.763677
v 20.825420 0.444444 -10.768972
v 20.825420 0.388889 -10.768972
v 20.818420 0.444444 -10.772944
v 20.835585 1.000000 -10.763677
v 20.835585 0.944444 -10.763677
v 20.835585 0.888889 -10.763677
v 20.835585 0.833333 -10.763677
v 20.825420 0.888889 -10.768972
v 20.825420 0.833333 -10.768972
v 20.818420 0.888889 -10.772944
v 20.818420 0.833333 -10.772944
v 20.814220 0.888889 -10.775914
v 20.814220 0.833333 -10.775914
v 20.813566 0.888889 -10.776538
v 20.813566 0.833333 -10.776538
v 20.813057 0.888889 -10.777124
v 20.813057 0.833333 -10.777124
v 20.812689 0.888889 -10.777678
v 20.812689 0.833333 -10.777678
v 20.812555 0.888889 -10.777945
v 20.812555 0.833333 -10.777945
v 20.812456 0.888889 -10.778205
v 20.812456 0.833333 -10.778205
v 20.812387 0.888889 -10.778460
v 20.812387 0.833333 -10.778460
v 20.812353 0.888889 -10.778709
v 20.825420 1.000000 -10.768972
v 20.825420 0.944444 -10.768972
v 20.818420 1.000000 -10.772944
v 20.818420 0.944444 -10.772944
v 20.814220 1.000000 -10.775914
v 20.814220 0.944444 -10.775914
v 20.813566 1.000000 -10.776538
v 20.813566 0.944444 -10.776538
v 20.813057 1.000000 -10.777124
v 20.813057 0.944444 -10.777124
v 20.812689 1.000000 -10.777678
v 20.812689 0.944444 -10.777678
v 20.812555 1.000000 -10.777945
v 20.812555 0.944444 -10.777945
v 20.812456 1.000000 -10.778205
v 20.812456 0.944444 -10.778205
v 20.812387 1.000000 -10.778460
v 20.812387 0.944444 -10.778460
v 20.812353 1.000000 -10.778709
v 20.812353 0.944444 -10.778709
v 20.812347 1.000000 -10.778955
v 20.812347 0.944444 -10.778955
v 20.812372 1.000000 -10.779196
v 20.812510 0.944444 -10.779671
v 20.812622 1.000000 -10.779905
v 20.812622 0.944444 -10.779905
v 20.812761 1.000000 -10.780138
v 20.812761 0.944444 -10.780138
v 20.813116 1.000000 -10.780603
v 20.813116 0.944444 -10.780603
v 20.813574 1.000000 -10.781071
v 20.813574 0.944444 -10.781071
v 20.814770 1.000000 -10.782036
v 20.814770 0.944444 -10.782036
v 20.818117 1.000000 -10.784220
v 20.818117 0.944444 -10.784220
v 20.827368 1.000000 -10.790735
v 20.827368 0.944444 -10.790735
v 20.832542 1.000000 -10.795712
v 20.832542 0.944444 -10.795712
v 20.837595 1.000000 -10.802263
v 20.837595 0.944444 -10.802263
v 20.842159 1.000000 -10.810712
v 20.842159 0.944444 -10.810712
v 20.845873 1.000000 -10.821379
v 20.845873 0.944444 -10.821379
v 20.848368 1.000000 -10.834587
v 20.848368 0.944444 -10.834587
v 20.849281 1.000000 -10.850659
v 20.849281 0.944444 -10.850659
v 20.849667 1.000000 -10.879377
v 20.849667 0.944444 -10.879377
v 20.850416 1.000000 -10.896831
v 20.850416 0.944444 -10.896831
v 20.850924 1.000000 -10.906604
v 20.850924 0.944444 -10.906604
v 20.850897 1.000000 -10.909732
v 20.850897 0.944444 -10.909732
v 20.850578 1.000000 -10.912284
v 20.850578 0.944444 -10.912284
v 20.849897 1.000000 -10.914710
v 20.849897 0.944444 -10.914710
v 20.848774 1.000000 -10.917457
v 20.848774 0.944444 -10.917457
v 20.844898 1.000000 -10.925709
v 20.844898 0.944444 -10.925709
v 20.838345 1.000000 -10.940625
v 20.838345 0.944444 -10.940625
v 20.828505 1.000000 -10.965793
v 20.838345 0.888889 -10.940625
v 20.838345 0.833333 -10.940625
v 20.844898 0.833333 -10.925709
v 20.844898 0.777778 -10.925709
v 20.848774 0.777778 -10.917457
v 20.848774 0.722222 -10.917457
v 20.849897 0.722222 -10.914710
v 20.849897 0.666667 -10.914710
v 20.850578 0.666667 -10.912284
v 20.850578 0.611111 -10.912284
v 20.850897 0.611111 -10.909732
v 20.850897 0.555556 -10.909732
v 20.850924 0.555556 -10.906604
v 20.850924 0.500000 -10.906604
v 20.850416 0.500000 -10.896831
v 20.850416 0.444444 -10.896831
v 20.849667 0.444444 -10.879377
v 20.849667 0.388889 -10.879377
v 20.849281 0.388889 -10.850659
v 20.849281 0.333333 -10.850659
v 20.848368 0.333333 -10.834587
v 20.848368 0.277778 -10.834587
v 20.845873 0.277778 -10.821379
v 20.845873 0.222222 -10.821379
v 20.842159 0.222222 -10.810712
v 20.838345 0.500000 -10.940625
v 20.838345 0.555556 -10.940625
v 20.838345 0.611111 -10.940625
v 20.844898 0.555556 -10.925709
v 20.844898 0.611111 -10.925709
v 20.848774 0.555556 -10.917457
v 20.848774 0.611111 -10.917457
v 20.849897 0.555556 -10.914710
v 20.849897 0.611111 -10.914710
v 20.850578 0.555556 -10.912284
v 20.838345 0.222222 -10.940625
v 20.838345 0.277778 -10.940625
v 20.844898 0.222222 -10.925709
v 20.844898 0.277778 -10.925709
v 20.848774 0.222222 -10.917457
v 20.848774 0.277778 -10.917457
v 20.849897 0.222222 -10.914710
v 20.849897 0.277778 -10.914710
v 20.850578 0.222222 -10.912284
v 20.850578 0.277778 -10.912284
v 20.850897 0.222222 -10.909732
v 20.850897 0.277778 -10.909732
v 20.850924 0.222222 -10.906604
v 20.850924 0.277778 -10.906604
v 20.850416 0.222222 -10.896831
v 20.850416 0.277778 -10.896831
v 20.849667 0.222222 -10.879377
v 20.849667 0.277778 -10.879377
v 20.849281 0.222222 -10.850659
v 20.849281 0.277778 -10.850659
v 20.848368 0.222222 -10.834587
v 20.838345 0.333333 -10.940625
v 20.844898 0.333333 -10.925709
v 20.848774 0.333333 -10.917457
v 20.849897 0.333333 -10.914710
v 20.850578 0.333333 -10.912284
v 20.850897 0.333333 -10.909732
v 20.850924 0.333333 -10.906604
v 20.850416 0.333333 -10.896831
v 20.849667 0.333333 -10.879377
v 20.838345 0.444444 -10.940625
v 20.844898 0.444444 -10.925709
v 20.844898 0.500000 -10.925709
v 20.848774 0.444444 -10.917457
v 20.848774 0.500000 -10.917457
v 20.849897 0.444444 -10.914710
v 20.849897 0.500000 -10.914710
v 20.850578 0.444444 -10.912284
v 20.850578 0.500000 -10.912284
v 20.850897 0.444444 -10.909732
v 20.850897 0.500000 -10.909732
v 20.850924 0.444444 -10.906604
v 20.838345 0.666667 -10.940625
v 20.844898 0.666667 -10.925709
v 20.848774 0.666667 -10.917457
v 20.838345 0.722222 -10.940625
v 20.844898 0.722222 -10.925709
v 20.835585 0.333333 -10.763677
v 20.835585 0.555556 -10.763677
v 20.825420 0.555556 -10.768972
v 20.825420 0.500000 -10.768972
v 20.818420 0.555556 -10.772944
v 20.818420 0.500000 -10.772944
v 20.814220 0.555556 -10.775914
v 20.814220 0.500000 -10.775914
v 20.813566 0.555556 -10.776538
v 20.835585 0.666667 -10.763677
v 20.835585 0.722222 -10.763677
v 20.835585 0.777778 -10.763677
v 20.825420 0.777778 -10.768972
v 20.844898 0.888889 -10.925709
v 20.848774 0.888889 -10.917457
v 20.848774 0.833333 -10.917457
v 20.849897 0.888889 -10.914710
v 20.849897 0.833333 -10.914710
v 20.849897 0.777778 -10.914710
v 20.850578 0.888889 -10.912284
v 20.850578 0.833333 -10.912284
v 20.850578 0.777778 -10.912284
v 20.850578 0.722222 -10.912284
v 20.850897 0.888889 -10.909732
v 20.850897 0.833333 -10.909732
v 20.850897 0.777778 -10.909732
v 20.850897 0.722222 -10.909732
v 20.850897 0.666667 -10.909732
v 20.850924 0.888889 -10.906604
v 20.850924 0.833333 -10.906604
v 20.850924 0.777778 -10.906604
v 20.850924 0.722222 -10.906604
v 20.850924 0.666667 -10.906604
v 20.850924 0.611111 -10.906604
v 20.850416 0.888889 -10.896831
v 20.850416 0.833333 -10.896831
v 20.850416 0.777778 -10.896831
v 20.850416 0.722222 -10.896831
v 20.850416 0.666667 -10.896831
v 20.850416 0.611111 -10.896831
v 20.850416 0.555556 -10.896831
v 20.849667 0.888889 -10.879377
v 20.849667 0.833333 -10.879377
v 20.849667 0.777778 -10.879377
v 20.849667 0.722222 -10.879377
v 20.849667 0.666667 -10.879377
v 20.849667 0.611111 -10.879377
v 20.849667 0.555556 -10.879377
v 20.849667 0.500000 -10.879377
v 20.849281 0.888889 -10.850659
v 20.849281 0.833333 -10.850659
v 20.849281 0.777778 -10.850659
v 20.849281 0.722222 -10.850659
v 20.849281 0.666667 -10.850659
v 20.849281 0.611111 -10.850659
v 20.849281 0.555556 -10.850659
v 20.849281 0.500000 -10.850659
v 20.849281 0.444444 -10.850659
v 20.848368 0.888889 -10.834587
v 20.848368 0.833333 -10.834587
v 20.848368 0.777778 -10.834587
v 20.848368 0.722222 -10.834587
v 20.848368 0.666667 -10.834587
v 20.848368 0.611111 -10.834587
v 20.848368 0.555556 -10.834587
v 20.848368 0.500000 -10.834587
v 20.848368 0.444444 -10.834587
v 20.848368 0.388889 -10.834587
v 20.845873 0.888889 -10.821379
v 20.845873 0.833333 -10.821379
v 20.845873 0.777778 -10.821379
v 20.845873 0.722222 -10.821379
v 20.845873 0.666667 -10.821379
v 20.845873 0.611111 -10.821379
v 20.845873 0.555556 -10.821379
v 20.845873 0.500000 -10.821379
v 20.845873 0.444444 -10.821379
v 20.845873 0.388889 -10.821379
v 20.845873 0.333333 -10.821379
v 20.842159 0.888889 -10.810712
v 20.842159 0.833333 -10.810712
v 20.842159 0.777778 -10.810712
v 20.842159 0.722222 -10.810712
v 20.842159 0.666667 -10.810712
v 20.842159 0.611111 -10.810712
v 20.842159 0.555556 -10.810712
v 20.842159 0.500000 -10.810712
v 20.842159 0.444444 -10.810712
v 20.842159 0.388889 -10.810712
v 20.842159 0.333333 -10.810712
v 20.842159 0.277778 -10.810712
v 20.837595 0.888889 -10.802263
v 20.837595 0.833333 -10.802263
v 20.837595 0.777778 -10.802263
v 20.837595 0.722222 -10.802263
v 20.837595 0.666667 -10.802263
v 20.837595 0.611111 -10.802263
v 20.837595 0.555556 -10.802263
v 20.837595 0.500000 -10.802263
v 20.837595 0.444444 -10.802263
v 20.837595 0.388889 -10.802263
v 20.837595 0.333333 -10.802263
v 20.837595 0.277778 -10.802263
v 20.837595 0.222222 -10.802263
v 20.832542 0.888889 -10.795712
v 20.832542 0.833333 -10.795712
v 20.832542 0.777778 -10.795712
v 20.832542 0.722222 -10.795712
v 20.832542 0.666667 -10.795712
v 20.832542 0.611111 -10.795712
v 20.832542 0.555556 -10.795712
v 20.832542 0.500000 -10.795712
v 20.832542 0.444444 -10.795712
v 20.832542 0.388889 -10.795712
v 20.832542 0.333333 -10.795712
v 20.832542 0.277778 -10.795712
v 20.832542 0.222222 -10.795712
v 20.827368 0.888889 -10.790735
v 20.827368 0.833333 -10.790735
v 20.827368 0.777778 -10.790735
v 20.827368 0.722222 -10.790735
v 20.827368 0.666667 -10.790735
v 20.827368 0.611111 -10.790735
v 20.827368 0.555556 -10.790735
v 20.827368 0.500000 -10.790735
v 20.827368 0.444444 -10.790735
v 20.827368 0.388889 -10.790735
v 20.827368 0.333333 -10.790735
v 20.827368 0.277778 -10.790735
v 20.827368 0.222222 -10.790735
v 20.818117 0.888889 -10.784220
v 20.818117 0.833333 -10.784220
v 20.818117 0.777778 -10.784220
v 20.818117 0.722222 -10.784220
v 20.818117 0.666667 -10.784220
v 20.818117 0.611111 -10.784220
v 20.818117 0.555556 -10.784220
v 20.818117 0.500000 -10.784220
v 20.818117 0.444444 -10.784220
v 20.818117 0.388889 -10.784220
v 20.818117 0.333333 -10.784220
v 20.818117 0.277778 -10.784220
v 20.818117 0.222222 -10.784220
v 20.814770 0.888889 -10.782036
v 20.814770 0.833333 -10.782036
v 20.814770 0.777778 -10.782036
v 20.814770 0.722222 -10.782036
v 20.814770 0.666667 -10.782036
v 20.814770 0.611111 -10.782036
v 20.814770 0.555556 -10.782036
v 20.814770 0.500000 -10.782036
v 20.814770 0.444444 -10.782036
v 20.814770 0.388889 -10.782036
v 20.814770 0.333333 -10.782036
v 20.814770 0.277778 -10.782036
v 20.814770 0.222222 -10.782036
v 20.813574 0.888889 -10.781071
v 20.813574 0.833333 -10.781071
v 20.813574 0.777778 -10.781071
v 20.813574 0.722222 -10.781071
v 20.813574 0.666667 -10.781071
v 20.813574 0.611111 -10.781071
v 20.813574 0.555556 -10.781071
v 20.813574 0.500000 -10.781071
v 20.813574 0.444444 -10.781071
v 20.813574 0.388889 -10.781071
v 20.813574 0.333333 -10.781071
v 20.813574 0.277778 -10.781071
v 20.813574 0.222222 -10.781071
v 20.813116 0.888889 -10.780603
v 20.813116 0.833333 -10.780603
v 20.813116 0.777778 -10.780603
v 20.813116 0.722222 -10.780603
v 20.813116 0.666667 -10.780603
v 20.813116 0.611111 -10.780603
v 20.813116 0.555556 -10.780603
v 20.813116 0.500000 -10.780603
v 20.813116 0.444444 -10.780603
v 20.813116 0.388889 -10.780603
v 20.813116 0.333333 -10.780603
v 20.813116 0.277778 -10.780603
v 20.813116 0.222222 -10.780603
v 20.812761 0.888889 -10.780138
v 20.812761 0.833333 -10.780138
v 20.812761 0.777778 -10.780138
v 20.812761 0.722222 -10.780138
v 20.812761 0.666667 -10.780138
v 20.812761 0.611111 -10.780138
v 20.812761 0.555556 -10.780138
v 20.812761 0.500000 -10.780138
v 20.812761 0.444444 -10.780138
v 20.812761 0.388889 -10.780138
v 20.812761 0.333333 -10.780138
v 20.812761 0.277778 -10.780138
v 20.812761 0.222222 -10.780138
v 20.812622 0.888889 -10.779905
v 20.812622 0.833333 -10.779905
v 20.812622 0.777778 -10.779905
v 20.812622 0.722222 -10.779905
v 20.812622 0.666667 -10.779905
v 20.812622 0.611111 -10.779905
v 20.812622 0.555556 -10.779905
v 20.812622 0.500000 -10.779905
v 20.812622 0.444444 -10.779905
v 20.812622 0.388889 -10.779905
v 20.812622 0.333333 -10.779905
v 20.812622 0.277778 -10.779905
v 20.812622 0.222222 -10.779905
v 20.812510 0.888889 -10.779671
v 20.812510 0.833333 -10.779671
v 20.812510 0.777778 -10.779671
v 20.812510 0.722222 -10.779671
v 20.812510 0.666667 -10.779671
v 20.812510 0.611111 -10.779671
v 20.812510 0.555556 -10.779671
v 20.812510 0.500000 -10.779671
v 20.812510 0.444444 -10.779671
v 20.812510 0.388889 -10.779671
v 20.812510 0.333333 -10.779671
v 20.812510 0.277778 -10.779671
v 20.812510 0.222222 -10.779671
v 20.812428 0.888889 -10.779434
v 20.812428 0.833333 -10.779434
v 20.812428 0.777778 -10.779434
v 20.812428 0.722222 -10.779434
v 20.812428 0.666667 -10.779434
v 20.812428 0.611111 -10.779434
v 20.812428 0.555556 -10.779434
v 20.812428 0.500000 -10.779434
v 20.812428 0.444444 -10.779434
v 20.812428 0.388889 -10.779434
v 20.812428 0.333333 -10.779434
v 20.812428 0.277778 -10.779434
v 20.812428 0.222222 -10.779434
v 20.825420 0.222222 -10.768972
v 20.818420 0.222222 -10.772944
v 20.818420 0.277778 -10.772944
v 20.814220 0.222222 -10.775914
v 20.814220 0.277778 -10.775914
v 20.814220 0.333333 -10.775914
v 20.813566 0.222222 -10.776538
v 20.813566 0.277778 -10.776538
v 20.813566 0.333333 -10.776538
v 20.813566 0.388889 -10.776538
v 20.813057 0.222222 -10.777124
v 20.813057 0.277778 -10.777124
v 20.813057 0.333333 -10.777124
v 20.813057 0.388889 -10.777124
v 20.813057 0.444444 -10.777124
v 20.812689 0.222222 -10.777678
v 20.812689 0.277778 -10.777678
v 20.812689 0.333333 -10.777678
v 20.812689 0.388889 -10.777678
v 20.812689 0.444444 -10.777678
v 20.812689 0.500000 -10.777678
v 20.812555 0.222222 -10.777945
v 20.812555 0.277778 -10.777945
v 20.812555 0.333333 -10.777945
v 20.812555 0.388889 -10.777945
v 20.812555 0.444444 -10.777945
v 20.812555 0.500000 -10.777945
v 20.812555 0.555556 -10.777945
v 20.812456 0.222222 -10.778205
v 20.812456 0.277778 -10.778205
v 20.812456 0.333333 -10.778205
v 20.812456 0.388889 -10.778205
v 20.812456 0.444444 -10.778205
v 20.812456 0.500000 -10.778205
v 20.812456 0.555556 -10.778205
v 20.812456 0.611111 -10.778205
v 20.812387 0.222222 -10.778460
v 20.812387 0.277778 -10.778460
v 20.812387 0.333333 -10.778460
v 20.812387 0.388889 -10.778460
v 20.812387 0.444444 -10.778460
v 20.812387 0.500000 -10.778460
v 20.812387 0.555556 -10.778460
v 20.812387 0.611111 -10.778460
v 20.812387 0.666667 -10.778460
v 20.812353 0.222222 -10.778709
v 20.812353 0.277778 -10.778709
v 20.812353 0.333333 -10.778709
v 20.812353 0.388889 -10.778709
v 20.812353 0.444444 -10.778709
v 20.812353 0.500000 -10.778709
v 20.812353 0.555556 -10.778709
v 20.812353 0.611111 -10.778709
v 20.812353 0.666667 -10.778709
v 20.812353 0.722222 -10.778709
v 20.812347 0.222222 -10.778955
v 20.812347 0.277778 -10.778955
v 20.812347 0.333333 -10.778955
v 20.812347 0.388889 -10.778955
v 20.812347 0.444444 -10.778955
v 20.812347 0.500000 -10.778955
v 20.812347 0.555556 -10.778955
v 20.812347 0.611111 -10.778955
v 20.812347 0.666667 -10.778955
v 20.812347 0.722222 -10.778955
v 20.812347 0.777778 -10.778955
v 20.812372 0.222222 -10.779196
v 20.812372 0.277778 -10.779196
v 20.812372 0.333333 -10.779196
v 20.812372 0.388889 -10.779196
v 20.812372 0.444444 -10.779196
v 20.812372 0.500000 -10.779196
v 20.812372 0.555556 -10.779196
v 20.812372 0.611111 -10.779196
v 20.812372 0.666667 -10.779196
v 20.812372 0.722222 -10.779196
v 20.812372 0.777778 -10.779196
v 20.812372 0.833333 -10.779196
v 20.838345 0.388889 -10.940625
v 20.844898 0.388889 -10.925709
v 20.848774 0.388889 -10.917457
v 20.849897 0.388889 -10.914710
v 20.850578 0.388889 -10.912284
v 20.850897 0.388889 -10.909732
v 20.850924 0.388889 -10.906604
v 20.850416 0.388889 -10.896831
v 20.838345 0.777778 -10.940625
v 20.825420 0.611111 -10.768972
v 20.835585 0.611111 -10.763677
v 20.825420 0.666667 -10.768972
v 20.825420 0.722222 -10.768972
v 20.818420 0.611111 -10.772944
v 20.818420 0.666667 -10.772944
v 20.818420 0.722222 -10.772944
v 20.818420 0.777778 -10.772944
v 20.814220 0.611111 -10.775914
v 20.814220 0.666667 -10.775914
v 20.814220 0.722222 -10.775914
v 20.814220 0.777778 -10.775914
v 20.813566 0.611111 -10.776538
v 20.813566 0.666667 -10.776538
v 20.813566 0.722222 -10.776538
v 20.813566 0.777778 -10.776538
v 20.813057 0.611111 -10.777124
v 20.813057 0.666667 -10.777124
v 20.813057 0.722222 -10.777124
v 20.813057 0.777778 -10.777124
v 20.812689 0.666667 -10.777678
v 20.812555 0.722222 -10.777945
v 20.812456 0.777778 -10.778205
v 20.812689 0.722222 -10.777678
v 20.812689 0.777778 -10.777678
v 20.812555 0.777778 -10.777945
v 20.820267 0.000000 -11.062132
v 20.820267 0.333333 -11.062132
v 20.818117 0.000000 -11.091314
v 20.820267 0.666667 -11.062132
v 20.818117 1.000000 -11.091314
v 20.820267 1.000000 -11.062132
v 20.819740 0.666667 -11.043460
v 20.819740 1.000000 -11.043460
v 20.817751 0.666667 -11.031969
v 20.817751 1.000000 -11.031969
v 20.815519 0.666667 -11.024334
v 20.815519 1.000000 -11.024334
v 20.814693 0.666667 -11.020922
v 20.814693 1.000000 -11.020922
v 20.814262 0.666667 -11.017226
v 20.814262 1.000000 -11.017226
v 20.814379 0.666667 -11.012830
v 20.814379 1.000000 -11.012830
v 20.815195 0.666667 -11.007318
v 20.815195 1.000000 -11.007318
v 20.819536 0.666667 -10.991282
v 20.819536 1.000000 -10.991282
v 20.819536 0.333333 -10.991282
v 20.819536 0.000000 -10.991282
v 20.815195 0.333333 -11.007318
v 20.815195 0.000000 -11.007318
v 20.814379 0.333333 -11.012830
v 20.814379 0.000000 -11.012830
v 20.814262 0.333333 -11.017226
v 20.814262 0.000000 -11.017226
v 20.814693 0.333333 -11.020922
v 20.814693 0.000000 -11.020922
v 20.815519 0.333333 -11.024334
v 20.815519 0.000000 -11.024334
v 20.817751 0.333333 -11.031969
v 20.817751 0.000000 -11.031969
v 20.819740 0.333333 -11.043460
v 20.819740 0.000000 -11.043460
v 20.743536 0.000000 -11.165962
v 20.743536 0.200000 -11.165962
v 20.734146 0.000000 -11.174418
v 20.743536 0.400000 -11.165962
v 20.743536 0.600000 -11.165962
v 20.752241 0.400000 -11.159805
v 20.752241 0.600000 -11.159805
v 20.760294 0.400000 -11.155548
v 20.760294 0.600000 -11.155548
v 20.767719 0.400000 -11.152790
v 20.767719 0.600000 -11.152790
v 20.791714 0.400000 -11.148773
v 20.791714 0.600000 -11.148773
v 20.796425 0.400000 -11.147525
v 20.796425 0.600000 -11.147525
v 20.798607 0.400000 -11.146589
v 20.798607 0.600000 -11.146589
v 20.800678 0.400000 -11.145380
v 20.800678 0.600000 -11.145380
v 20.802641 0.400000 -11.143847
v 20.802641 0.600000 -11.143847
v 20.804501 0.400000 -11.141939
v 20.804501 0.600000 -11.141939
v 20.806257 0.400000 -11.139607
v 20.806257 0.600000 -11.139607
v 20.807919 0.400000 -11.136803
v 20.807919 0.600000 -11.136803
v 20.810961 0.400000 -11.129572
v 20.810961 0.600000 -11.129572
v 20.813656 0.400000 -11.119846
v 20.813656 0.600000 -11.119846
v 20.813656 0.800000 -11.119846
v 20.813656 1.000000 -11.119846
v 20.810961 1.000000 -11.129572
v 20.752241 0.000000 -11.159805
v 20.752241 0.200000 -11.159805
v 20.760294 0.000000 -11.155548
v 20.760294 0.200000 -11.155548
v 20.767719 0.000000 -11.152790
v 20.767719 0.200000 -11.152790
v 20.791714 0.000000 -11.148773
v 20.791714 0.200000 -11.148773
v 20.796425 0.000000 -11.147525
v 20.796425 0.200000 -11.147525
v 20.798607 0.000000 -11.146589
v 20.798607 0.200000 -11.146589
v 20.800678 0.000000 -11.145380
v 20.800678 0.200000 -11.145380
v 20.802641 0.000000 -11.143847
v 20.802641 0.200000 -11.143847
v 20.804501 0.000000 -11.141939
v 20.804501 0.200000 -11.141939
v 20.806257 0.000000 -11.139607
v 20.806257 0.200000 -11.139607
v 20.807919 0.000000 -11.136803
v 20.807919 0.200000 -11.136803
v 20.810961 0.000000 -11.129572
v 20.810961 0.200000 -11.129572
v 20.813656 0.000000 -11.119846
v 20.813656 0.200000 -11.119846
v 20.810961 0.800000 -11.129572
v 20.807919 1.000000 -11.136803
v 20.807919 0.800000 -11.136803
v 20.806257 1.000000 -11.139607
v 20.806257 0.800000 -11.139607
v 20.804501 1.000000 -11.141939
v 20.804501 0.800000 -11.141939
v 20.802641 1.000000 -11.143847
v 20.802641 0.800000 -11.143847
v 20.800678 1.000000 -11.145380
v 20.800678 0.800000 -11.145380
v 20.798607 1.000000 -11.146589
v 20.798607 0.800000 -11.146589
v 20.796425 1.000000 -11.147525
v 20.796425 0.800000 -11.147525
v 20.791714 1.000000 -11.148773
v 20.791714 0.800000 -11.148773
v 20.767719 1.000000 -11.152790
v 20.767719 0.800000 -11.152790
v 20.760294 1.000000 -11.155548
v 20.760294 0.800000 -11.155548
v 20.752241 1.000000 -11.159805
v 20.752241 0.800000 -11.159805
v 20.743536 1.000000 -11.165962
v 20.743536 0.800000 -11.165962
v 20.734146 1.000000 -11.174418
v 20.754923 1.000000 -11.383910
v 20.754923 0.000000 -11.383910
v 20.731226 0.500000 -11.332491
v 20.731226 0.000000 -11.332491
v 20.720959 0.000000 -11.304349
v 20.720959 0.500000 -11.304349
v 20.713371 0.000000 -11.275756
v 20.713371 0.500000 -11.275756
v 20.709679 0.000000 -11.247589
v 20.709679 0.500000 -11.247589
v 20.709673 0.000000 -11.233939
v 20.709673 0.500000 -11.233939
v 20.711098 0.000000 -11.220725
v 20.711098 0.500000 -11.220725
v 20.714106 0.000000 -11.208056
v 20.714106 0.500000 -11.208056
v 20.718849 0.000000 -11.196043
v 20.718849 0.500000 -11.196043
v 20.725479 0.000000 -11.184793
v 20.725479 0.500000 -11.184793
v 20.725479 1.000000 -11.184793
v 20.718849 1.000000 -11.196043
v 20.714106 1.000000 -11.208056
v 20.711098 1.000000 -11.220725
v 20.709673 1.000000 -11.233939
v 20.709679 1.000000 -11.247589
v 20.713371 1.000000 -11.275756
v 20.720959 1.000000 -11.304349
v 20.731226 1.000000 -11.332491
v 20.651043 0.000000 -12.615754
v 20.650312 0.000000 -12.613515
v 20.651043 1.000000 -12.615754
v 20.650312 1.000000 -12.613515
v 20.648270 0.000000 -12.607064
v 20.648270 1.000000 -12.607064
v 20.645071 0.000000 -12.596589
v 20.645071 1.000000 -12.596589
v 20.640877 0.000000 -12.582277
v 20.640877 1.000000 -12.582277
v 20.630121 0.000000 -12.542891
v 20.630121 1.000000 -12.542891
v 20.617258 0.000000 -12.490401
v 20.617258 1.000000 -12.490401
v 20.603539 0.000000 -12.426310
v 20.603539 1.000000 -12.426310
v 20.590218 0.000000 -12.352112
v 20.590218 1.000000 -12.352112
v 20.578550 0.000000 -12.269306
v 20.578550 1.000000 -12.269306
v 20.569792 0.000000 -12.179392
v 20.569792 1.000000 -12.179392
v 20.565197 0.000000 -12.083866
v 20.565197 1.000000 -12.083866
v 20.566017 0.000000 -11.984227
v 20.566017 1.000000 -11.984227
v 20.573507 0.000000 -11.881973
v 20.573507 1.000000 -11.881973
v 20.588923 0.000000 -11.778603
v 20.588923 1.000000 -11.778603
v 20.613518 0.000000 -11.675612
v 20.613518 1.000000 -11.675612
v 20.648548 0.000000 -11.574502
v 20.648548 1.000000 -11.574502
v 20.695265 0.000000 -11.476768
v 20.695265 1.000000 -11.476768
v 20.264090 0.000000 -13.472764
v 20.282127 0.000000 -13.428837
v 20.264090 1.000000 -13.472764
v 20.282127 1.000000 -13.428837
v 20.304564 0.000000 -13.376191
v 20.304564 1.000000 -13.376191
v 20.330633 0.000000 -13.316420
v 20.330633 1.000000 -13.316420
v 20.359568 0.000000 -13.251116
v 20.359568 1.000000 -13.251116
v 20.422964 0.000000 -13.110280
v 20.422964 1.000000 -13.110280
v 20.488617 0.000000 -12.966430
v 20.488617 1.000000 -12.966430
v 20.520370 0.000000 -12.897356
v 20.520370 1.000000 -12.897356
v 20.550386 0.000000 -12.832308
v 20.550386 1.000000 -12.832308
v 20.577900 0.000000 -12.772877
v 20.577900 1.000000 -12.772877
v 20.602140 0.000000 -12.720658
v 20.602140 1.000000 -12.720658
v 20.622341 0.000000 -12.677243
v 20.622341 1.000000 -12.677243
v 20.637737 0.000000 -12.644225
v 20.637737 1.000000 -12.644225
v 20.647560 0.000000 -12.623198
v 20.647560 1.000000 -12.623198
v 20.650143 0.000000 -12.617679
v 20.650143 1.000000 -12.617679
v 20.296120 0.000000 -13.703031
v 20.291265 0.000000 -13.701688
v 20.296120 1.000000 -13.703031
v 20.291265 1.000000 -13.701688
v 20.285925 0.000000 -13.699651
v 20.285925 1.000000 -13.699651
v 20.279259 0.000000 -13.696381
v 20.279259 1.000000 -13.696381
v 20.271727 0.000000 -13.691635
v 20.271727 1.000000 -13.691635
v 20.263794 0.000000 -13.685172
v 20.263794 1.000000 -13.685172
v 20.255922 0.000000 -13.676749
v 20.255922 1.000000 -13.676749
v 20.248573 0.000000 -13.666123
v 20.248573 1.000000 -13.666123
v 20.242208 0.000000 -13.653054
v 20.242208 1.000000 -13.653054
v 20.237293 0.000000 -13.637298
v 20.237293 1.000000 -13.637298
v 20.234287 0.000000 -13.618611
v 20.234287 1.000000 -13.618611
v 20.233654 0.000000 -13.596754
v 20.233654 1.000000 -13.596754
v 20.235855 0.000000 -13.571483
v 20.235855 1.000000 -13.571483
v 20.241354 0.000000 -13.542556
v 20.241354 1.000000 -13.542556
v 20.250610 0.000000 -13.509730
v 20.250610 1.000000 -13.509730
v 20.180120 0.000000 -13.932000
v 20.209211 0.000000 -13.886127
v 20.180120 1.000000 -13.932000
v 20.209211 1.000000 -13.886127
v 20.233665 0.000000 -13.843284
v 20.233665 1.000000 -13.843284
v 20.253716 0.000000 -13.804420
v 20.253716 1.000000 -13.804420
v 20.269596 0.000000 -13.770484
v 20.269596 1.000000 -13.770484
v 20.281544 0.000000 -13.742427
v 20.281544 1.000000 -13.742427
v 20.289789 0.000000 -13.721200
v 20.289789 1.000000 -13.721200
v 20.294571 0.000000 -13.707751
v 20.294571 1.000000 -13.707751
v 20.170597 0.000000 -14.131968
v 20.167578 0.000000 -14.128486
v 20.170597 1.000000 -14.131968
v 20.167578 1.000000 -14.128486
v 20.160368 0.000000 -14.118282
v 20.160368 1.000000 -14.118282
v 20.151667 0.000000 -14.101646
v 20.151667 1.000000 -14.101646
v 20.147598 0.000000 -14.091006
v 20.147598 1.000000 -14.091006
v 20.144167 0.000000 -14.078864
v 20.144167 1.000000 -14.078864
v 20.141712 0.000000 -14.065258
v 20.141712 1.000000 -14.065258
v 20.140568 0.000000 -14.050222
v 20.140568 1.000000 -14.050222
v 20.141073 0.000000 -14.033793
v 20.141073 1.000000 -14.033793
v 20.143562 0.000000 -14.016006
v 20.143562 1.000000 -14.016006
v 20.148376 0.000000 -13.996898
v 20.148376 1.000000 -13.996898
v 20.155848 0.000000 -13.976503
v 20.155848 1.000000 -13.976503
v 20.166317 0.000000 -13.954859
v 20.166317 1.000000 -13.954859
v 19.940331 0.000000 -14.349684
v 19.998190 0.000000 -14.295594
v 19.940331 1.000000 -14.349684
v 19.998190 1.000000 -14.295594
v 20.046785 0.000000 -14.249938
v 20.046785 1.000000 -14.249938
v 20.086594 0.000000 -14.212338
v 20.086594 1.000000 -14.212338
v 20.118093 0.000000 -14.182417
v 20.118093 1.000000 -14.182417
v 20.141766 0.000000 -14.159797
v 20.141766 1.000000 -14.159797
v 20.158087 0.000000 -14.144101
v 20.158087 1.000000 -14.144101
v 20.167538 0.000000 -14.134951
v 20.167538 1.000000 -14.134951
v 19.857227 0.000000 -14.840950
v 19.844997 0.000000 -14.766387
v 19.857227 1.000000 -14.840950
v 19.844997 1.000000 -14.766387
v 19.833570 0.000000 -14.698271
v 19.833570 1.000000 -14.698271
v 19.825773 0.000000 -14.635257
v 19.825773 1.000000 -14.635257
v 19.824440 0.000000 -14.576002
v 19.824440 1.000000 -14.576002
v 19.827080 0.000000 -14.547363
v 19.827080 1.000000 -14.547363
v 19.832397 0.000000 -14.519161
v 19.832397 1.000000 -14.519161
v 19.840746 0.000000 -14.491226
v 19.840746 1.000000 -14.491226
v 19.852480 0.000000 -14.463390
v 19.852480 1.000000 -14.463390
v 19.867950 0.000000 -14.435487
v 19.867950 1.000000 -14.435487
v 19.887514 0.000000 -14.407347
v 19.887514 1.000000 -14.407347
v 19.911522 0.000000 -14.378801
v 19.911522 1.000000 -14.378801
v 19.721317 0.000000 -15.270321
v 19.738592 0.000000 -15.221360
v 19.721317 1.000000 -15.270321
v 19.738592 1.000000 -15.221360
v 19.755278 0.000000 -15.179545
v 19.755278 1.000000 -15.179545
v 19.771248 0.000000 -15.143977
v 19.771248 1.000000 -15.143977
v 19.786377 0.000000 -15.113756
v 19.786377 1.000000 -15.113756
v 19.813622 0.000000 -15.065761
v 19.813622 1.000000 -15.065761
v 19.836018 0.000000 -15.028367
v 19.836018 1.000000 -15.028367
v 19.852570 0.000000 -14.994381
v 19.852570 1.000000 -14.994381
v 19.858345 0.000000 -14.976418
v 19.858345 1.000000 -14.976418
v 19.862286 0.000000 -14.956611
v 19.862286 1.000000 -14.956611
v 19.864267 0.000000 -14.934059
v 19.864267 1.000000 -14.934059
v 19.864168 0.000000 -14.907865
v 19.864168 1.000000 -14.907865
v 19.861864 0.000000 -14.877128
v 19.861864 1.000000 -14.877128
v 19.449497 0.000000 -15.989690
v 19.487381 0.000000 -15.919741
v 19.449497 1.000000 -15.989690
v 19.487381 1.000000 -15.919741
v 19.522890 0.000000 -15.842533
v 19.522890 1.000000 -15.842533
v 19.556654 0.000000 -15.758843
v 19.556654 1.000000 -15.758843
v 19.589302 0.000000 -15.669447
v 19.589302 1.000000 -15.669447
v 19.621464 0.000000 -15.575121
v 19.621464 1.000000 -15.575121
v 19.653769 0.000000 -15.476640
v 19.653769 1.000000 -15.476640
v 19.188932 0.000000 -16.210001
v 19.202690 0.000000 -16.195721
v 19.188932 1.000000 -16.210001
v 19.202690 1.000000 -16.195721
v 19.216709 0.000000 -16.183865
v 19.216709 1.000000 -16.183865
v 19.245592 0.000000 -16.165413
v 19.245592 1.000000 -16.165413
v 19.307203 0.000000 -16.135391
v 19.307203 1.000000 -16.135391
v 19.340195 0.000000 -16.115738
v 19.340195 1.000000 -16.115738
v 19.374821 0.000000 -16.087597
v 19.374821 1.000000 -16.087597
v 19.411211 0.000000 -16.046928
v 19.411211 1.000000 -16.046928
v 19.430109 0.000000 -16.020634
v 19.430109 1.000000 -16.020634
v 19.021858 0.000000 -16.638506
v 19.043325 0.000000 -16.593307
v 19.021858 1.000000 -16.638506
v 19.043325 1.000000 -16.593307
v 19.061562 0.000000 -16.551550
v 19.061562 1.000000 -16.551550
v 19.076939 0.000000 -16.513021
v 19.076939 1.000000 -16.513021
v 19.089840 0.000000 -16.477512
v 19.089840 1.000000 -16.477512
v 19.109720 0.000000 -16.414705
v 19.109720 1.000000 -16.414705
v 19.124224 0.000000 -16.361439
v 19.124224 1.000000 -16.361439
v 19.136374 0.000000 -16.316025
v 19.136374 1.000000 -16.316025
v 19.149193 0.000000 -16.276773
v 19.149193 1.000000 -16.276773
v 19.165705 0.000000 -16.241995
v 19.165705 1.000000 -16.241995
v 19.176291 0.000000 -16.225756
v 19.176291 1.000000 -16.225756
v 19.010605 0.000000 -17.463921
v 19.009333 0.000000 -17.457314
v 19.010605 1.000000 -17.463921
v 19.009333 1.000000 -17.457314
v 19.005907 0.000000 -17.438585
v 19.005907 1.000000 -17.438585
v 19.000845 0.000000 -17.409046
v 19.000845 1.000000 -17.409046
v 18.994663 0.000000 -17.370010
v 18.994663 1.000000 -17.370010
v 18.987883 0.000000 -17.322788
v 18.987883 1.000000 -17.322788
v 18.981018 0.000000 -17.268694
v 18.981018 1.000000 -17.268694
v 18.974592 0.000000 -17.209042
v 18.974592 1.000000 -17.209042
v 18.969118 0.000000 -17.145140
v 18.969118 1.000000 -17.145140
v 18.963106 0.000000 -17.009842
v 18.963106 1.000000 -17.009842
v 18.967129 0.000000 -16.873306
v 18.967129 1.000000 -16.873306
v 18.974199 0.000000 -16.807852
v 18.974199 1.000000 -16.807852
v 18.985332 0.000000 -16.746027
v 18.985332 1.000000 -16.746027
v 19.001045 0.000000 -16.689140
v 19.001045 1.000000 -16.689140
v 18.896338 0.000000 -17.474741
v 18.896338 1.000000 -17.474741
v 18.838345 0.000000 -17.787157
v 18.838345 0.333333 -17.787157
v 18.843531 0.000000 -17.829231
v 18.838345 0.666667 -17.787157
v 18.843531 1.000000 -17.829231
v 18.838345 1.000000 -17.787157
v 18.831573 0.666667 -17.735130
v 18.831573 1.000000 -17.735130
v 18.823189 0.666667 -17.619848
v 18.823189 1.000000 -17.619848
v 18.826523 0.666667 -17.565905
v 18.826523 1.000000 -17.565905
v 18.831154 0.666667 -17.541895
v 18.831154 1.000000 -17.541895
v 18.838175 0.666667 -17.520634
v 18.838175 1.000000 -17.520634
v 18.842678 0.666667 -17.511217
v 18.842678 1.000000 -17.511217
v 18.847895 0.666667 -17.502707
v 18.847895 1.000000 -17.502707
v 18.853863 0.666667 -17.495174
v 18.853863 1.000000 -17.495174
v 18.860620 0.666667 -17.488695
v 18.860620 1.000000 -17.488695
v 18.868210 0.666667 -17.483337
v 18.868210 1.000000 -17.483337
v 18.876665 0.666667 -17.479177
v 18.876665 1.000000 -17.479177
v 18.886028 0.666667 -17.476288
v 18.886028 1.000000 -17.476288
v 18.886028 0.333333 -17.476288
v 18.886028 0.000000 -17.476288
v 18.876665 0.333333 -17.479177
v 18.876665 0.000000 -17.479177
v 18.868210 0.333333 -17.483337
v 18.868210 0.000000 -17.483337
v 18.860620 0.333333 -17.488695
v 18.860620 0.000000 -17.488695
v 18.853863 0.333333 -17.495174
v 18.853863 0.000000 -17.495174
v 18.847895 0.333333 -17.502707
v 18.847895 0.000000 -17.502707
v 18.842678 0.333333 -17.511217
v 18.842678 0.000000 -17.511217
v 18.838175 0.333333 -17.520634
v 18.838175 0.000000 -17.520634
v 18.831154 0.333333 -17.541895
v 18.831154 0.000000 -17.541895
v 18.826523 0.333333 -17.565905
v 18.826523 0.000000 -17.565905
v 18.823189 0.333333 -17.619848
v 18.823189 0.000000 -17.619848
v 18.831573 0.333333 -17.735130
v 18.831573 0.000000 -17.735130
v 18.801979 0.000000 -18.184155
v 18.816256 0.000000 -18.169155
v 18.801979 1.000000 -18.184155
v 18.816256 1.000000 -18.169155
v 18.828051 0.000000 -18.151791
v 18.828051 1.000000 -18.151791
v 18.837563 0.000000 -18.132360
v 18.837563 1.000000 -18.132360
v 18.844992 0.000000 -18.111168
v 18.844992 1.000000 -18.111168
v 18.854385 0.000000 -18.064703
v 18.854385 1.000000 -18.064703
v 18.857815 0.000000 -18.014809
v 18.857815 1.000000 -18.014809
v 18.853107 0.000000 -17.914391
v 18.853107 1.000000 -17.914391
v 18.848137 0.000000 -17.868696
v 18.848137 1.000000 -17.868696
v 18.666069 1.000000 -18.633003
v 18.666069 0.000000 -18.633003
v 18.687359 0.500000 -18.590971
v 18.687359 0.000000 -18.590971
v 18.704504 0.000000 -18.550888
v 18.704504 0.500000 -18.550888
v 18.728451 0.000000 -18.476500
v 18.728451 0.500000 -18.476500
v 18.742092 0.000000 -18.409689
v 18.742092 0.500000 -18.409689
v 18.749607 0.000000 -18.350307
v 18.749607 0.500000 -18.350307
v 18.755173 0.000000 -18.298212
v 18.755173 0.500000 -18.298212
v 18.762970 0.000000 -18.253252
v 18.762970 0.500000 -18.253252
v 18.769012 0.000000 -18.233402
v 18.769012 0.500000 -18.233402
v 18.777180 0.000000 -18.215282
v 18.777180 0.500000 -18.215282
v 18.787994 0.000000 -18.198872
v 18.787994 0.500000 -18.198872
v 18.794558 0.000000 -18.191303
v 18.794558 0.500000 -18.191303
v 18.794558 1.000000 -18.191303
v 18.787994 1.000000 -18.198872
v 18.777180 1.000000 -18.215282
v 18.769012 1.000000 -18.233402
v 18.762970 1.000000 -18.253252
v 18.755173 1.000000 -18.298212
v 18.749607 1.000000 -18.350307
v 18.742092 1.000000 -18.409689
v 18.728451 1.000000 -18.476500
v 18.704504 1.000000 -18.550888
v 18.687359 1.000000 -18.590971
v 18.687712 0.000000 -19.228580
v 18.666471 0.000000 -19.173431
v 18.687712 1.000000 -19.228580
v 18.666471 1.000000 -19.173431
v 18.644402 0.000000 -19.110628
v 18.644402 1.000000 -19.110628
v 18.624561 0.000000 -19.041239
v 18.624561 1.000000 -19.041239
v 18.610018 0.000000 -18.966339
v 18.610018 1.000000 -18.966339
v 18.603832 0.000000 -18.886993
v 18.603832 1.000000 -18.886993
v 18.609070 0.000000 -18.804276
v 18.609070 1.000000 -18.804276
v 18.616930 0.000000 -18.761988
v 18.616930 1.000000 -18.761988
v 18.628796 0.000000 -18.719255
v 18.628796 1.000000 -18.719255
v 18.645046 0.000000 -18.676216
v 18.645046 1.000000 -18.676216
v 18.738785 0.000000 -20.650438
v 18.740627 0.000000 -20.567070
v 18.738785 1.000000 -20.650438
v 18.740627 1.000000 -20.567070
v 18.741917 0.000000 -20.474909
v 18.741917 1.000000 -20.474909
v 18.742628 0.000000 -20.375681
v 18.742628 1.000000 -20.375681
v 18.742735 0.000000 -20.271114
v 18.742735 1.000000 -20.271114
v 18.736622 0.000000 -19.834007
v 18.736622 1.000000 -19.834007
v 18.733330 0.000000 -19.728655
v 18.733330 1.000000 -19.728655
v 18.729282 0.000000 -19.628326
v 18.729282 1.000000 -19.628326
v 18.724455 0.000000 -19.534750
v 18.724455 1.000000 -19.534750
v 18.718821 0.000000 -19.449652
v 18.718821 1.000000 -19.449652
v 18.712355 0.000000 -19.374758
v 18.712355 1.000000 -19.374758
v 18.705030 0.000000 -19.311796
v 18.705030 1.000000 -19.311796
v 18.696825 0.000000 -19.262495
v 18.696825 1.000000 -19.262495
v 18.692383 0.000000 -19.243507
v 18.692383 1.000000 -19.243507
v 18.905859 0.000000 -21.548569
v 18.847980 0.000000 -21.365932
v 18.905859 1.000000 -21.548569
v 18.847980 1.000000 -21.365932
v 18.818682 0.000000 -21.269379
v 18.818682 1.000000 -21.269379
v 18.791483 0.000000 -21.166538
v 18.791483 1.000000 -21.166538
v 18.768139 0.000000 -21.055319
v 18.768139 1.000000 -21.055319
v 18.750404 0.000000 -20.933626
v 18.750404 1.000000 -20.933626
v 18.744188 0.000000 -20.868198
v 18.744188 1.000000 -20.868198
v 18.740034 0.000000 -20.799364
v 18.740034 1.000000 -20.799364
v 18.738161 0.000000 -20.726866
v 18.738161 1.000000 -20.726866
v 18.603741 0.000000 -22.404713
v 18.638908 0.000000 -22.330540
v 18.603741 1.000000 -22.404713
v 18.638908 1.000000 -22.330540
v 18.673710 0.000000 -22.260696
v 18.673710 1.000000 -22.260696
v 18.740665 0.000000 -22.132650
v 18.740665 1.000000 -22.132650
v 18.801514 0.000000 -22.017870
v 18.801514 1.000000 -22.017870
v 18.853161 0.000000 -21.913662
v 18.853161 1.000000 -21.913662
v 18.892513 0.000000 -21.817327
v 18.892513 1.000000 -21.817327
v 18.906612 0.000000 -21.771267
v 18.906612 1.000000 -21.771267
v 18.916477 0.000000 -21.726166
v 18.916477 1.000000 -21.726166
v 18.921721 0.000000 -21.681681
v 18.921721 1.000000 -21.681681
v 18.921957 0.000000 -21.637478
v 18.921957 1.000000 -21.637478
v 18.916798 0.000000 -21.593220
v 18.916798 1.000000 -21.593220
v 18.540548 0.000000 -23.218872
v 18.539164 0.000000 -23.214136
v 18.540548 1.000000 -23.218872
v 18.539164 1.000000 -23.214136
v 18.535486 0.000000 -23.200478
v 18.535486 1.000000 -23.200478
v 18.530161 0.000000 -23.178488
v 18.530161 1.000000 -23.178488
v 18.523830 0.000000 -23.148764
v 18.523830 1.000000 -23.148764
v 18.517139 0.000000 -23.111897
v 18.517139 1.000000 -23.111897
v 18.510729 0.000000 -23.068480
v 18.510729 1.000000 -23.068480
v 18.505243 0.000000 -23.019110
v 18.505243 1.000000 -23.019110
v 18.501329 0.000000 -22.964376
v 18.501329 1.000000 -22.964376
v 18.499628 0.000000 -22.904875
v 18.499628 1.000000 -22.904875
v 18.500782 0.000000 -22.841198
v 18.500782 1.000000 -22.841198
v 18.505436 0.000000 -22.773941
v 18.505436 1.000000 -22.773941
v 18.514235 0.000000 -22.703695
v 18.514235 1.000000 -22.703695
v 18.527822 0.000000 -22.631056
v 18.527822 1.000000 -22.631056
v 18.546839 0.000000 -22.556618
v 18.546839 1.000000 -22.556618
v 18.571932 0.000000 -22.480972
v 18.571932 1.000000 -22.480972
v 18.396172 0.000000 -23.008150
v 18.396172 0.250000 -23.008150
v 18.341444 0.000000 -22.853992
v 18.396172 0.500000 -23.008150
v 18.341444 1.000000 -22.853992
v 18.396172 0.750000 -23.008150
v 18.396172 1.000000 -23.008150
v 18.422853 0.750000 -23.078091
v 18.422853 1.000000 -23.078091
v 18.448788 0.750000 -23.138689
v 18.448788 1.000000 -23.138689
v 18.473745 0.750000 -23.186506
v 18.473745 1.000000 -23.186506
v 18.485790 0.750000 -23.204546
v 18.485790 1.000000 -23.204546
v 18.497507 0.750000 -23.218102
v 18.497507 1.000000 -23.218102
v 18.503235 0.750000 -23.223063
v 18.503235 1.000000 -23.223063
v 18.508869 0.750000 -23.226740
v 18.508869 1.000000 -23.226740
v 18.511652 0.750000 -23.228083
v 18.511652 1.000000 -23.228083
v 18.514410 0.750000 -23.229084
v 18.514410 1.000000 -23.229084
v 18.517141 0.750000 -23.229736
v 18.517141 1.000000 -23.229736
v 18.519850 0.750000 -23.230036
v 18.519850 1.000000 -23.230036
v 18.522532 0.750000 -23.229975
v 18.522532 1.000000 -23.229975
v 18.525187 0.750000 -23.229546
v 18.525187 1.000000 -23.229546
v 18.527817 0.750000 -23.228741
v 18.527817 1.000000 -23.228741
v 18.530418 0.750000 -23.227556
v 18.530418 1.000000 -23.227556
v 18.532993 0.750000 -23.225983
v 18.532993 1.000000 -23.225983
v 18.535540 0.750000 -23.224016
v 18.535540 1.000000 -23.224016
v 18.535540 0.500000 -23.224016
v 18.535540 0.250000 -23.224016
v 18.535540 0.000000 -23.224016
v 18.532993 0.250000 -23.225983
v 18.532993 0.000000 -23.225983
v 18.530418 0.250000 -23.227556
v 18.530418 0.000000 -23.227556
v 18.527817 0.250000 -23.228741
v 18.527817 0.000000 -23.228741
v 18.525187 0.250000 -23.229546
v 18.525187 0.000000 -23.229546
v 18.522532 0.250000 -23.229975
v 18.522532 0.000000 -23.229975
v 18.519850 0.250000 -23.230036
v 18.519850 0.000000 -23.230036
v 18.517141 0.250000 -23.229736
v 18.517141 0.000000 -23.229736
v 18.514410 0.250000 -23.229084
v 18.514410 0.000000 -23.229084
v 18.511652 0.250000 -23.228083
v 18.511652 0.000000 -23.228083
v 18.508869 0.250000 -23.226740
v 18.508869 0.000000 -23.226740
v 18.503235 0.250000 -23.223063
v 18.503235 0.000000 -23.223063
v 18.497507 0.250000 -23.218102
v 18.497507 0.000000 -23.218102
v 18.485790 0.250000 -23.204546
v 18.485790 0.000000 -23.204546
v 18.473745 0.250000 -23.186506
v 18.473745 0.000000 -23.186506
v 18.448788 0.250000 -23.138689
v 18.448788 0.000000 -23.138689
v 18.422853 0.250000 -23.078091
v 18.422853 0.000000 -23.078091
v 18.532993 0.500000 -23.225983
v 18.530418 0.500000 -23.227556
v 18.527817 0.500000 -23.228741
v 18.525187 0.500000 -23.229546
v 18.522532 0.500000 -23.229975
v 18.519850 0.500000 -23.230036
v 18.517141 0.500000 -23.229736
v 18.514410 0.500000 -23.229084
v 18.511652 0.500000 -23.228083
v 18.508869 0.500000 -23.226740
v 18.503235 0.500000 -23.223063
v 18.497507 0.500000 -23.218102
v 18.485790 0.500000 -23.204546
v 18.473745 0.500000 -23.186506
v 18.448788 0.500000 -23.138689
v 18.422853 0.500000 -23.078091
v 18.039328 0.000000 -22.206474
v 18.064318 0.000000 -22.276711
v 18.039328 1.000000 -22.206474
v 18.064318 1.000000 -22.276711
v 18.088346 0.000000 -22.339413
v 18.088346 1.000000 -22.339413
v 18.111444 0.000000 -22.395344
v 18.111444 1.000000 -22.395344
v 18.133644 0.000000 -22.445271
v 18.133644 1.000000 -22.445271
v 18.154976 0.000000 -22.489954
v 18.154976 1.000000 -22.489954
v 18.175472 0.000000 -22.530159
v 18.175472 1.000000 -22.530159
v 18.214083 0.000000 -22.600191
v 18.214083 1.000000 -22.600191
v 18.249733 0.000000 -22.661478
v 18.249733 1.000000 -22.661478
v 18.282673 0.000000 -22.720133
v 18.282673 1.000000 -22.720133
v 18.313160 0.000000 -22.782267
v 18.313160 1.000000 -22.782267
v 17.694792 0.000000 -21.319599
v 17.698835 0.000000 -21.323751
v 17.694792 1.000000 -21.319599
v 17.698835 1.000000 -21.323751
v 17.709438 0.000000 -21.335356
v 17.709438 1.000000 -21.335356
v 17.724415 0.000000 -21.353239
v 17.724415 1.000000 -21.353239
v 17.741573 0.000000 -21.376226
v 17.741573 1.000000 -21.376226
v 17.758726 0.000000 -21.403147
v 17.758726 1.000000 -21.403147
v 17.773689 0.000000 -21.432825
v 17.773689 1.000000 -21.432825
v 17.784269 0.000000 -21.464088
v 17.784269 1.000000 -21.464088
v 17.787235 0.000000 -21.479948
v 17.787235 1.000000 -21.479948
v 17.788284 0.000000 -21.495762
v 17.788284 1.000000 -21.495762
v 17.789610 0.000000 -21.513155
v 17.789610 1.000000 -21.513155
v 17.793495 0.000000 -21.534023
v 17.793495 1.000000 -21.534023
v 17.799805 0.000000 -21.558395
v 17.799805 1.000000 -21.558395
v 17.808397 0.000000 -21.586298
v 17.808397 1.000000 -21.586298
v 17.819134 0.000000 -21.617760
v 17.819134 1.000000 -21.617760
v 17.831879 0.000000 -21.652807
v 17.831879 1.000000 -21.652807
v 17.846495 0.000000 -21.691467
v 17.846495 1.000000 -21.691467
v 17.862839 0.000000 -21.733767
v 17.862839 1.000000 -21.733767
v 17.880777 0.000000 -21.779734
v 17.880777 1.000000 -21.779734
v 17.900169 0.000000 -21.829395
v 17.900169 1.000000 -21.829395
v 17.920877 0.000000 -21.882778
v 17.920877 1.000000 -21.882778
v 17.942764 0.000000 -21.939911
v 17.942764 1.000000 -21.939911
v 17.965691 0.000000 -22.000818
v 17.965691 1.000000 -22.000818
v 17.989519 0.000000 -22.065531
v 17.989519 1.000000 -22.065531
v 18.014111 0.000000 -22.134073
v 18.014111 1.000000 -22.134073
v 17.454136 0.000000 -20.994108
v 17.472387 0.000000 -21.044199
v 17.454136 1.000000 -20.994108
v 17.472387 1.000000 -21.044199
v 17.491562 0.000000 -21.088993
v 17.491562 1.000000 -21.088993
v 17.511372 0.000000 -21.128777
v 17.511372 1.000000 -21.128777
v 17.531525 0.000000 -21.163834
v 17.531525 1.000000 -21.163834
v 17.551733 0.000000 -21.194450
v 17.551733 1.000000 -21.194450
v 17.571709 0.000000 -21.220911
v 17.571709 1.000000 -21.220911
v 17.609793 0.000000 -21.262503
v 17.609793 1.000000 -21.262503
v 17.643461 0.000000 -21.290888
v 17.643461 1.000000 -21.290888
v 17.670397 0.000000 -21.308348
v 17.670397 1.000000 -21.308348
v 17.688278 0.000000 -21.317158
v 17.688278 1.000000 -21.317158
v 16.963303 0.000000 -20.076069
v 17.028122 0.000000 -20.165672
v 16.963303 1.000000 -20.076069
v 17.028122 1.000000 -20.165672
v 17.085657 0.000000 -20.247509
v 17.085657 1.000000 -20.247509
v 17.136490 0.000000 -20.322321
v 17.136490 1.000000 -20.322321
v 17.181208 0.000000 -20.390854
v 17.181208 1.000000 -20.390854
v 17.220398 0.000000 -20.453850
v 17.220398 1.000000 -20.453850
v 17.254644 0.000000 -20.512053
v 17.254644 1.000000 -20.512053
v 17.284533 0.000000 -20.566208
v 17.284533 1.000000 -20.566208
v 17.310652 0.000000 -20.617056
v 17.310652 1.000000 -20.617056
v 17.353918 0.000000 -20.711815
v 17.353918 1.000000 -20.711815
v 17.389130 0.000000 -20.802275
v 17.389130 1.000000 -20.802275
v 17.420973 0.000000 -20.894390
v 17.420973 1.000000 -20.894390
v 16.336561 0.000000 -19.209105
v 16.391085 0.000000 -19.292437
v 16.336561 1.000000 -19.209105
v 16.391085 1.000000 -19.292437
v 16.438231 0.000000 -19.363615
v 16.438231 1.000000 -19.363615
v 16.479139 0.000000 -19.424408
v 16.479139 1.000000 -19.424408
v 16.514956 0.000000 -19.476587
v 16.514956 1.000000 -19.476587
v 16.546820 0.000000 -19.521929
v 16.546820 1.000000 -19.521929
v 16.575874 0.000000 -19.562202
v 16.575874 1.000000 -19.562202
v 16.630129 0.000000 -19.634634
v 16.630129 1.000000 -19.634634
v 16.686859 0.000000 -19.708057
v 16.686859 1.000000 -19.708057
v 16.719009 0.000000 -19.749575
v 16.719009 1.000000 -19.749575
v 16.755205 0.000000 -19.796656
v 16.755205 1.000000 -19.796656
v 16.796589 0.000000 -19.851072
v 16.796589 1.000000 -19.851072
v 16.844305 0.000000 -19.914598
v 16.844305 1.000000 -19.914598
v 16.899496 0.000000 -19.989008
v 16.899496 1.000000 -19.989008
v 16.930252 0.000000 -20.030846
v 16.930252 1.000000 -20.030846
v 16.159100 0.000000 -18.655077
v 16.213449 0.000000 -18.700489
v 16.159100 1.000000 -18.655077
v 16.213449 1.000000 -18.700489
v 16.264736 0.000000 -18.751444
v 16.264736 1.000000 -18.751444
v 16.309896 0.000000 -18.808577
v 16.309896 1.000000 -18.808577
v 16.329222 0.000000 -18.839659
v 16.329222 1.000000 -18.839659
v 16.345867 0.000000 -18.872522
v 16.345867 1.000000 -18.872522
v 16.359447 0.000000 -18.907248
v 16.359447 1.000000 -18.907248
v 16.369581 0.000000 -18.943913
v 16.369581 1.000000 -18.943913
v 16.375885 0.000000 -18.982599
v 16.375885 1.000000 -18.982599
v 16.377977 0.000000 -19.023384
v 16.377977 1.000000 -19.023384
v 16.375473 0.000000 -19.066349
v 16.375473 1.000000 -19.066349
v 16.367992 0.000000 -19.111570
v 16.367992 1.000000 -19.111570
v 16.355148 0.000000 -19.159128
v 16.355148 1.000000 -19.159128
v 15.835340 0.000000 -18.309675
v 15.857902 0.000000 -18.346676
v 15.835340 1.000000 -18.309675
v 15.857902 1.000000 -18.346676
v 15.879004 0.000000 -18.379711
v 15.879004 1.000000 -18.379711
v 15.917821 0.000000 -18.435530
v 15.917821 1.000000 -18.435530
v 15.953756 0.000000 -18.480400
v 15.953756 1.000000 -18.480400
v 15.988779 0.000000 -18.517599
v 15.988779 1.000000 -18.517599
v 16.063957 0.000000 -18.582056
v 16.063957 1.000000 -18.582056
v 16.108047 0.000000 -18.615860
v 16.108047 1.000000 -18.615860
v 15.291700 0.000000 -18.007126
v 15.296495 0.000000 -18.008238
v 15.291700 1.000000 -18.007126
v 15.296495 1.000000 -18.008238
v 15.310032 0.000000 -18.011560
v 15.310032 1.000000 -18.011560
v 15.331269 0.000000 -18.017130
v 15.331269 1.000000 -18.017130
v 15.359169 0.000000 -18.024979
v 15.359169 1.000000 -18.024979
v 15.392692 0.000000 -18.035143
v 15.392692 1.000000 -18.035143
v 15.430799 0.000000 -18.047659
v 15.430799 1.000000 -18.047659
v 15.516606 0.000000 -18.079876
v 15.516606 1.000000 -18.079876
v 15.608278 0.000000 -18.121910
v 15.608278 1.000000 -18.121910
v 15.697500 0.000000 -18.174036
v 15.697500 1.000000 -18.174036
v 15.738594 0.000000 -18.203972
v 15.738594 1.000000 -18.203972
v 15.775959 0.000000 -18.236532
v 15.775959 1.000000 -18.236532
v 15.808554 0.000000 -18.271757
v 15.808554 1.000000 -18.271757
v 15.354029 0.000000 -17.756516
v 15.360551 0.000000 -17.817984
v 15.354029 1.000000 -17.756516
v 15.360551 1.000000 -17.817984
v 15.357816 0.000000 -17.870165
v 15.357816 1.000000 -17.870165
v 15.348408 0.000000 -17.913397
v 15.348408 1.000000 -17.913397
v 15.334911 0.000000 -17.948015
v 15.334911 1.000000 -17.948015
v 15.319908 0.000000 -17.974361
v 15.319908 1.000000 -17.974361
v 15.305984 0.000000 -17.992771
v 15.305984 1.000000 -17.992771
v 15.295720 0.000000 -18.003580
v 15.295720 1.000000 -18.003580
v 15.186955 0.000000 -17.589441
v 15.192930 0.000000 -17.589321
v 15.186955 1.000000 -17.589441
v 15.192930 1.000000 -17.589321
v 15.208858 0.000000 -17.590527
v 15.208858 1.000000 -17.590527
v 15.231890 0.000000 -17.595394
v 15.231890 1.000000 -17.595394
v 15.245181 0.000000 -17.599932
v 15.245181 1.000000 -17.599932
v 15.259181 0.000000 -17.606264
v 15.259181 1.000000 -17.606264
v 15.273535 0.000000 -17.614679
v 15.273535 1.000000 -17.614679
v 15.287887 0.000000 -17.625473
v 15.287887 1.000000 -17.625473
v 15.301881 0.000000 -17.638935
v 15.301881 1.000000 -17.638935
v 15.315161 0.000000 -17.655359
v 15.315161 1.000000 -17.655359
v 15.327371 0.000000 -17.675037
v 15.327371 1.000000 -17.675037
v 15.338157 0.000000 -17.698261
v 15.338157 1.000000 -17.698261
v 15.347161 0.000000 -17.725323
v 15.347161 1.000000 -17.725323
v 15.323730 1.000000 -17.286026
v 15.323730 0.000000 -17.286026
v 15.334307 0.500000 -17.294245
v 15.334307 0.000000 -17.294245
v 15.342740 0.000000 -17.303196
v 15.342740 0.500000 -17.303196
v 15.349150 0.000000 -17.312817
v 15.349150 0.500000 -17.312817
v 15.353654 0.000000 -17.323038
v 15.353654 0.500000 -17.323038
v 15.356371 0.000000 -17.333797
v 15.356371 0.500000 -17.333797
v 15.357420 0.000000 -17.345028
v 15.357420 0.500000 -17.345028
v 15.356918 0.000000 -17.356665
v 15.356918 0.500000 -17.356665
v 15.354985 0.000000 -17.368645
v 15.354985 0.500000 -17.368645
v 15.347298 0.000000 -17.393370
v 15.347298 0.500000 -17.393370
v 15.335303 0.000000 -17.418680
v 15.335303 0.500000 -17.418680
v 15.302187 0.000000 -17.468977
v 15.302187 0.500000 -17.468977
v 15.263215 0.000000 -17.515368
v 15.263215 0.500000 -17.515368
v 15.225966 0.000000 -17.553688
v 15.225966 0.500000 -17.553688
v 15.210357 0.000000 -17.568518
v 15.210357 0.500000 -17.568518
v 15.198020 0.000000 -17.579767
v 15.198020 0.500000 -17.579767
v 15.189903 0.000000 -17.586916
v 15.189903 0.500000 -17.586916
v 15.189903 1.000000 -17.586916
v 15.198020 1.000000 -17.579767
v 15.210357 1.000000 -17.568518
v 15.225966 1.000000 -17.553688
v 15.263215 1.000000 -17.515368
v 15.302187 1.000000 -17.468977
v 15.335303 1.000000 -17.418680
v 15.347298 1.000000 -17.393370
v 15.354985 1.000000 -17.368645
v 15.356918 1.000000 -17.356665
v 15.357420 1.000000 -17.345028
v 15.356371 1.000000 -17.333797
v 15.353654 1.000000 -17.323038
v 15.349150 1.000000 -17.312817
v 15.342740 1.000000 -17.303196
v 15.334307 1.000000 -17.294245
v 14.842420 1.000000 -17.620605
v 14.842420 0.000000 -17.620605
v 14.974839 0.500000 -17.481470
v 14.974839 0.000000 -17.481470
v 15.039599 0.000000 -17.414425
v 15.039599 0.500000 -17.414425
v 15.102552 0.000000 -17.355116
v 15.102552 0.500000 -17.355116
v 15.163072 0.000000 -17.308083
v 15.163072 0.500000 -17.308083
v 15.192222 0.000000 -17.290586
v 15.192222 0.500000 -17.290586
v 15.220527 0.000000 -17.277863
v 15.220527 0.500000 -17.277863
v 15.234338 0.000000 -17.273466
v 15.234338 0.500000 -17.273466
v 15.247909 0.000000 -17.270477
v 15.247909 0.500000 -17.270477
v 15.261230 0.000000 -17.268963
v 15.261230 0.500000 -17.268963
v 15.274289 0.000000 -17.268997
v 15.274289 0.500000 -17.268997
v 15.287079 0.000000 -17.270649
v 15.287079 0.500000 -17.270649
v 15.299589 0.000000 -17.273991
v 15.299589 0.500000 -17.273991
v 15.311810 0.000000 -17.279093
v 15.311810 0.500000 -17.279093
v 15.311810 1.000000 -17.279093
v 15.299589 1.000000 -17.273991
v 15.287079 1.000000 -17.270649
v 15.274289 1.000000 -17.268997
v 15.261230 1.000000 -17.268963
v 15.247909 1.000000 -17.270477
v 15.234338 1.000000 -17.273466
v 15.220527 1.000000 -17.277863
v 15.192222 1.000000 -17.290586
v 15.163072 1.000000 -17.308083
v 15.102552 1.000000 -17.355116
v 15.039599 1.000000 -17.414425
v 14.974839 1.000000 -17.481470
v 14.696122 0.000000 -18.027037
v 14.700951 0.000000 -17.988543
v 14.696122 1.000000 -18.027037
v 14.700951 1.000000 -17.988543
v 14.704077 0.000000 -17.954342
v 14.704077 1.000000 -17.954342
v 14.707172 0.000000 -17.896639
v 14.707172 1.000000 -17.896639
v 14.709315 0.000000 -17.849554
v 14.709315 1.000000 -17.849554
v 14.714409 0.000000 -17.808725
v 14.714409 1.000000 -17.808725
v 14.719284 0.000000 -17.789291
v 14.719284 1.000000 -17.789291
v 14.726361 0.000000 -17.769783
v 14.726361 1.000000 -17.769783
v 14.736130 0.000000 -17.749655
v 14.736130 1.000000 -17.749655
v 14.749077 0.000000 -17.728361
v 14.749077 1.000000 -17.728361
v 14.765691 0.000000 -17.705355
v 14.765691 1.000000 -17.705355
v 14.786461 0.000000 -17.680090
v 14.786461 1.000000 -17.680090
v 14.811874 0.000000 -17.652023
v 14.811874 1.000000 -17.652023
v 14.706510 1.000000 -18.362482
v 14.706510 0.000000 -18.362482
v 14.680230 0.500000 -18.349085
v 14.680230 0.000000 -18.349085
v 14.659800 0.000000 -18.336121
v 14.659800 0.500000 -18.336121
v 14.644697 0.000000 -18.323278
v 14.644697 0.500000 -18.323278
v 14.638982 0.000000 -18.316807
v 14.638982 0.500000 -18.316807
v 14.634402 0.000000 -18.310251
v 14.634402 0.500000 -18.310251
v 14.630896 0.000000 -18.303572
v 14.630896 0.500000 -18.303572
v 14.628394 0.000000 -18.296728
v 14.628394 0.500000 -18.296728
v 14.626834 0.000000 -18.289686
v 14.626834 0.500000 -18.289686
v 14.626150 0.000000 -18.282404
v 14.626150 0.500000 -18.282404
v 14.626277 0.000000 -18.274843
v 14.626277 0.500000 -18.274843
v 14.627150 0.000000 -18.266966
v 14.627150 0.500000 -18.266966
v 14.630873 0.000000 -18.250107
v 14.630873 0.500000 -18.250107
v 14.644401 0.000000 -18.210894
v 14.644401 0.500000 -18.210894
v 14.662564 0.000000 -18.162291
v 14.662564 0.500000 -18.162291
v 14.681194 0.000000 -18.101828
v 14.681194 0.500000 -18.101828
v 14.689382 0.000000 -18.066378
v 14.689382 0.500000 -18.066378
v 14.689382 1.000000 -18.066378
v 14.681194 1.000000 -18.101828
v 14.662564 1.000000 -18.162291
v 14.644401 1.000000 -18.210894
v 14.630873 1.000000 -18.250107
v 14.627150 1.000000 -18.266966
v 14.626277 1.000000 -18.274843
v 14.626150 1.000000 -18.282404
v 14.626834 1.000000 -18.289686
v 14.628394 1.000000 -18.296728
v 14.630896 1.000000 -18.303572
v 14.634402 1.000000 -18.310251
v 14.638982 1.000000 -18.316807
v 14.644697 1.000000 -18.323278
v 14.659800 1.000000 -18.336121
v 14.680230 1.000000 -18.349085
v 14.821644 0.000000 -18.810898
v 14.802871 0.000000 -18.790230
v 14.821644 1.000000 -18.810898
v 14.802871 1.000000 -18.790230
v 14.785807 0.000000 -18.767361
v 14.785807 1.000000 -18.767361
v 14.756664 0.000000 -18.716059
v 14.756664 1.000000 -18.716059
v 14.733934 0.000000 -18.659086
v 14.733934 1.000000 -18.659086
v 14.717331 0.000000 -18.598537
v 14.717331 1.000000 -18.598537
v 14.706571 0.000000 -18.536509
v 14.706571 1.000000 -18.536509
v 14.701370 0.000000 -18.475092
v 14.701370 1.000000 -18.475092
v 14.701445 0.000000 -18.416386
v 14.701445 1.000000 -18.416386
v 15.093463 0.000000 -19.209105
v 15.050524 0.000000 -19.192581
v 15.093463 1.000000 -19.209105
v 15.050524 1.000000 -19.192581
v 15.011837 0.000000 -19.174417
v 15.011837 1.000000 -19.174417
v 14.977233 0.000000 -19.154724
v 14.977233 1.000000 -19.154724
v 14.946543 0.000000 -19.133615
v 14.946543 1.000000 -19.133615
v 14.919597 0.000000 -19.111202
v 14.919597 1.000000 -19.111202
v 14.896223 0.000000 -19.087597
v 14.896223 1.000000 -19.087597
v 14.876253 0.000000 -19.062916
v 14.876253 1.000000 -19.062916
v 14.859517 0.000000 -19.037270
v 14.859517 1.000000 -19.037270
v 14.845844 0.000000 -19.010771
v 14.845844 1.000000 -19.010771
v 14.835065 0.000000 -18.983532
v 14.835065 1.000000 -18.983532
v 14.827010 0.000000 -18.955667
v 14.827010 1.000000 -18.955667
v 14.821508 0.000000 -18.927288
v 14.821508 1.000000 -18.927288
v 14.817488 0.000000 -18.869442
v 14.817488 1.000000 -18.869442
v 15.470028 0.000000 -19.522043
v 15.406483 0.000000 -19.510939
v 15.470028 1.000000 -19.522043
v 15.406483 1.000000 -19.510939
v 15.343262 0.000000 -19.493353
v 15.343262 1.000000 -19.493353
v 15.282557 0.000000 -19.468525
v 15.282557 1.000000 -19.468525
v 15.226560 0.000000 -19.435692
v 15.226560 1.000000 -19.435692
v 15.201011 0.000000 -19.416037
v 15.201011 1.000000 -19.416037
v 15.177460 0.000000 -19.394094
v 15.177460 1.000000 -19.394094
v 15.156181 0.000000 -19.369770
v 15.156181 1.000000 -19.369770
v 15.137449 0.000000 -19.342972
v 15.137449 1.000000 -19.342972
v 15.121538 0.000000 -19.313599
v 15.121538 1.000000 -19.313599
v 15.108721 0.000000 -19.281561
v 15.108721 1.000000 -19.281561
v 15.099271 0.000000 -19.246761
v 15.099271 1.000000 -19.246761
v 15.584296 0.000000 -20.910572
v 15.569551 0.000000 -20.693102
v 15.584296 1.000000 -20.910572
v 15.569551 1.000000 -20.693102
v 15.556094 0.000000 -20.481005
v 15.556094 1.000000 -20.481005
v 15.543347 0.000000 -20.277864
v 15.543347 1.000000 -20.277864
v 15.530733 0.000000 -20.087269
v 15.530733 1.000000 -20.087269
v 15.524294 0.000000 -19.997795
v 15.524294 1.000000 -19.997795
v 15.517672 0.000000 -19.912802
v 15.517672 1.000000 -19.912802
v 15.510793 0.000000 -19.832739
v 15.510793 1.000000 -19.832739
v 15.503586 0.000000 -19.758051
v 15.503586 1.000000 -19.758051
v 15.495978 0.000000 -19.689190
v 15.495978 1.000000 -19.689190
v 15.487898 0.000000 -19.626602
v 15.487898 1.000000 -19.626602
v 15.479272 0.000000 -19.570738
v 15.479272 1.000000 -19.570738
v 15.908055 0.000000 -21.955864
v 15.865217 0.000000 -21.885218
v 15.908055 1.000000 -21.955864
v 15.865217 1.000000 -21.885218
v 15.826754 0.000000 -21.821119
v 15.826754 1.000000 -21.821119
v 15.792374 0.000000 -21.762320
v 15.792374 1.000000 -21.762320
v 15.761785 0.000000 -21.707567
v 15.761785 1.000000 -21.707567
v 15.710815 0.000000 -21.605192
v 15.710815 1.000000 -21.605192
v 15.671512 0.000000 -21.503986
v 15.671512 1.000000 -21.503986
v 15.655506 0.000000 -21.450691
v 15.655506 1.000000 -21.450691
v 15.641541 0.000000 -21.393932
v 15.641541 1.000000 -21.393932
v 15.629327 0.000000 -21.332460
v 15.629327 1.000000 -21.332460
v 15.618571 0.000000 -21.265022
v 15.618571 1.000000 -21.265022
v 15.608981 0.000000 -21.190365
v 15.608981 1.000000 -21.190365
v 15.600266 0.000000 -21.107239
v 15.600266 1.000000 -21.107239
v 15.592135 0.000000 -21.014391
v 15.592135 1.000000 -21.014391
v 15.511580 0.000000 -22.351906
v 15.513993 0.000000 -22.348326
v 15.511580 1.000000 -22.351906
v 15.513993 1.000000 -22.348326
v 15.520935 0.000000 -22.338226
v 15.520935 1.000000 -22.338226
v 15.532074 0.000000 -22.322401
v 15.532074 1.000000 -22.322401
v 15.547079 0.000000 -22.301640
v 15.547079 1.000000 -22.301640
v 15.565618 0.000000 -22.276739
v 15.565618 1.000000 -22.276739
v 15.587359 0.000000 -22.248486
v 15.587359 1.000000 -22.248486
v 15.639128 0.000000 -22.185095
v 15.639128 1.000000 -22.185095
v 15.699731 0.000000 -22.117802
v 15.699731 1.000000 -22.117802
v 15.766521 0.000000 -22.052944
v 15.766521 1.000000 -22.052944
v 15.836846 0.000000 -21.996853
v 15.836846 1.000000 -21.996853
v 15.872506 0.000000 -21.974075
v 15.872506 1.000000 -21.974075
v 15.270925 1.000000 -22.393892
v 15.270925 0.000000 -22.393892
v 15.285751 0.500000 -22.395205
v 15.285751 0.000000 -22.395205
v 15.302384 0.000000 -22.395197
v 15.302384 0.500000 -22.395197
v 15.339546 0.000000 -22.391903
v 15.339546 0.500000 -22.391903
v 15.418783 0.000000 -22.376976
v 15.418783 0.500000 -22.376976
v 15.454763 0.000000 -22.368067
v 15.454763 0.500000 -22.368067
v 15.484255 0.000000 -22.360010
v 15.484255 0.500000 -22.360010
v 15.504210 0.000000 -22.354170
v 15.504210 0.500000 -22.354170
v 15.504210 1.000000 -22.354170
v 15.484255 1.000000 -22.360010
v 15.454763 1.000000 -22.368067
v 15.418783 1.000000 -22.376976
v 15.339546 1.000000 -22.391903
v 15.302384 1.000000 -22.395197
v 15.285751 1.000000 -22.395205
v 15.320633 0.000000 -22.677376
v 15.320633 0.333333 -22.677376
v 15.354029 0.000000 -22.759203
v 15.320633 0.666667 -22.677376
v 15.354029 1.000000 -22.759203
v 15.320633 1.000000 -22.677376
v 15.291376 0.666667 -22.604187
v 15.291376 1.000000 -22.604187
v 15.267475 0.666667 -22.540483
v 15.267475 1.000000 -22.540483
v 15.250149 0.666667 -22.487112
v 15.250149 1.000000 -22.487112
v 15.240613 0.666667 -22.444921
v 15.240613 1.000000 -22.444921
v 15.239147 0.666667 -22.428282
v 15.239147 1.000000 -22.428282
v 15.239306 0.666667 -22.421124
v 15.239306 1.000000 -22.421124
v 15.240086 0.666667 -22.414755
v 15.240086 1.000000 -22.414755
v 15.241504 0.666667 -22.409193
v 15.241504 1.000000 -22.409193
v 15.242458 0.666667 -22.406717
v 15.242458 1.000000 -22.406717
v 15.243580 0.666667 -22.404448
v 15.243580 1.000000 -22.404448
v 15.244871 0.666667 -22.402386
v 15.244871 1.000000 -22.402386
v 15.246334 0.666667 -22.400534
v 15.246334 1.000000 -22.400534
v 15.247971 0.666667 -22.398891
v 15.247971 1.000000 -22.398891
v 15.249784 0.666667 -22.397463
v 15.249784 1.000000 -22.397463
v 15.251776 0.666667 -22.396250
v 15.251776 1.000000 -22.396250
v 15.253948 0.666667 -22.395250
v 15.253948 1.000000 -22.395250
v 15.256305 0.666667 -22.394470
v 15.256305 1.000000 -22.394470
v 15.258847 0.666667 -22.393909
v 15.258847 1.000000 -22.393909
v 15.264500 0.666667 -22.393452
v 15.264500 1.000000 -22.393452
v 15.264500 0.333333 -22.393452
v 15.264500 0.000000 -22.393452
v 15.258847 0.333333 -22.393909
v 15.258847 0.000000 -22.393909
v 15.256305 0.333333 -22.394470
v 15.256305 0.000000 -22.394470
v 15.253948 0.333333 -22.395250
v 15.253948 0.000000 -22.395250
v 15.251776 0.333333 -22.396250
v 15.251776 0.000000 -22.396250
v 15.249784 0.333333 -22.397463
v 15.249784 0.000000 -22.397463
v 15.247971 0.333333 -22.398891
v 15.247971 0.000000 -22.398891
v 15.246334 0.333333 -22.400534
v 15.246334 0.000000 -22.400534
v 15.244871 0.333333 -22.402386
v 15.244871 0.000000 -22.402386
v 15.243580 0.333333 -22.404448
v 15.243580 0.000000 -22.404448
v 15.242458 0.333333 -22.406717
v 15.242458 0.000000 -22.406717
v 15.241504 0.333333 -22.409193
v 15.241504 0.000000 -22.409193
v 15.240086 0.333333 -22.414755
v 15.240086 0.000000 -22.414755
v 15.239306 0.333333 -22.421124
v 15.239306 0.000000 -22.421124
v 15.239147 0.333333 -22.428282
v 15.239147 0.000000 -22.428282
v 15.240613 0.333333 -22.444921
v 15.240613 0.000000 -22.444921
v 15.250149 0.333333 -22.487112
v 15.250149 0.000000 -22.487112
v 15.267475 0.333333 -22.540483
v 15.267475 0.000000 -22.540483
v 15.291376 0.333333 -22.604187
v 15.291376 0.000000 -22.604187
v 15.678654 0.000000 -23.260857
v 15.639810 0.000000 -23.218170
v 15.678654 1.000000 -23.260857
v 15.639810 1.000000 -23.218170
v 15.605446 0.000000 -23.179792
v 15.605446 1.000000 -23.179792
v 15.575132 0.000000 -23.145126
v 15.575132 1.000000 -23.145126
v 15.548438 0.000000 -23.113571
v 15.548438 1.000000 -23.113571
v 15.504193 0.000000 -23.057392
v 15.504193 1.000000 -23.057392
v 15.469271 0.000000 -23.006458
v 15.469271 1.000000 -23.006458
v 15.440232 0.000000 -22.955971
v 15.440232 1.000000 -22.955971
v 15.413638 0.000000 -22.901131
v 15.413638 1.000000 -22.901131
v 15.386050 0.000000 -22.837141
v 15.386050 1.000000 -22.837141
v 15.370809 0.000000 -22.800215
v 15.370809 1.000000 -22.800215
v 16.159100 0.000000 -24.149464
v 16.123299 0.000000 -24.078299
v 16.159100 1.000000 -24.149464
v 16.123299 1.000000 -24.078299
v 16.090273 0.000000 -24.009966
v 16.090273 1.000000 -24.009966
v 16.030830 0.000000 -23.881155
v 16.030830 1.000000 -23.881155
v 15.977334 0.000000 -23.761747
v 15.977334 1.000000 -23.761747
v 15.926343 0.000000 -23.650461
v 15.926343 1.000000 -23.650461
v 15.874418 0.000000 -23.546011
v 15.874418 1.000000 -23.546011
v 15.818121 0.000000 -23.447117
v 15.818121 1.000000 -23.447117
v 15.754012 0.000000 -23.352493
v 15.754012 1.000000 -23.352493
v 16.722649 0.000000 -25.183935
v 16.685961 0.000000 -25.140247
v 16.722649 1.000000 -25.183935
v 16.685961 1.000000 -25.140247
v 16.649860 0.000000 -25.092049
v 16.649860 1.000000 -25.092049
v 16.579082 0.000000 -24.983587
v 16.579082 1.000000 -24.983587
v 16.509644 0.000000 -24.861490
v 16.509644 1.000000 -24.861490
v 16.440874 0.000000 -24.728703
v 16.440874 1.000000 -24.728703
v 16.372103 0.000000 -24.588163
v 16.372103 1.000000 -24.588163
v 16.302664 0.000000 -24.442816
v 16.302664 1.000000 -24.442816
v 17.381420 0.000000 -26.436554
v 17.289167 0.000000 -26.256969
v 17.381420 1.000000 -26.436554
v 17.289167 1.000000 -26.256969
v 17.200455 0.000000 -26.073570
v 17.200455 1.000000 -26.073570
v 17.114929 0.000000 -25.891550
v 17.114929 1.000000 -25.891550
v 17.032232 0.000000 -25.716105
v 17.032232 1.000000 -25.716105
v 16.952011 0.000000 -25.552425
v 16.952011 1.000000 -25.552425
v 16.912718 0.000000 -25.476622
v 16.912718 1.000000 -25.476622
v 16.873909 0.000000 -25.405708
v 16.873909 1.000000 -25.405708
v 16.835543 0.000000 -25.340334
v 16.835543 1.000000 -25.340334
v 16.797573 0.000000 -25.281147
v 16.797573 1.000000 -25.281147
v 16.759956 0.000000 -25.228798
v 16.759956 1.000000 -25.228798
v 18.268728 0.000000 -27.398310
v 18.223707 0.000000 -27.373775
v 18.268728 1.000000 -27.398310
v 18.223707 1.000000 -27.373775
v 18.174999 0.000000 -27.343351
v 18.174999 1.000000 -27.343351
v 18.123096 0.000000 -27.307280
v 18.123096 1.000000 -27.307280
v 18.068489 0.000000 -27.265810
v 18.068489 1.000000 -27.265810
v 18.011671 0.000000 -27.219185
v 18.011671 1.000000 -27.219185
v 17.953133 0.000000 -27.167654
v 17.953133 1.000000 -27.167654
v 17.893366 0.000000 -27.111462
v 17.893366 1.000000 -27.111462
v 17.832865 0.000000 -27.050854
v 17.832865 1.000000 -27.050854
v 17.772121 0.000000 -26.986076
v 17.772121 1.000000 -26.986076
v 17.711624 0.000000 -26.917376
v 17.711624 1.000000 -26.917376
v 17.593346 0.000000 -26.769188
v 17.593346 1.000000 -26.769188
v 17.481966 0.000000 -26.608257
v 17.481966 1.000000 -26.608257
v 17.430092 0.000000 -26.523630
v 17.430092 1.000000 -26.523630
v 19.396692 0.000000 -28.077425
v 19.252785 0.000000 -27.974766
v 19.396692 1.000000 -28.077425
v 19.252785 1.000000 -27.974766
v 19.098713 0.000000 -27.872526
v 19.098713 1.000000 -27.872526
v 18.939976 0.000000 -27.773037
v 18.939976 1.000000 -27.773037
v 18.782068 0.000000 -27.678623
v 18.782068 1.000000 -27.678623
v 18.630493 0.000000 -27.591618
v 18.630493 1.000000 -27.591618
v 18.558796 0.000000 -27.551619
v 18.558796 1.000000 -27.551619
v 18.490746 0.000000 -27.514343
v 18.490746 1.000000 -27.514343
v 18.427025 0.000000 -27.480085
v 18.427025 1.000000 -27.480085
v 18.368324 0.000000 -27.449133
v 18.368324 1.000000 -27.449133
v 18.315329 0.000000 -27.421778
v 18.315329 1.000000 -27.421778
v 20.200897 0.000000 -28.453991
v 20.195816 0.000000 -28.452721
v 20.200897 1.000000 -28.453991
v 20.195816 1.000000 -28.452721
v 20.181234 0.000000 -28.448893
v 20.181234 1.000000 -28.448893
v 20.157896 0.000000 -28.442419
v 20.157896 1.000000 -28.442419
v 20.126549 0.000000 -28.433210
v 20.126549 1.000000 -28.433210
v 20.087934 0.000000 -28.421181
v 20.087934 1.000000 -28.421181
v 20.042799 0.000000 -28.406240
v 20.042799 1.000000 -28.406240
v 19.991888 0.000000 -28.388302
v 19.991888 1.000000 -28.388302
v 19.935946 0.000000 -28.367277
v 19.935946 1.000000 -28.367277
v 19.875719 0.000000 -28.343079
v 19.875719 1.000000 -28.343079
v 19.811949 0.000000 -28.315617
v 19.811949 1.000000 -28.315617
v 19.745384 0.000000 -28.284807
v 19.745384 1.000000 -28.284807
v 19.676767 0.000000 -28.250559
v 19.676767 1.000000 -28.250559
v 19.536362 0.000000 -28.171396
v 19.536362 1.000000 -28.171396
v 19.466063 0.000000 -28.126305
v 19.466063 1.000000 -28.126305
v 19.898779 0.000000 -29.246943
v 19.950525 0.000000 -29.093212
v 19.898779 1.000000 -29.246943
v 19.950525 1.000000 -29.093212
v 20.002934 0.000000 -28.947250
v 20.002934 1.000000 -28.947250
v 20.053673 0.000000 -28.812975
v 20.053673 1.000000 -28.812975
v 20.077688 0.000000 -28.751442
v 20.077688 1.000000 -28.751442
v 20.100416 0.000000 -28.694300
v 20.100416 1.000000 -28.694300
v 20.121563 0.000000 -28.642038
v 20.121563 1.000000 -28.642038
v 20.140839 0.000000 -28.595148
v 20.140839 1.000000 -28.595148
v 20.157951 0.000000 -28.554115
v 20.157951 1.000000 -28.554115
v 20.172611 0.000000 -28.519434
v 20.172611 1.000000 -28.519434
v 20.184526 0.000000 -28.491590
v 20.184526 1.000000 -28.491590
v 20.193405 0.000000 -28.471075
v 20.193405 1.000000 -28.471075
v 20.198959 0.000000 -28.458380
v 20.198959 1.000000 -28.458380
v 19.647736 0.000000 -30.113907
v 19.643927 0.000000 -30.059044
v 19.647736 1.000000 -30.113907
v 19.643927 1.000000 -30.059044
v 19.644001 0.000000 -30.007170
v 19.644001 1.000000 -30.007170
v 19.654701 0.000000 -29.909906
v 19.654701 1.000000 -29.909906
v 19.677637 0.000000 -29.817148
v 19.677637 1.000000 -29.817148
v 19.710604 0.000000 -29.723925
v 19.710604 1.000000 -29.723925
v 19.751404 0.000000 -29.625261
v 19.751404 1.000000 -29.625261
v 19.797834 0.000000 -29.516191
v 19.797834 1.000000 -29.516191
v 19.822472 0.000000 -29.456200
v 19.822472 1.000000 -29.456200
v 19.847692 0.000000 -29.391741
v 19.847692 1.000000 -29.391741
v 19.873220 0.000000 -29.322195
v 19.873220 1.000000 -29.322195
v 19.721317 0.000000 -31.504168
v 19.689396 0.000000 -31.300932
v 19.721317 1.000000 -31.504168
v 19.689396 1.000000 -31.300932
v 19.670134 0.000000 -31.100502
v 19.670134 1.000000 -31.100502
v 19.660450 0.000000 -30.905684
v 19.660450 1.000000 -30.905684
v 19.657257 0.000000 -30.719278
v 19.657257 1.000000 -30.719278
v 19.657475 0.000000 -30.544094
v 19.657475 1.000000 -30.544094
v 19.657896 0.000000 -30.461584
v 19.657896 1.000000 -30.461584
v 19.658014 0.000000 -30.382933
v 19.658014 1.000000 -30.382933
v 19.657444 0.000000 -30.308489
v 19.657444 1.000000 -30.308489
v 19.655796 0.000000 -30.238602
v 19.655796 1.000000 -30.238602
v 19.652689 0.000000 -30.173624
v 19.652689 1.000000 -30.173624
v 21.183428 0.000000 -32.672817
v 21.139088 0.000000 -32.674702
v 21.183428 1.000000 -32.672817
v 21.139088 1.000000 -32.674702
v 21.092407 0.000000 -32.672585
v 21.092407 1.000000 -32.672585
v 21.043612 0.000000 -32.666618
v 21.043612 1.000000 -32.666618
v 20.992924 0.000000 -32.656956
v 20.992924 1.000000 -32.656956
v 20.886780 0.000000 -32.627144
v 20.886780 1.000000 -32.627144
v 20.775780 0.000000 -32.584377
v 20.775780 1.000000 -32.584377
v 20.661726 0.000000 -32.529869
v 20.661726 1.000000 -32.529869
v 20.546423 0.000000 -32.464840
v 20.546423 1.000000 -32.464840
v 20.431671 0.000000 -32.390514
v 20.431671 1.000000 -32.390514
v 20.319277 0.000000 -32.308102
v 20.319277 1.000000 -32.308102
v 20.211040 0.000000 -32.218826
v 20.211040 1.000000 -32.218826
v 20.108767 0.000000 -32.123909
v 20.108767 1.000000 -32.123909
v 20.014259 0.000000 -32.024567
v 20.014259 1.000000 -32.024567
v 19.929321 0.000000 -31.922020
v 19.929321 1.000000 -31.922020
v 19.855753 0.000000 -31.817488
v 19.855753 1.000000 -31.817488
v 19.795362 0.000000 -31.712189
v 19.795362 1.000000 -31.712189
v 19.770670 0.000000 -31.659632
v 19.770670 1.000000 -31.659632
v 19.749949 0.000000 -31.607342
v 19.749949 1.000000 -31.607342
v 19.733423 0.000000 -31.555470
v 19.733423 1.000000 -31.555470
v 22.667181 0.000000 -31.022858
v 22.666010 0.000000 -31.108801
v 22.667181 1.000000 -31.022858
v 22.666010 1.000000 -31.108801
v 22.664957 0.000000 -31.208099
v 22.664957 1.000000 -31.208099
v 22.661381 0.000000 -31.318380
v 22.661381 1.000000 -31.318380
v 22.652639 0.000000 -31.437275
v 22.652639 1.000000 -31.437275
v 22.636093 0.000000 -31.562408
v 22.636093 1.000000 -31.562408
v 22.609098 0.000000 -31.691414
v 22.609098 1.000000 -31.691414
v 22.569014 0.000000 -31.821920
v 22.569014 1.000000 -31.821920
v 22.543240 0.000000 -31.886993
v 22.543240 1.000000 -31.886993
v 22.513201 0.000000 -31.951555
v 22.513201 1.000000 -31.951555
v 22.478569 0.000000 -32.015305
v 22.478569 1.000000 -32.015305
v 22.439014 0.000000 -32.077950
v 22.439014 1.000000 -32.077950
v 22.394207 0.000000 -32.139191
v 22.394207 1.000000 -32.139191
v 22.343815 0.000000 -32.198730
v 22.343815 1.000000 -32.198730
v 22.287510 0.000000 -32.256275
v 22.287510 1.000000 -32.256275
v 22.224962 0.000000 -32.311531
v 22.224962 1.000000 -32.311531
v 22.155840 0.000000 -32.364197
v 22.155840 1.000000 -32.364197
v 22.079813 0.000000 -32.413975
v 22.079813 1.000000 -32.413975
v 21.996552 0.000000 -32.460575
v 21.996552 1.000000 -32.460575
v 21.905725 0.000000 -32.503700
v 21.905725 1.000000 -32.503700
v 21.807005 0.000000 -32.543049
v 21.807005 1.000000 -32.543049
v 21.700060 0.000000 -32.578327
v 21.700060 1.000000 -32.578327
v 21.584560 0.000000 -32.609241
v 21.584560 1.000000 -32.609241
v 21.460175 0.000000 -32.635490
v 21.460175 1.000000 -32.635490
v 21.326574 0.000000 -32.656780
v 21.326574 1.000000 -32.656780
v 22.917358 0.000000 -30.469696
v 22.918211 0.000000 -30.560499
v 22.917358 1.000000 -30.469696
v 22.918211 1.000000 -30.560499
v 22.916870 0.000000 -30.641542
v 22.916870 1.000000 -30.641542
v 22.913336 0.000000 -30.713308
v 22.913336 1.000000 -30.713308
v 22.907606 0.000000 -30.776283
v 22.907606 1.000000 -30.776283
v 22.899681 0.000000 -30.830954
v 22.899681 1.000000 -30.830954
v 22.889557 0.000000 -30.877802
v 22.889557 1.000000 -30.877802
v 22.877235 0.000000 -30.917316
v 22.877235 1.000000 -30.917316
v 22.862713 0.000000 -30.949978
v 22.862713 1.000000 -30.949978
v 22.845989 0.000000 -30.976274
v 22.845989 1.000000 -30.976274
v 22.836802 0.000000 -30.987188
v 22.836802 1.000000 -30.987188
v 22.827063 0.000000 -30.996691
v 22.827063 1.000000 -30.996691
v 22.816774 0.000000 -31.004847
v 22.816774 1.000000 -31.004847
v 22.805933 0.000000 -31.011711
v 22.805933 1.000000 -31.011711
v 22.794542 0.000000 -31.017351
v 22.794542 1.000000 -31.017351
v 22.782598 0.000000 -31.021822
v 22.782598 1.000000 -31.021822
v 22.757057 0.000000 -31.027506
v 22.757057 1.000000 -31.027506
v 22.729307 0.000000 -31.029251
v 22.729307 1.000000 -31.029251
v 22.699348 0.000000 -31.027538
v 22.699348 1.000000 -31.027538
v 22.625629 0.000000 -29.895327
v 22.628838 0.000000 -29.896156
v 22.625629 1.000000 -29.895327
v 22.628838 1.000000 -29.896156
v 22.637819 0.000000 -29.899004
v 22.637819 1.000000 -29.899004
v 22.651766 0.000000 -29.904440
v 22.651766 1.000000 -29.904440
v 22.669868 0.000000 -29.913031
v 22.669868 1.000000 -29.913031
v 22.691322 0.000000 -29.925348
v 22.691322 1.000000 -29.925348
v 22.715319 0.000000 -29.941961
v 22.715319 1.000000 -29.941961
v 22.741047 0.000000 -29.963442
v 22.741047 1.000000 -29.963442
v 22.767704 0.000000 -29.990356
v 22.767704 1.000000 -29.990356
v 22.794477 0.000000 -30.023275
v 22.794477 1.000000 -30.023275
v 22.820562 0.000000 -30.062769
v 22.820562 1.000000 -30.062769
v 22.845150 0.000000 -30.109407
v 22.845150 1.000000 -30.109407
v 22.867434 0.000000 -30.163759
v 22.867434 1.000000 -30.163759
v 22.886602 0.000000 -30.226395
v 22.886602 1.000000 -30.226395
v 22.901852 0.000000 -30.297882
v 22.901852 1.000000 -30.297882
v 22.912373 0.000000 -30.378792
v 22.912373 1.000000 -30.378792
v 22.676702 0.000000 -28.777750
v 22.676121 0.000000 -28.784828
v 22.676702 1.000000 -28.777750
v 22.676121 1.000000 -28.784828
v 22.674494 0.000000 -28.804840
v 22.674494 1.000000 -28.804840
v 22.671970 0.000000 -28.836306
v 22.671970 1.000000 -28.836306
v 22.668701 0.000000 -28.877745
v 22.668701 1.000000 -28.877745
v 22.664835 0.000000 -28.927673
v 22.664835 1.000000 -28.927673
v 22.660521 0.000000 -28.984612
v 22.660521 1.000000 -28.984612
v 22.655909 0.000000 -29.047077
v 22.655909 1.000000 -29.047077
v 22.651146 0.000000 -29.113590
v 22.651146 1.000000 -29.113590
v 22.633602 0.000000 -29.390465
v 22.633602 1.000000 -29.390465
v 22.630337 0.000000 -29.454983
v 22.630337 1.000000 -29.454983
v 22.627821 0.000000 -29.514658
v 22.627821 1.000000 -29.514658
v 22.626202 0.000000 -29.568008
v 22.626202 1.000000 -29.568008
v 22.625629 0.000000 -29.613552
v 22.625629 1.000000 -29.613552
v 22.625629 0.000000 -29.688414
v 22.625629 1.000000 -29.688414
v 22.625629 0.000000 -29.749784
v 22.625629 1.000000 -29.749784
v 22.625629 0.000000 -29.798746
v 22.625629 1.000000 -29.798746
v 22.625629 0.000000 -29.836382
v 22.625629 1.000000 -29.836382
v 22.625629 0.000000 -29.863777
v 22.625629 1.000000 -29.863777
v 22.625629 0.000000 -29.882010
v 22.625629 1.000000 -29.882010
v 22.625629 0.000000 -29.892166
v 22.625629 1.000000 -29.892166
v 23.199566 0.000000 -28.599855
v 23.157604 0.000000 -28.638018
v 23.199566 1.000000 -28.599855
v 23.157604 1.000000 -28.638018
v 23.114231 0.000000 -28.670507
v 23.114231 1.000000 -28.670507
v 23.070011 0.000000 -28.697765
v 23.070011 1.000000 -28.697765
v 23.025515 0.000000 -28.720236
v 23.025515 1.000000 -28.720236
v 22.981310 0.000000 -28.738363
v 22.981310 1.000000 -28.738363
v 22.937962 0.000000 -28.752590
v 22.937962 1.000000 -28.752590
v 22.856117 0.000000 -28.771111
v 22.856117 1.000000 -28.771111
v 22.784525 0.000000 -28.779343
v 22.784525 1.000000 -28.779343
v 22.753994 0.000000 -28.780708
v 22.753994 1.000000 -28.780708
v 22.727730 0.000000 -28.780832
v 22.727730 1.000000 -28.780832
v 22.706301 0.000000 -28.780153
v 22.706301 1.000000 -28.780153
v 22.690273 0.000000 -28.779119
v 22.690273 1.000000 -28.779119
v 22.680220 0.000000 -28.778170
v 22.680220 1.000000 -28.778170
v 24.265202 0.000000 -28.223291
v 24.160915 0.000000 -28.247639
v 24.265202 1.000000 -28.223291
v 24.160915 1.000000 -28.247639
v 24.063364 0.000000 -28.269705
v 24.063364 1.000000 -28.269705
v 23.972181 0.000000 -28.289953
v 23.972181 1.000000 -28.289953
v 23.886999 0.000000 -28.308849
v 23.886999 1.000000 -28.308849
v 23.807453 0.000000 -28.326862
v 23.807453 1.000000 -28.326862
v 23.733177 0.000000 -28.344454
v 23.733177 1.000000 -28.344454
v 23.663801 0.000000 -28.362095
v 23.663801 1.000000 -28.362095
v 23.598963 0.000000 -28.380247
v 23.598963 1.000000 -28.380247
v 23.538294 0.000000 -28.399378
v 23.538294 1.000000 -28.399378
v 23.481426 0.000000 -28.419954
v 23.481426 1.000000 -28.419954
v 23.427996 0.000000 -28.442442
v 23.427996 1.000000 -28.442442
v 23.377636 0.000000 -28.467308
v 23.377636 1.000000 -28.467308
v 23.329979 0.000000 -28.495014
v 23.329979 1.000000 -28.495014
v 23.284660 0.000000 -28.526031
v 23.284660 1.000000 -28.526031
v 23.241310 0.000000 -28.560823
v 23.241310 1.000000 -28.560823
v 25.026987 0.000000 -27.899532
v 24.964146 0.000000 -27.938101
v 25.026987 1.000000 -27.899532
v 24.964146 1.000000 -27.938101
v 24.909906 0.000000 -27.975500
v 24.909906 1.000000 -27.975500
v 24.855343 0.000000 -28.012585
v 24.855343 1.000000 -28.012585
v 24.791527 0.000000 -28.050211
v 24.791527 1.000000 -28.050211
v 24.753359 0.000000 -28.069496
v 24.753359 1.000000 -28.069496
v 24.709532 0.000000 -28.089239
v 24.709532 1.000000 -28.089239
v 24.658928 0.000000 -28.109545
v 24.658928 1.000000 -28.109545
v 24.600431 0.000000 -28.130522
v 24.600431 1.000000 -28.130522
v 24.532927 0.000000 -28.152279
v 24.532927 1.000000 -28.152279
v 24.455296 0.000000 -28.174921
v 24.455296 1.000000 -28.174921
v 24.366426 0.000000 -28.198555
v 24.366426 1.000000 -28.198555
v 25.176008 0.000000 -27.967579
v 25.176008 0.125000 -27.967579
v 25.205315 0.000000 -27.983501
v 25.176008 0.250000 -27.967579
v 25.176008 0.375000 -27.967579
v 25.154228 0.250000 -27.951525
v 25.154228 0.375000 -27.951525
v 25.145821 0.250000 -27.943550
v 25.145821 0.375000 -27.943550
v 25.138884 0.250000 -27.935669
v 25.138884 0.375000 -27.935669
v 25.133284 0.250000 -27.927921
v 25.133284 0.375000 -27.927921
v 25.128880 0.250000 -27.920347
v 25.128880 0.375000 -27.920347
v 25.125538 0.250000 -27.912992
v 25.125538 0.375000 -27.912992
v 25.123119 0.250000 -27.905895
v 25.123119 0.375000 -27.905895
v 25.120512 0.250000 -27.892641
v 25.120512 0.375000 -27.892641
v 25.120371 0.250000 -27.871073
v 25.120371 0.375000 -27.871073
v 25.120651 0.250000 -27.863424
v 25.120651 0.375000 -27.863424
v 25.120399 0.250000 -27.860529
v 25.120399 0.375000 -27.860529
v 25.120115 0.250000 -27.859331
v 25.120115 0.375000 -27.859331
v 25.119926 0.250000 -27.858799
v 25.119926 0.375000 -27.858799
v 25.119703 0.250000 -27.858309
v 25.119703 0.375000 -27.858309
v 25.119444 0.250000 -27.857864
v 25.119444 0.375000 -27.857864
v 25.119148 0.250000 -27.857466
v 25.119148 0.375000 -27.857466
v 25.118809 0.250000 -27.857113
v 25.118809 0.375000 -27.857113
v 25.118429 0.250000 -27.856806
v 25.118429 0.375000 -27.856806
v 25.118004 0.250000 -27.856548
v 25.118004 0.375000 -27.856548
v 25.117531 0.250000 -27.856337
v 25.117531 0.375000 -27.856337
v 25.117008 0.250000 -27.856176
v 25.117008 0.375000 -27.856176
v 25.116436 0.250000 -27.856064
v 25.116436 0.375000 -27.856064
v 25.115129 0.250000 -27.855989
v 25.115129 0.375000 -27.855989
v 25.113590 0.250000 -27.856119
v 25.113590 0.375000 -27.856119
v 25.109755 0.250000 -27.857019
v 25.109755 0.375000 -27.857019
v 25.098562 0.250000 -27.861511
v 25.098562 0.375000 -27.861511
v 25.081766 0.250000 -27.869871
v 25.081766 0.375000 -27.869871
v 25.058273 0.250000 -27.882433
v 25.058273 0.375000 -27.882433
v 25.058273 0.500000 -27.882433
v 25.058273 0.625000 -27.882433
v 25.058273 0.750000 -27.882433
v 25.081766 0.750000 -27.869871
v 25.081766 0.875000 -27.869871
v 25.098562 0.875000 -27.861511
v 25.098562 1.000000 -27.861511
v 25.109755 1.000000 -27.857019
v 25.154228 0.000000 -27.951525
v 25.154228 0.125000 -27.951525
v 25.145821 0.000000 -27.943550
v 25.145821 0.125000 -27.943550
v 25.138884 0.000000 -27.935669
v 25.138884 0.125000 -27.935669
v 25.133284 0.000000 -27.927921
v 25.133284 0.125000 -27.927921
v 25.128880 0.000000 -27.920347
v 25.128880 0.125000 -27.920347
v 25.125538 0.000000 -27.912992
v 25.125538 0.125000 -27.912992
v 25.123119 0.000000 -27.905895
v 25.123119 0.125000 -27.905895
v 25.120512 0.000000 -27.892641
v 25.120512 0.125000 -27.892641
v 25.120371 0.000000 -27.871073
v 25.120371 0.125000 -27.871073
v 25.120651 0.000000 -27.863424
v 25.120651 0.125000 -27.863424
v 25.120399 0.000000 -27.860529
v 25.120399 0.125000 -27.860529
v 25.120115 0.000000 -27.859331
v 25.120115 0.125000 -27.859331
v 25.119926 0.000000 -27.858799
v 25.119926 0.125000 -27.858799
v 25.119703 0.000000 -27.858309
v 25.119703 0.125000 -27.858309
v 25.119444 0.000000 -27.857864
v 25.119444 0.125000 -27.857864
v 25.119148 0.000000 -27.857466
v 25.119148 0.125000 -27.857466
v 25.118809 0.000000 -27.857113
v 25.118809 0.125000 -27.857113
v 25.118429 0.000000 -27.856806
v 25.118429 0.125000 -27.856806
v 25.118004 0.000000 -27.856548
v 25.118004 0.125000 -27.856548
v 25.117531 0.000000 -27.856337
v 25.117531 0.125000 -27.856337
v 25.117008 0.000000 -27.856176
v 25.117008 0.125000 -27.856176
v 25.116436 0.000000 -27.856064
v 25.116436 0.125000 -27.856064
v 25.115129 0.000000 -27.855989
v 25.115129 0.125000 -27.855989
v 25.113590 0.000000 -27.856119
v 25.113590 0.125000 -27.856119
v 25.109755 0.000000 -27.857019
v 25.109755 0.125000 -27.857019
v 25.098562 0.000000 -27.861511
v 25.098562 0.125000 -27.861511
v 25.081766 0.000000 -27.869871
v 25.081766 0.125000 -27.869871
v 25.058273 0.000000 -27.882433
v 25.058273 0.125000 -27.882433
v 25.058273 0.875000 -27.882433
v 25.058273 1.000000 -27.882433
v 25.081766 1.000000 -27.869871
v 25.109755 0.875000 -27.857019
v 25.113590 1.000000 -27.856119
v 25.113590 0.875000 -27.856119
v 25.115129 1.000000 -27.855989
v 25.115129 0.875000 -27.855989
v 25.116436 1.000000 -27.856064
v 25.116436 0.875000 -27.856064
v 25.117008 1.000000 -27.856176
v 25.117008 0.875000 -27.856176
v 25.117531 1.000000 -27.856337
v 25.117531 0.875000 -27.856337
v 25.118004 1.000000 -27.856548
v 25.118004 0.875000 -27.856548
v 25.118429 1.000000 -27.856806
v 25.118429 0.875000 -27.856806
v 25.118809 1.000000 -27.857113
v 25.118809 0.875000 -27.857113
v 25.119148 1.000000 -27.857466
v 25.119148 0.875000 -27.857466
v 25.119444 1.000000 -27.857864
v 25.119444 0.875000 -27.857864
v 25.119703 1.000000 -27.858309
v 25.119703 0.875000 -27.858309
v 25.119926 1.000000 -27.858799
v 25.119926 0.875000 -27.858799
v 25.120115 1.000000 -27.859331
v 25.120115 0.875000 -27.859331
v 25.120399 1.000000 -27.860529
v 25.120399 0.875000 -27.860529
v 25.120651 1.000000 -27.863424
v 25.120651 0.875000 -27.863424
v 25.120371 1.000000 -27.871073
v 25.120371 0.875000 -27.871073
v 25.120512 1.000000 -27.892641
v 25.120512 0.875000 -27.892641
v 25.123119 1.000000 -27.905895
v 25.123119 0.875000 -27.905895
v 25.125538 1.000000 -27.912992
v 25.125538 0.875000 -27.912992
v 25.128880 1.000000 -27.920347
v 25.128880 0.875000 -27.920347
v 25.133284 1.000000 -27.927921
v 25.133284 0.875000 -27.927921
v 25.138884 1.000000 -27.935669
v 25.138884 0.875000 -27.935669
v 25.145821 1.000000 -27.943550
v 25.145821 0.875000 -27.943550
v 25.154228 1.000000 -27.951525
v 25.154228 0.875000 -27.951525
v 25.176008 1.000000 -27.967579
v 25.176008 0.875000 -27.967579
v 25.205315 1.000000 -27.983501
v 25.176008 0.750000 -27.967579
v 25.176008 0.625000 -27.967579
v 25.154228 0.625000 -27.951525
v 25.154228 0.500000 -27.951525
v 25.145821 0.500000 -27.943550
v 25.176008 0.500000 -27.967579
v 25.154228 0.750000 -27.951525
v 25.145821 0.750000 -27.943550
v 25.145821 0.625000 -27.943550
v 25.138884 0.750000 -27.935669
v 25.138884 0.625000 -27.935669
v 25.138884 0.500000 -27.935669
v 25.133284 0.750000 -27.927921
v 25.133284 0.625000 -27.927921
v 25.133284 0.500000 -27.927921
v 25.128880 0.750000 -27.920347
v 25.128880 0.625000 -27.920347
v 25.128880 0.500000 -27.920347
v 25.125538 0.750000 -27.912992
v 25.125538 0.625000 -27.912992
v 25.125538 0.500000 -27.912992
v 25.123119 0.750000 -27.905895
v 25.123119 0.625000 -27.905895
v 25.123119 0.500000 -27.905895
v 25.120512 0.750000 -27.892641
v 25.120512 0.625000 -27.892641
v 25.120512 0.500000 -27.892641
v 25.120371 0.750000 -27.871073
v 25.120371 0.625000 -27.871073
v 25.120371 0.500000 -27.871073
v 25.120651 0.750000 -27.863424
v 25.120651 0.625000 -27.863424
v 25.120651 0.500000 -27.863424
v 25.120399 0.750000 -27.860529
v 25.120399 0.625000 -27.860529
v 25.120399 0.500000 -27.860529
v 25.120115 0.750000 -27.859331
v 25.120115 0.625000 -27.859331
v 25.120115 0.500000 -27.859331
v 25.119926 0.750000 -27.858799
v 25.119926 0.625000 -27.858799
v 25.119926 0.500000 -27.858799
v 25.119703 0.750000 -27.858309
v 25.119703 0.625000 -27.858309
v 25.119703 0.500000 -27.858309
v 25.119444 0.750000 -27.857864
v 25.119444 0.625000 -27.857864
v 25.119444 0.500000 -27.857864
v 25.119148 0.750000 -27.857466
v 25.119148 0.625000 -27.857466
v 25.119148 0.500000 -27.857466
v 25.118809 0.750000 -27.857113
v 25.118809 0.625000 -27.857113
v 25.118809 0.500000 -27.857113
v 25.118429 0.750000 -27.856806
v 25.118429 0.625000 -27.856806
v 25.118429 0.500000 -27.856806
v 25.118004 0.750000 -27.856548
v 25.118004 0.625000 -27.856548
v 25.118004 0.500000 -27.856548
v 25.117531 0.750000 -27.856337
v 25.117531 0.625000 -27.856337
v 25.117531 0.500000 -27.856337
v 25.117008 0.750000 -27.856176
v 25.117008 0.625000 -27.856176
v 25.117008 0.500000 -27.856176
v 25.116436 0.750000 -27.856064
v 25.116436 0.625000 -27.856064
v 25.116436 0.500000 -27.856064
v 25.115129 0.750000 -27.855989
v 25.115129 0.625000 -27.855989
v 25.115129 0.500000 -27.855989
v 25.113590 0.750000 -27.856119
v 25.113590 0.625000 -27.856119
v 25.113590 0.500000 -27.856119
v 25.109755 0.750000 -27.857019
v 25.109755 0.625000 -27.857019
v 25.109755 0.500000 -27.857019
v 25.098562 0.750000 -27.861511
v 25.098562 0.625000 -27.861511
v 25.098562 0.500000 -27.861511
v 25.081766 0.500000 -27.869871
v 25.081766 0.625000 -27.869871
v 25.645075 1.000000 -27.774010
v 25.645075 0.000000 -27.774010
v 25.604137 0.500000 -27.782421
v 25.604137 0.000000 -27.782421
v 25.567345 0.000000 -27.795403
v 25.567345 0.500000 -27.795403
v 25.534191 0.000000 -27.812111
v 25.534191 0.500000 -27.812111
v 25.504173 0.000000 -27.831697
v 25.504173 0.500000 -27.831697
v 25.451532 0.000000 -27.876129
v 25.451532 0.500000 -27.876129
v 25.405392 0.000000 -27.921930
v 25.405392 0.500000 -27.921930
v 25.361729 0.000000 -27.962334
v 25.361729 0.500000 -27.962334
v 25.339567 0.000000 -27.978397
v 25.339567 0.500000 -27.978397
v 25.316513 0.000000 -27.990576
v 25.316513 0.500000 -27.990576
v 25.304495 0.000000 -27.994942
v 25.304495 0.500000 -27.994942
v 25.292065 0.000000 -27.998020
v 25.292065 0.500000 -27.998020
v 25.279160 0.000000 -27.999702
v 25.279160 0.500000 -27.999702
v 25.265718 0.000000 -27.999886
v 25.265718 0.500000 -27.999886
v 25.251675 0.000000 -27.998463
v 25.251675 0.500000 -27.998463
v 25.236969 0.000000 -27.995329
v 25.236969 0.500000 -27.995329
v 25.221537 0.000000 -27.990376
v 25.221537 0.500000 -27.990376
v 25.221537 1.000000 -27.990376
v 25.236969 1.000000 -27.995329
v 25.251675 1.000000 -27.998463
v 25.265718 1.000000 -27.999886
v 25.279160 1.000000 -27.999702
v 25.292065 1.000000 -27.998020
v 25.304495 1.000000 -27.994942
v 25.316513 1.000000 -27.990576
v 25.339567 1.000000 -27.978397
v 25.361729 1.000000 -27.962334
v 25.405392 1.000000 -27.921930
v 25.451532 1.000000 -27.876129
v 25.504173 1.000000 -27.831697
v 25.534191 1.000000 -27.812111
v 25.567345 1.000000 -27.795403
v 25.604137 1.000000 -27.782421
v 25.999998 0.000000 -27.648920
v 25.967064 0.000000 -27.673788
v 25.999998 1.000000 -27.648920
v 25.967064 1.000000 -27.673788
v 25.936993 0.000000 -27.694639
v 25.936993 1.000000 -27.694639
v 25.906719 0.000000 -27.712162
v 25.906719 1.000000 -27.712162
v 25.873177 0.000000 -27.727047
v 25.873177 1.000000 -27.727047
v 25.833305 0.000000 -27.739985
v 25.833305 1.000000 -27.739985
v 25.784040 0.000000 -27.751665
v 25.784040 1.000000 -27.751665
v 25.722319 0.000000 -27.762775
v 25.722319 1.000000 -27.762775
v 25.685827 0.000000 -27.768335
v 25.685827 1.000000 -27.768335
v 26.312504 0.000000 -27.617758
v 26.273928 0.000000 -27.620661
v 26.312504 1.000000 -27.617758
v 26.273928 1.000000 -27.620661
v 26.240028 0.000000 -27.621954
v 26.240028 1.000000 -27.621954
v 26.210346 0.000000 -27.621956
v 26.210346 1.000000 -27.621956
v 26.184425 0.000000 -27.620983
v 26.184425 1.000000 -27.620983
v 26.142029 0.000000 -27.617384
v 26.142029 1.000000 -27.617384
v 26.109180 0.000000 -27.613699
v 26.109180 1.000000 -27.613699
v 26.082214 0.000000 -27.612469
v 26.082214 1.000000 -27.612469
v 26.069792 0.000000 -27.613569
v 26.069792 1.000000 -27.613569
v 26.057470 0.000000 -27.616236
v 26.057470 1.000000 -27.616236
v 26.044786 0.000000 -27.620787
v 26.044786 1.000000 -27.620787
v 26.031284 0.000000 -27.627539
v 26.031284 1.000000 -27.627539
v 26.751396 1.000000 -27.314341
v 26.751396 0.000000 -27.314341
v 26.739717 0.500000 -27.318045
v 26.739717 0.000000 -27.318045
v 26.728197 0.000000 -27.322931
v 26.728197 0.500000 -27.322931
v 26.705517 0.000000 -27.335936
v 26.705517 0.500000 -27.335936
v 26.660786 0.000000 -27.372583
v 26.660786 0.500000 -27.372583
v 26.615343 0.000000 -27.419094
v 26.615343 0.500000 -27.419094
v 26.567333 0.000000 -27.470268
v 26.567333 0.500000 -27.470268
v 26.514902 0.000000 -27.520918
v 26.514902 0.500000 -27.520918
v 26.456190 0.000000 -27.565844
v 26.456190 0.500000 -27.565844
v 26.423899 0.000000 -27.584539
v 26.423899 0.500000 -27.584539
v 26.389343 0.000000 -27.599855
v 26.389343 0.500000 -27.599855
v 26.352287 0.000000 -27.611145
v 26.352287 0.500000 -27.611145
v 26.352287 1.000000 -27.611145
v 26.389343 1.000000 -27.599855
v 26.423899 1.000000 -27.584539
v 26.456190 1.000000 -27.565844
v 26.514902 1.000000 -27.520918
v 26.567333 1.000000 -27.470268
v 26.615343 1.000000 -27.419094
v 26.660786 1.000000 -27.372583
v 26.705517 1.000000 -27.335936
v 26.728197 1.000000 -27.322931
v 26.739717 1.000000 -27.318045
v 26.962826 0.000000 -27.114477
v 26.962826 0.333333 -27.114477
v 26.970409 0.000000 -27.115671
v 26.962826 0.666667 -27.114477
v 26.970409 1.000000 -27.115671
v 26.962826 1.000000 -27.114477
v 26.955633 0.666667 -27.114426
v 26.955633 1.000000 -27.114426
v 26.948799 0.666667 -27.115448
v 26.948799 1.000000 -27.115448
v 26.942287 0.666667 -27.117479
v 26.942287 1.000000 -27.117479
v 26.936064 0.666667 -27.120451
v 26.936064 1.000000 -27.120451
v 26.930094 0.666667 -27.124300
v 26.930094 1.000000 -27.124300
v 26.924345 0.666667 -27.128956
v 26.924345 1.000000 -27.128956
v 26.918781 0.666667 -27.134356
v 26.918781 1.000000 -27.134356
v 26.908070 0.666667 -27.147120
v 26.908070 1.000000 -27.147120
v 26.897688 0.666667 -27.162058
v 26.897688 1.000000 -27.162058
v 26.876810 0.666667 -27.196339
v 26.876810 1.000000 -27.196339
v 26.853943 0.666667 -27.232954
v 26.853943 1.000000 -27.232954
v 26.826885 0.666667 -27.267656
v 26.826885 1.000000 -27.267656
v 26.811098 0.666667 -27.282963
v 26.811098 1.000000 -27.282963
v 26.793436 0.666667 -27.296200
v 26.793436 1.000000 -27.296200
v 26.773628 0.666667 -27.306835
v 26.773628 1.000000 -27.306835
v 26.773628 0.333333 -27.306835
v 26.773628 0.000000 -27.306835
v 26.793436 0.333333 -27.296200
v 26.793436 0.000000 -27.296200
v 26.811098 0.333333 -27.282963
v 26.811098 0.000000 -27.282963
v 26.826885 0.333333 -27.267656
v 26.826885 0.000000 -27.267656
v 26.853943 0.333333 -27.232954
v 26.853943 0.000000 -27.232954
v 26.876810 0.333333 -27.196339
v 26.876810 0.000000 -27.196339
v 26.897688 0.333333 -27.162058
v 26.897688 0.000000 -27.162058
v 26.908070 0.333333 -27.147120
v 26.908070 0.000000 -27.147120
v 26.918781 0.333333 -27.134356
v 26.918781 0.000000 -27.134356
v 26.924345 0.333333 -27.128956
v 26.924345 0.000000 -27.128956
v 26.930094 0.333333 -27.124300
v 26.930094 0.000000 -27.124300
v 26.936064 0.333333 -27.120451
v 26.936064 0.000000 -27.120451
v 26.942287 0.333333 -27.117479
v 26.942287 0.000000 -27.117479
v 26.948799 0.333333 -27.115448
v 26.948799 0.000000 -27.115448
v 26.955633 0.333333 -27.114426
v 26.955633 0.000000 -27.114426
v 27.158136 0.000000 -26.868977
v 27.158136 0.166667 -26.868977
v 27.169514 0.000000 -26.865492
v 27.158136 0.333333 -26.868977
v 27.158136 0.500000 -26.868977
v 27.147514 0.333333 -26.873610
v 27.147514 0.500000 -26.873610
v 27.137604 0.333333 -26.879303
v 27.137604 0.500000 -26.879303
v 27.128363 0.333333 -26.885971
v 27.128363 0.500000 -26.885971
v 27.111723 0.333333 -26.901884
v 27.111723 0.500000 -26.901884
v 27.097258 0.333333 -26.920652
v 27.097258 0.500000 -26.920652
v 27.073496 0.333333 -26.963976
v 27.073496 0.500000 -26.963976
v 27.054379 0.333333 -27.010384
v 27.054379 0.500000 -27.010384
v 27.037210 0.333333 -27.054316
v 27.037210 0.500000 -27.054316
v 27.019293 0.333333 -27.090214
v 27.019293 0.500000 -27.090214
v 27.014380 0.333333 -27.097282
v 27.014380 0.500000 -27.097282
v 27.009209 0.333333 -27.103413
v 27.009209 0.500000 -27.103413
v 27.003738 0.333333 -27.108521
v 27.003738 0.500000 -27.108521
v 26.997925 0.333333 -27.112518
v 26.997925 0.500000 -27.112518
v 26.994877 0.333333 -27.114075
v 26.994877 0.500000 -27.114075
v 26.991728 0.333333 -27.115320
v 26.991728 0.500000 -27.115320
v 26.988472 0.333333 -27.116243
v 26.988472 0.500000 -27.116243
v 26.985104 0.333333 -27.116837
v 26.985104 0.500000 -27.116837
v 26.981619 0.333333 -27.117086
v 26.981619 0.500000 -27.117086
v 26.978012 0.333333 -27.116982
v 26.978012 0.500000 -27.116982
v 26.974277 0.333333 -27.116514
v 26.974277 0.500000 -27.116514
v 27.147514 0.000000 -26.873610
v 27.147514 0.166667 -26.873610
v 27.137604 0.000000 -26.879303
v 27.137604 0.166667 -26.879303
v 27.128363 0.000000 -26.885971
v 27.128363 0.166667 -26.885971
v 27.111723 0.000000 -26.901884
v 27.111723 0.166667 -26.901884
v 27.097258 0.000000 -26.920652
v 27.097258 0.166667 -26.920652
v 27.073496 0.000000 -26.963976
v 27.073496 0.166667 -26.963976
v 27.054379 0.000000 -27.010384
v 27.054379 0.166667 -27.010384
v 27.037210 0.000000 -27.054316
v 27.037210 0.166667 -27.054316
v 27.019293 0.000000 -27.090214
v 27.019293 0.166667 -27.090214
v 27.014380 0.000000 -27.097282
v 27.014380 0.166667 -27.097282
v 27.009209 0.000000 -27.103413
v 27.009209 0.166667 -27.103413
v 27.003738 0.000000 -27.108521
v 27.003738 0.166667 -27.108521
v 26.997925 0.000000 -27.112518
v 26.997925 0.166667 -27.112518
v 26.994877 0.000000 -27.114075
v 26.994877 0.166667 -27.114075
v 26.991728 0.000000 -27.115320
v 26.991728 0.166667 -27.115320
v 26.988472 0.000000 -27.116243
v 26.988472 0.166667 -27.116243
v 26.985104 0.000000 -27.116837
v 26.985104 0.166667 -27.116837
v 26.981619 0.000000 -27.117086
v 26.981619 0.166667 -27.117086
v 26.978012 0.000000 -27.116982
v 26.978012 0.166667 -27.116982
v 26.974277 0.000000 -27.116514
v 26.974277 0.166667 -27.116514
v 26.974277 1.000000 -27.116514
v 26.974277 0.833333 -27.116514
v 26.974277 0.666667 -27.116514
v 26.978012 0.666667 -27.116982
v 26.981619 0.666667 -27.117086
v 26.985104 0.666667 -27.116837
v 26.988472 0.666667 -27.116243
v 26.991728 0.666667 -27.115320
v 26.994877 0.666667 -27.114075
v 26.997925 0.666667 -27.112518
v 27.003738 0.666667 -27.108521
v 27.009209 0.666667 -27.103413
v 27.014380 0.666667 -27.097282
v 27.019293 0.666667 -27.090214
v 27.037210 0.666667 -27.054316
v 27.054379 0.666667 -27.010384
v 27.073496 0.666667 -26.963976
v 27.097258 0.666667 -26.920652
v 27.111723 0.666667 -26.901884
v 27.128363 0.666667 -26.885971
v 27.137604 0.666667 -26.879303
v 27.147514 0.666667 -26.873610
v 27.158136 0.666667 -26.868977
v 27.169514 1.000000 -26.865492
v 26.978012 1.000000 -27.116982
v 26.978012 0.833333 -27.116982
v 26.981619 1.000000 -27.117086
v 26.981619 0.833333 -27.117086
v 26.985104 1.000000 -27.116837
v 26.985104 0.833333 -27.116837
v 26.988472 1.000000 -27.116243
v 26.988472 0.833333 -27.116243
v 26.991728 1.000000 -27.115320
v 26.991728 0.833333 -27.115320
v 26.994877 1.000000 -27.114075
v 26.994877 0.833333 -27.114075
v 26.997925 1.000000 -27.112518
v 26.997925 0.833333 -27.112518
v 27.003738 1.000000 -27.108521
v 27.003738 0.833333 -27.108521
v 27.009209 1.000000 -27.103413
v 27.009209 0.833333 -27.103413
v 27.014380 1.000000 -27.097282
v 27.014380 0.833333 -27.097282
v 27.019293 1.000000 -27.090214
v 27.019293 0.833333 -27.090214
v 27.037210 1.000000 -27.054316
v 27.037210 0.833333 -27.054316
v 27.054379 1.000000 -27.010384
v 27.054379 0.833333 -27.010384
v 27.073496 1.000000 -26.963976
v 27.073496 0.833333 -26.963976
v 27.097258 1.000000 -26.920652
v 27.097258 0.833333 -26.920652
v 27.111723 1.000000 -26.901884
v 27.111723 0.833333 -26.901884
v 27.128363 1.000000 -26.885971
v 27.128363 0.833333 -26.885971
v 27.137604 1.000000 -26.879303
v 27.137604 0.833333 -26.879303
v 27.147514 1.000000 -26.873610
v 27.147514 0.833333 -26.873610
v 27.158136 1.000000 -26.868977
v 27.158136 0.833333 -26.868977
v 27.439037 0.000000 -26.545504
v 27.439037 0.125000 -26.545504
v 27.472496 0.000000 -26.530479
v 27.439037 0.250000 -26.545504
v 27.439037 0.375000 -26.545504
v 27.409254 0.250000 -26.559126
v 27.409254 0.375000 -26.559126
v 27.359676 0.250000 -26.582407
v 27.359676 0.375000 -26.582407
v 27.321682 0.250000 -26.600796
v 27.321682 0.375000 -26.600796
v 27.293196 0.250000 -26.614775
v 27.293196 0.375000 -26.614775
v 27.272133 0.250000 -26.624815
v 27.272133 0.375000 -26.624815
v 27.256418 0.250000 -26.631397
v 27.256418 0.375000 -26.631397
v 27.243969 0.250000 -26.634996
v 27.243969 0.375000 -26.634996
v 27.238319 0.250000 -26.635828
v 27.238319 0.375000 -26.635828
v 27.232706 0.250000 -26.636091
v 27.232706 0.375000 -26.636091
v 27.231979 0.250000 -26.636127
v 27.231979 0.375000 -26.636127
v 27.231297 0.250000 -26.636234
v 27.231297 0.375000 -26.636234
v 27.230658 0.250000 -26.636414
v 27.230658 0.375000 -26.636414
v 27.230064 0.250000 -26.636660
v 27.230064 0.375000 -26.636660
v 27.229511 0.250000 -26.636976
v 27.229511 0.375000 -26.636976
v 27.229000 0.250000 -26.637360
v 27.229000 0.375000 -26.637360
v 27.228529 0.250000 -26.637810
v 27.228529 0.375000 -26.637810
v 27.228098 0.250000 -26.638325
v 27.228098 0.375000 -26.638325
v 27.227705 0.250000 -26.638905
v 27.227705 0.375000 -26.638905
v 27.227348 0.250000 -26.639547
v 27.227348 0.375000 -26.639547
v 27.226746 0.250000 -26.641016
v 27.226746 0.375000 -26.641016
v 27.226280 0.250000 -26.642727
v 27.226280 0.375000 -26.642727
v 27.225945 0.250000 -26.644670
v 27.225945 0.375000 -26.644670
v 27.225628 0.250000 -26.649218
v 27.225628 0.375000 -26.649218
v 27.225737 0.250000 -26.654591
v 27.225737 0.375000 -26.654591
v 27.226971 0.250000 -26.667553
v 27.226971 0.375000 -26.667553
v 27.231733 0.250000 -26.700459
v 27.231733 0.375000 -26.700459
v 27.236170 0.250000 -26.739105
v 27.236170 0.375000 -26.739105
v 27.236223 0.250000 -26.779213
v 27.236223 0.375000 -26.779213
v 27.233339 0.250000 -26.798477
v 27.233339 0.375000 -26.798477
v 27.227837 0.250000 -26.816502
v 27.227837 0.375000 -26.816502
v 27.223946 0.250000 -26.824881
v 27.223946 0.375000 -26.824881
v 27.219212 0.250000 -26.832750
v 27.219212 0.375000 -26.832750
v 27.213568 0.250000 -26.840042
v 27.213568 0.375000 -26.840042
v 27.206953 0.250000 -26.846687
v 27.206953 0.375000 -26.846687
v 27.199305 0.250000 -26.852623
v 27.199305 0.375000 -26.852623
v 27.190556 0.250000 -26.857780
v 27.190556 0.375000 -26.857780
v 27.180647 0.250000 -26.862093
v 27.180647 0.375000 -26.862093
v 27.180647 0.500000 -26.862093
v 27.180647 0.625000 -26.862093
v 27.180647 0.750000 -26.862093
v 27.190556 0.750000 -26.857780
v 27.190556 0.875000 -26.857780
v 27.199305 0.875000 -26.852623
v 27.199305 1.000000 -26.852623
v 27.206953 1.000000 -26.846687
v 27.409254 0.000000 -26.559126
v 27.409254 0.125000 -26.559126
v 27.359676 0.000000 -26.582407
v 27.359676 0.125000 -26.582407
v 27.321682 0.000000 -26.600796
v 27.321682 0.125000 -26.600796
v 27.293196 0.000000 -26.614775
v 27.293196 0.125000 -26.614775
v 27.272133 0.000000 -26.624815
v 27.272133 0.125000 -26.624815
v 27.256418 0.000000 -26.631397
v 27.256418 0.125000 -26.631397
v 27.243969 0.000000 -26.634996
v 27.243969 0.125000 -26.634996
v 27.238319 0.000000 -26.635828
v 27.238319 0.125000 -26.635828
v 27.232706 0.000000 -26.636091
v 27.232706 0.125000 -26.636091
v 27.231979 0.000000 -26.636127
v 27.231979 0.125000 -26.636127
v 27.231297 0.000000 -26.636234
v 27.231297 0.125000 -26.636234
v 27.230658 0.000000 -26.636414
v 27.230658 0.125000 -26.636414
v 27.230064 0.000000 -26.636660
v 27.230064 0.125000 -26.636660
v 27.229511 0.000000 -26.636976
v 27.229511 0.125000 -26.636976
v 27.229000 0.000000 -26.637360
v 27.229000 0.125000 -26.637360
v 27.228529 0.000000 -26.637810
v 27.228529 0.125000 -26.637810
v 27.228098 0.000000 -26.638325
v 27.228098 0.125000 -26.638325
v 27.227705 0.000000 -26.638905
v 27.227705 0.125000 -26.638905
v 27.227348 0.000000 -26.639547
v 27.227348 0.125000 -26.639547
v 27.226746 0.000000 -26.641016
v 27.226746 0.125000 -26.641016
v 27.226280 0.000000 -26.642727
v 27.226280 0.125000 -26.642727
v 27.225945 0.000000 -26.644670
v 27.225945 0.125000 -26.644670
v 27.225628 0.000000 -26.649218
v 27.225628 0.125000 -26.649218
v 27.225737 0.000000 -26.654591
v 27.225737 0.125000 -26.654591
v 27.226971 0.000000 -26.667553
v 27.226971 0.125000 -26.667553
v 27.231733 0.000000 -26.700459
v 27.231733 0.125000 -26.700459
v 27.236170 0.000000 -26.739105
v 27.236170 0.125000 -26.739105
v 27.236223 0.000000 -26.779213
v 27.236223 0.125000 -26.779213
v 27.233339 0.000000 -26.798477
v 27.233339 0.125000 -26.798477
v 27.227837 0.000000 -26.816502
v 27.227837 0.125000 -26.816502
v 27.223946 0.000000 -26.824881
v 27.223946 0.125000 -26.824881
v 27.219212 0.000000 -26.832750
v 27.219212 0.125000 -26.832750
v 27.213568 0.000000 -26.840042
v 27.213568 0.125000 -26.840042
v 27.206953 0.000000 -26.846687
v 27.206953 0.125000 -26.846687
v 27.199305 0.000000 -26.852623
v 27.199305 0.125000 -26.852623
v 27.190556 0.000000 -26.857780
v 27.190556 0.125000 -26.857780
v 27.180647 0.000000 -26.862093
v 27.180647 0.125000 -26.862093
v 27.180647 0.875000 -26.862093
v 27.180647 1.000000 -26.862093
v 27.190556 1.000000 -26.857780
v 27.206953 0.875000 -26.846687
v 27.213568 1.000000 -26.840042
v 27.213568 0.875000 -26.840042
v 27.219212 1.000000 -26.832750
v 27.219212 0.875000 -26.832750
v 27.223946 1.000000 -26.824881
v 27.223946 0.875000 -26.824881
v 27.227837 1.000000 -26.816502
v 27.227837 0.875000 -26.816502
v 27.233339 1.000000 -26.798477
v 27.233339 0.875000 -26.798477
v 27.236223 1.000000 -26.779213
v 27.236223 0.875000 -26.779213
v 27.236170 1.000000 -26.739105
v 27.236170 0.875000 -26.739105
v 27.231733 1.000000 -26.700459
v 27.231733 0.875000 -26.700459
v 27.226971 1.000000 -26.667553
v 27.226971 0.875000 -26.667553
v 27.225737 1.000000 -26.654591
v 27.225737 0.875000 -26.654591
v 27.225628 1.000000 -26.649218
v 27.225628 0.875000 -26.649218
v 27.225945 1.000000 -26.644670
v 27.225945 0.875000 -26.644670
v 27.226280 1.000000 -26.642727
v 27.226280 0.875000 -26.642727
v 27.226746 1.000000 -26.641016
v 27.226746 0.875000 -26.641016
v 27.227348 1.000000 -26.639547
v 27.227348 0.875000 -26.639547
v 27.227705 1.000000 -26.638905
v 27.227705 0.875000 -26.638905
v 27.228098 1.000000 -26.638325
v 27.228098 0.875000 -26.638325
v 27.228529 1.000000 -26.637810
v 27.228529 0.875000 -26.637810
v 27.229000 1.000000 -26.637360
v 27.229000 0.875000 -26.637360
v 27.229511 1.000000 -26.636976
v 27.229511 0.875000 -26.636976
v 27.230064 1.000000 -26.636660
v 27.230064 0.875000 -26.636660
v 27.230658 1.000000 -26.636414
v 27.230658 0.875000 -26.636414
v 27.231297 1.000000 -26.636234
v 27.231297 0.875000 -26.636234
v 27.231979 1.000000 -26.636127
v 27.231979 0.875000 -26.636127
v 27.232706 1.000000 -26.636091
v 27.232706 0.875000 -26.636091
v 27.238319 1.000000 -26.635828
v 27.238319 0.875000 -26.635828
v 27.243969 1.000000 -26.634996
v 27.243969 0.875000 -26.634996
v 27.256418 1.000000 -26.631397
v 27.256418 0.875000 -26.631397
v 27.272133 1.000000 -26.624815
v 27.272133 0.875000 -26.624815
v 27.293196 1.000000 -26.614775
v 27.293196 0.875000 -26.614775
v 27.321682 1.000000 -26.600796
v 27.321682 0.875000 -26.600796
v 27.359676 1.000000 -26.582407
v 27.359676 0.875000 -26.582407
v 27.409254 1.000000 -26.559126
v 27.409254 0.875000 -26.559126
v 27.439037 1.000000 -26.545504
v 27.439037 0.875000 -26.545504
v 27.472496 1.000000 -26.530479
v 27.439037 0.750000 -26.545504
v 27.439037 0.625000 -26.545504
v 27.409254 0.625000 -26.559126
v 27.409254 0.500000 -26.559126
v 27.359676 0.500000 -26.582407
v 27.439037 0.500000 -26.545504
v 27.409254 0.750000 -26.559126
v 27.359676 0.750000 -26.582407
v 27.359676 0.625000 -26.582407
v 27.321682 0.750000 -26.600796
v 27.321682 0.625000 -26.600796
v 27.321682 0.500000 -26.600796
v 27.293196 0.750000 -26.614775
v 27.293196 0.625000 -26.614775
v 27.293196 0.500000 -26.614775
v 27.272133 0.750000 -26.624815
v 27.272133 0.625000 -26.624815
v 27.272133 0.500000 -26.624815
v 27.256418 0.750000 -26.631397
v 27.256418 0.625000 -26.631397
v 27.256418 0.500000 -26.631397
v 27.243969 0.750000 -26.634996
v 27.243969 0.625000 -26.634996
v 27.243969 0.500000 -26.634996
v 27.238319 0.750000 -26.635828
v 27.238319 0.625000 -26.635828
v 27.238319 0.500000 -26.635828
v 27.232706 0.750000 -26.636091
v 27.232706 0.625000 -26.636091
v 27.232706 0.500000 -26.636091
v 27.231979 0.750000 -26.636127
v 27.231979 0.625000 -26.636127
v 27.231979 0.500000 -26.636127
v 27.231297 0.750000 -26.636234
v 27.231297 0.625000 -26.636234
v 27.231297 0.500000 -26.636234
v 27.230658 0.750000 -26.636414
v 27.230658 0.625000 -26.636414
v 27.230658 0.500000 -26.636414
v 27.230064 0.750000 -26.636660
v 27.230064 0.625000 -26.636660
v 27.230064 0.500000 -26.636660
v 27.229511 0.750000 -26.636976
v 27.229511 0.625000 -26.636976
v 27.229511 0.500000 -26.636976
v 27.229000 0.750000 -26.637360
v 27.229000 0.625000 -26.637360
v 27.229000 0.500000 -26.637360
v 27.228529 0.750000 -26.637810
v 27.228529 0.625000 -26.637810
v 27.228529 0.500000 -26.637810
v 27.228098 0.750000 -26.638325
v 27.228098 0.625000 -26.638325
v 27.228098 0.500000 -26.638325
v 27.227705 0.750000 -26.638905
v 27.227705 0.625000 -26.638905
v 27.227705 0.500000 -26.638905
v 27.227348 0.750000 -26.639547
v 27.227348 0.625000 -26.639547
v 27.227348 0.500000 -26.639547
v 27.226746 0.750000 -26.641016
v 27.226746 0.625000 -26.641016
v 27.226746 0.500000 -26.641016
v 27.226280 0.750000 -26.642727
v 27.226280 0.625000 -26.642727
v 27.226280 0.500000 -26.642727
v 27.225945 0.750000 -26.644670
v 27.225945 0.625000 -26.644670
v 27.225945 0.500000 -26.644670
v 27.225628 0.750000 -26.649218
v 27.225628 0.625000 -26.649218
v 27.225628 0.500000 -26.649218
v 27.225737 0.750000 -26.654591
v 27.225737 0.625000 -26.654591
v 27.225737 0.500000 -26.654591
v 27.226971 0.750000 -26.667553
v 27.226971 0.625000 -26.667553
v 27.226971 0.500000 -26.667553
v 27.231733 0.750000 -26.700459
v 27.231733 0.625000 -26.700459
v 27.231733 0.500000 -26.700459
v 27.236170 0.750000 -26.739105
v 27.236170 0.625000 -26.739105
v 27.236170 0.500000 -26.739105
v 27.236223 0.750000 -26.779213
v 27.236223 0.625000 -26.779213
v 27.236223 0.500000 -26.779213
v 27.233339 0.750000 -26.798477
v 27.233339 0.625000 -26.798477
v 27.233339 0.500000 -26.798477
v 27.227837 0.750000 -26.816502
v 27.227837 0.625000 -26.816502
v 27.227837 0.500000 -26.816502
v 27.223946 0.750000 -26.824881
v 27.223946 0.625000 -26.824881
v 27.223946 0.500000 -26.824881
v 27.219212 0.750000 -26.832750
v 27.219212 0.625000 -26.832750
v 27.219212 0.500000 -26.832750
v 27.213568 0.750000 -26.840042
v 27.213568 0.625000 -26.840042
v 27.213568 0.500000 -26.840042
v 27.206953 0.750000 -26.846687
v 27.206953 0.625000 -26.846687
v 27.206953 0.500000 -26.846687
v 27.199305 0.750000 -26.852623
v 27.199305 0.625000 -26.852623
v 27.199305 0.500000 -26.852623
v 27.190556 0.500000 -26.857780
v 27.190556 0.625000 -26.857780
v 27.952942 0.000000 -26.519659
v 27.886068 0.000000 -26.499069
v 27.952942 1.000000 -26.519659
v 27.886068 1.000000 -26.499069
v 27.825039 0.000000 -26.483734
v 27.825039 1.000000 -26.483734
v 27.767904 0.000000 -26.474161
v 27.767904 1.000000 -26.474161
v 27.712719 0.000000 -26.470858
v 27.712719 1.000000 -26.470858
v 27.657532 0.000000 -26.474329
v 27.657532 1.000000 -26.474329
v 27.600399 0.000000 -26.485086
v 27.600399 1.000000 -26.485086
v 27.539370 0.000000 -26.503633
v 27.539370 1.000000 -26.503633
v 28.318253 0.000000 -26.405392
v 28.293968 0.000000 -26.434906
v 28.318253 1.000000 -26.405392
v 28.293968 1.000000 -26.434906
v 28.271524 0.000000 -26.460878
v 28.271524 1.000000 -26.460878
v 28.230740 0.000000 -26.502676
v 28.230740 1.000000 -26.502676
v 28.211695 0.000000 -26.518742
v 28.211695 1.000000 -26.518742
v 28.193079 0.000000 -26.531744
v 28.193079 1.000000 -26.531744
v 28.174540 0.000000 -26.541801
v 28.174540 1.000000 -26.541801
v 28.155724 0.000000 -26.549038
v 28.155724 1.000000 -26.549038
v 28.136278 0.000000 -26.553570
v 28.136278 1.000000 -26.553570
v 28.115852 0.000000 -26.555517
v 28.115852 1.000000 -26.555517
v 28.094091 0.000000 -26.555002
v 28.094091 1.000000 -26.555002
v 28.070644 0.000000 -26.552141
v 28.070644 1.000000 -26.552141
v 28.017281 0.000000 -26.539869
v 28.017281 1.000000 -26.539869
v 28.757145 0.000000 -25.998095
v 28.731321 0.000000 -26.042208
v 28.757145 1.000000 -25.998095
v 28.731321 1.000000 -26.042208
v 28.704876 0.000000 -26.080837
v 28.704876 1.000000 -26.080837
v 28.677895 0.000000 -26.114624
v 28.677895 1.000000 -26.114624
v 28.650465 0.000000 -26.144209
v 28.650465 1.000000 -26.144209
v 28.594616 0.000000 -26.193350
v 28.594616 1.000000 -26.193350
v 28.538023 0.000000 -26.233393
v 28.538023 1.000000 -26.233393
v 28.425419 0.000000 -26.306751
v 28.425419 1.000000 -26.306751
v 28.370806 0.000000 -26.350342
v 28.370806 1.000000 -26.350342
v 28.966637 0.000000 -25.267038
v 28.965765 0.000000 -25.272575
v 28.966637 1.000000 -25.267038
v 28.965765 1.000000 -25.272575
v 28.963188 0.000000 -25.288311
v 28.963188 1.000000 -25.288311
v 28.958923 0.000000 -25.313208
v 28.958923 1.000000 -25.313208
v 28.952986 0.000000 -25.346228
v 28.952986 1.000000 -25.346228
v 28.945391 0.000000 -25.386332
v 28.945391 1.000000 -25.386332
v 28.936155 0.000000 -25.432482
v 28.936155 1.000000 -25.432482
v 28.925297 0.000000 -25.483641
v 28.925297 1.000000 -25.483641
v 28.912830 0.000000 -25.538769
v 28.912830 1.000000 -25.538769
v 28.883137 0.000000 -25.656778
v 28.883137 1.000000 -25.656778
v 28.847206 0.000000 -25.778208
v 28.847206 1.000000 -25.778208
v 28.805164 0.000000 -25.894749
v 28.805164 1.000000 -25.894749
v 28.781895 0.000000 -25.948591
v 28.781895 1.000000 -25.948591
v 29.324795 0.000000 -24.725080
v 29.324795 1.000000 -24.725080
v 29.257742 0.000000 -24.835135
v 29.257742 1.000000 -24.835135
v 29.188240 0.000000 -24.943647
v 29.188240 1.000000 -24.943647
v 29.120935 0.000000 -25.045017
v 29.120935 1.000000 -25.045017
v 29.089560 0.000000 -25.091274
v 29.089560 1.000000 -25.091274
v 29.060476 0.000000 -25.133644
v 29.060476 1.000000 -25.133644
v 29.034266 0.000000 -25.171427
v 29.034266 1.000000 -25.171427
v 29.011509 0.000000 -25.203924
v 29.011509 1.000000 -25.203924
v 28.992786 0.000000 -25.230434
v 28.992786 1.000000 -25.230434
v 28.978680 0.000000 -25.250256
v 28.978680 1.000000 -25.250256
v 28.969770 0.000000 -25.262691
v 28.969770 1.000000 -25.262691
vn 0.7071 -0.0000 0.7071
vn 1.0000 -0.0000 -0.0000
vn -0.7071 -0.0000 0.7071
vn -1.0000 -0.0000 -0.0000
vn -0.0000 -0.0000 1.0000
vn -0.0000 -0.0000 -1.0000
vn 0.9986 -0.0000 -0.0520
vn -0.9267 -0.0000 -0.3758
vn -0.6814 -0.0000 -0.7319
vn -0.7435 -0.0000 -0.6687
vn -0.7814 -0.0000 -0.6240
vn -0.8066 -0.0000 -0.5912
vn -0.8243 -0.0000 -0.5662
vn -0.8347 -0.0000 -0.5507
vn -0.8404 -0.0000 -0.5420
vn -0.8454 -0.0000 -0.5341
vn -0.8453 -0.0000 -0.5342
vn -0.8498 -0.0000 -0.5271
vn -0.8537 -0.0000 -0.5207
vn -0.8536 -0.0000 -0.5209
vn -0.8569 -0.0000 -0.5154
vn 0.9802 -0.0000 -0.1978
vn 0.9775 -0.0000 -0.2108
vn 0.9738 -0.0000 -0.2274
vn 0.9738 -0.0000 -0.2272
vn 0.9692 -0.0000 -0.2463
vn 0.9692 -0.0000 -0.2464
vn 0.9634 -0.0000 -0.2682
vn 0.9559 -0.0000 -0.2937
vn 0.9398 -0.0000 -0.3417
vn 0.9398 -0.0000 -0.3418
vn 0.9044 -0.0000 -0.4267
vn 0.8579 -0.0000 -0.5138
vn 0.8081 -0.0000 -0.5891
vn 0.8080 -0.0000 -0.5892
vn 0.7336 -0.0000 -0.6796
vn 0.6214 -0.0000 -0.7835
vn 0.5037 -0.0000 -0.8639
vn 0.5038 -0.0000 -0.8638
vn 0.4058 -0.0000 -0.9140
vn 0.4059 -0.0000 -0.9139
vn 0.2930 -0.0000 -0.9561
vn 0.1676 -0.0000 -0.9858
vn 0.1690 -0.0000 -0.9856
vn 0.2787 -0.0000 -0.9604
vn 0.3754 -0.0000 -0.9269
vn 0.4588 -0.0000 -0.8885
vn 0.4587 -0.0000 -0.8886
vn 0.5591 -0.0000 -0.8291
vn 0.6594 -0.0000 -0.7518
vn 0.6593 -0.0000 -0.7518
vn 0.7298 -0.0000 -0.6837
vn 0.7801 -0.0000 -0.6257
vn 0.8096 -0.0000 -0.5870
vn 0.8254 -0.0000 -0.5645
vn 0.8253 -0.0000 -0.5647
vn 0.8389 -0.0000 -0.5443
vn 0.8494 -0.0000 -0.5277
vn 0.9899 -0.0000 0.1419
vn 0.9900 -0.0000 0.1410
vn 0.9908 -0.0000 0.1354
vn 0.9918 -0.0000 0.1280
vn 0.9917 -0.0000 0.1282
vn 0.9928 -0.0000 0.1198
vn 0.9946 -0.0000 0.1037
vn 0.9972 -0.0000 0.0752
vn 0.9972 -0.0000 0.0753
vn 0.9995 -0.0000 0.0310
vn 0.9995 -0.0000 0.0311
vn 0.9990 -0.0000 -0.0456
vn 0.9887 -0.0000 -0.1498
vn 0.9887 -0.0000 -0.1499
vn 0.9624 -0.0000 -0.2717
vn 0.9623 -0.0000 -0.2719
vn 0.9104 -0.0000 -0.4138
vn 0.9102 -0.0000 -0.4142
vn 0.8600 -0.0000 -0.5103
vn 0.8111 -0.0000 -0.5849
vn 0.8116 -0.0000 -0.5842
vn 0.7461 -0.0000 -0.6658
vn 0.7456 -0.0000 -0.6664
vn 0.6587 -0.0000 -0.7524
vn 0.6582 -0.0000 -0.7529
vn 0.5460 -0.0000 -0.8378
vn 0.5465 -0.0000 -0.8374
vn 0.4101 -0.0000 -0.9121
vn 0.2382 -0.0000 -0.9712
vn 0.3023 -0.0000 -0.9532
vn 0.3024 -0.0000 -0.9532
vn 0.3948 -0.0000 -0.9188
vn 0.5133 -0.0000 -0.8582
vn 0.5132 -0.0000 -0.8583
vn 0.6439 -0.0000 -0.7651
vn 0.6438 -0.0000 -0.7652
vn 0.7664 -0.0000 -0.6424
vn 0.7662 -0.0000 -0.6426
vn 0.8639 -0.0000 -0.5037
vn 0.9305 -0.0000 -0.3664
vn 0.9699 -0.0000 -0.2435
vn 0.9699 -0.0000 -0.2437
vn 0.9901 -0.0000 -0.1401
vn 0.9984 -0.0000 -0.0557
vn 0.9999 -0.0000 0.0123
vn 0.9999 -0.0000 0.0124
vn 0.9977 -0.0000 0.0671
vn 0.9977 -0.0000 0.0672
vn 0.9988 -0.0000 0.0495
vn 0.9991 -0.0000 -0.0427
vn 0.9991 -0.0000 -0.0428
vn 0.9889 -0.0000 -0.1486
vn 0.9889 -0.0000 -0.1484
vn 0.9646 -0.0000 -0.2636
vn 0.9249 -0.0000 -0.3803
vn 0.8726 -0.0000 -0.4884
vn 0.8727 -0.0000 -0.4883
vn 0.7904 -0.0000 -0.6126
vn 0.7903 -0.0000 -0.6127
vn 0.7170 -0.0000 -0.6971
vn 0.7745 -0.0000 -0.6326
vn 0.8293 -0.0000 -0.5588
vn 0.8868 -0.0000 -0.4622
vn 0.9370 -0.0000 -0.3493
vn 0.9370 -0.0000 -0.3494
vn 0.9733 -0.0000 -0.2296
vn 0.9911 -0.0000 -0.1329
vn 0.9991 -0.0000 -0.0421
vn 0.9995 -0.0000 0.0301
vn 0.9995 -0.0000 0.0302
vn 0.9972 -0.0000 0.0743
vn 0.9946 -0.0000 0.1039
vn 0.9927 -0.0000 0.1208
vn 0.9915 -0.0000 0.1299
vn 0.9915 -0.0000 0.1298
vn 0.9905 -0.0000 0.1378
vn 0.9905 -0.0000 0.1377
vn 0.9895 -0.0000 0.1447
vn 0.9886 -0.0000 0.1507
vn 0.9879 -0.0000 0.1552
vn 0.9877 -0.0000 0.1561
vn 0.9656 -0.0000 0.2600
vn 0.9660 -0.0000 0.2584
vn 0.9666 -0.0000 0.2562
vn 0.9673 -0.0000 0.2537
vn 0.9673 -0.0000 0.2538
vn 0.9680 -0.0000 0.2511
vn 0.9688 -0.0000 0.2480
vn 0.9696 -0.0000 0.2447
vn 0.9705 -0.0000 0.2409
vn 0.9706 -0.0000 0.2409
vn 0.9722 -0.0000 0.2340
vn 0.9749 -0.0000 0.2226
vn 0.9784 -0.0000 0.2067
vn 0.9817 -0.0000 0.1903
vn 0.9844 -0.0000 0.1758
vn 0.9900 -0.0000 0.1411
vn 0.9970 -0.0000 0.0768
vn 0.9971 -0.0000 0.0768
vn 1.0000 -0.0000 -0.0021
vn 0.9955 -0.0000 -0.0948
vn 0.9806 -0.0000 -0.1960
vn 0.9555 -0.0000 -0.2951
vn 0.9555 -0.0000 -0.2950
vn 0.9136 -0.0000 -0.4067
vn 0.8908 -0.0000 -0.4544
vn 0.9111 -0.0000 -0.4121
vn 0.9360 -0.0000 -0.3521
vn 0.9360 -0.0000 -0.3520
vn 0.9605 -0.0000 -0.2783
vn 0.9605 -0.0000 -0.2784
vn 0.9798 -0.0000 -0.2002
vn 0.9922 -0.0000 -0.1245
vn 0.9922 -0.0000 -0.1246
vn 0.9992 -0.0000 -0.0405
vn 0.9980 -0.0000 -0.0634
vn 0.9969 -0.0000 -0.0790
vn 0.9959 -0.0000 -0.0905
vn 0.9941 -0.0000 -0.1081
vn 0.9928 -0.0000 -0.1197
vn 0.9924 -0.0000 -0.1229
vn 0.9921 -0.0000 -0.1257
vn 0.9918 -0.0000 -0.1281
vn 0.9918 -0.0000 -0.1280
vn 0.9915 -0.0000 -0.1297
vn 0.9914 -0.0000 -0.1307
vn 0.9913 -0.0000 -0.1316
vn 0.9912 -0.0000 -0.1325
vn 0.9911 -0.0000 -0.1333
vn 0.9910 -0.0000 -0.1340
vn 0.9909 -0.0000 -0.1343
vn 0.9909 -0.0000 -0.1347
vn 0.9908 -0.0000 -0.1351
vn 0.9908 -0.0000 -0.1350
vn 0.9907 -0.0000 -0.1362
vn -0.4117 -0.0000 0.9113
vn -0.4123 -0.0000 0.9110
vn -0.4139 -0.0000 0.9103
vn -0.4137 -0.0000 0.9104
vn -0.4172 -0.0000 0.9088
vn -0.4219 -0.0000 0.9067
vn -0.4272 -0.0000 0.9041
vn -0.4334 -0.0000 0.9012
vn -0.4406 -0.0000 0.8977
vn -0.4543 -0.0000 0.8909
vn -0.4792 -0.0000 0.8777
vn -0.5064 -0.0000 0.8623
vn -0.5063 -0.0000 0.8623
vn -0.5319 -0.0000 0.8468
vn -0.5667 -0.0000 0.8239
vn -0.6166 -0.0000 0.7872
vn -0.6167 -0.0000 0.7872
vn -0.6926 -0.0000 0.7213
vn -0.7774 -0.0000 0.6290
vn -0.8525 -0.0000 0.5228
vn -0.8526 -0.0000 0.5226
vn -0.8857 -0.0000 0.4643
vn -0.8539 -0.0000 0.5204
vn -0.8016 -0.0000 0.5979
vn -0.7180 -0.0000 0.6960
vn -0.6294 -0.0000 0.7770
vn -0.5584 -0.0000 0.8296
vn -0.5586 -0.0000 0.8294
vn -0.4814 -0.0000 0.8765
vn -0.4816 -0.0000 0.8764
vn -0.4019 -0.0000 0.9157
vn -0.2896 -0.0000 0.9571
vn -0.2897 -0.0000 0.9571
vn -0.1688 -0.0000 0.9856
vn -0.0752 -0.0000 0.9972
vn -0.0680 -0.0000 0.9977
vn -0.1123 -0.0000 0.9937
vn -0.1550 -0.0000 0.9879
vn -0.2015 -0.0000 0.9795
vn -0.2484 -0.0000 0.9687
vn -0.3031 -0.0000 0.9530
vn -0.3413 -0.0000 0.9400
vn -0.3703 -0.0000 0.9289
vn -0.3972 -0.0000 0.9177
vn -0.4279 -0.0000 0.9038
vn -0.4589 -0.0000 0.8885
vn -0.4881 -0.0000 0.8728
vn -0.4880 -0.0000 0.8729
vn -0.5309 -0.0000 0.8474
vn -0.6024 -0.0000 0.7982
vn -0.6976 -0.0000 0.7165
vn -0.6979 -0.0000 0.7162
vn -0.7714 -0.0000 0.6364
vn -0.8342 -0.0000 0.5515
vn -0.8884 -0.0000 0.4591
vn -0.8866 -0.0000 0.4626
vn -0.9263 -0.0000 0.3767
vn -0.9247 -0.0000 0.3807
vn -0.9598 -0.0000 0.2808
vn -0.9871 -0.0000 0.1600
vn -0.9880 -0.0000 0.1546
vn -0.9998 -0.0000 0.0177
vn -0.9999 -0.0000 0.0118
vn -0.9881 -0.0000 -0.1537
vn -0.9616 -0.0000 -0.2744
vn -0.9583 -0.0000 -0.2859
vn -0.9320 -0.0000 -0.3626
vn -0.8944 -0.0000 -0.4472
vn -0.8473 -0.0000 -0.5312
vn -0.8688 -0.0000 -0.4952
vn -0.9890 -0.0000 -0.1477
vn -0.9862 -0.0000 0.1654
vn -0.8527 -0.0000 -0.5224
vn -0.8551 -0.0000 -0.5184
vn -0.8254 -0.0000 -0.5645
vn -0.9611 -0.0000 0.2761
vn -0.5308 -0.0000 0.8475
vn -0.3973 -0.0000 0.9177
vn -0.3032 -0.0000 0.9529
vn -0.8581 -0.0000 -0.5135
vn -0.4880 -0.0000 0.8728
vn -0.5309 -0.0000 0.8475
vn -0.8692 -0.0000 -0.4944
vn -0.9204 -0.0000 -0.3911
vn -0.9595 -0.0000 -0.2819
vn -0.9602 -0.0000 -0.2794
vn -0.9879 -0.0000 -0.1549
vn -0.9991 -0.0000 -0.0428
vn -0.9998 -0.0000 0.0183
vn -0.9998 -0.0000 0.0185
vn -0.9988 -0.0000 0.0483
vn -0.9988 -0.0000 0.0481
vn -0.9979 -0.0000 0.0655
vn -0.9978 -0.0000 0.0656
vn -0.9970 -0.0000 0.0769
vn -0.9964 -0.0000 0.0848
vn -0.9959 -0.0000 0.0905
vn -0.9959 -0.0000 0.0906
vn -0.9953 -0.0000 0.0965
vn -0.9948 -0.0000 0.1015
vn -0.9948 -0.0000 0.1016
vn -0.9945 -0.0000 0.1045
vn -0.9944 -0.0000 0.1061
vn -0.9943 -0.0000 0.1065
vn -0.9946 -0.0000 0.1042
vn -0.9950 -0.0000 0.1001
vn -0.9954 -0.0000 0.0957
vn -0.9954 -0.0000 0.0958
vn -0.9960 -0.0000 0.0896
vn -0.9967 -0.0000 0.0808
vn -0.9976 -0.0000 0.0693
vn -0.9987 -0.0000 0.0516
vn -0.9996 -0.0000 0.0286
vn -1.0000 -0.0000 0.0002
vn -0.9994 -0.0000 -0.0335
vn -0.9974 -0.0000 -0.0723
vn -0.9933 -0.0000 -0.1156
vn -0.9867 -0.0000 -0.1627
vn -0.9774 -0.0000 -0.2114
vn -0.9663 -0.0000 -0.2574
vn -0.9663 -0.0000 -0.2575
vn -0.9526 -0.0000 -0.3044
vn -0.9361 -0.0000 -0.3517
vn -0.9361 -0.0000 -0.3516
vn -0.9171 -0.0000 -0.3988
vn -0.9170 -0.0000 -0.3988
vn -0.8954 -0.0000 -0.4452
vn -0.8715 -0.0000 -0.4904
vn -0.8715 -0.0000 -0.4903
vn -0.8457 -0.0000 -0.5337
vn -0.8184 -0.0000 -0.5747
vn -0.7903 -0.0000 -0.6127
vn -0.7903 -0.0000 -0.6128
vn -0.7485 -0.0000 -0.6632
vn -0.7484 -0.0000 -0.6632
vn -0.6956 -0.0000 -0.7184
vn -0.6525 -0.0000 -0.7578
vn 0.9996 -0.0000 0.0278
vn 0.9999 -0.0000 0.0126
vn 1.0000 -0.0000 -0.0079
vn 0.9994 -0.0000 -0.0358
vn 0.9980 -0.0000 -0.0632
vn 0.9963 -0.0000 -0.0862
vn 0.9935 -0.0000 -0.1141
vn 0.9815 -0.0000 -0.1913
vn 0.9692 -0.0000 -0.2462
vn 0.9482 -0.0000 -0.3178
vn 0.9107 -0.0000 -0.4130
vn 0.9107 -0.0000 -0.4131
vn 0.9396 -0.0000 0.3423
vn 0.9468 -0.0000 0.3220
vn 0.9467 -0.0000 0.3220
vn 0.9530 -0.0000 0.3031
vn 0.9529 -0.0000 0.3032
vn 0.9584 -0.0000 0.2853
vn 0.9657 -0.0000 0.2596
vn 0.9741 -0.0000 0.2260
vn 0.9815 -0.0000 0.1914
vn 0.9880 -0.0000 0.1542
vn 0.9936 -0.0000 0.1127
vn 0.9979 -0.0000 0.0651
vn 0.9998 -0.0000 -0.0183
vn 1.0000 -0.0000 0.0040
vn 0.9994 -0.0000 0.0342
vn 0.9974 -0.0000 0.0725
vn 0.9928 -0.0000 0.1194
vn 0.9845 -0.0000 0.1753
vn 0.9706 -0.0000 0.2406
vn 0.9490 -0.0000 0.3152
vn 0.7876 -0.0000 0.6162
vn 0.7877 -0.0000 0.6161
vn 0.7477 -0.0000 0.6641
vn 0.7476 -0.0000 0.6642
vn 0.6977 -0.0000 0.7164
vn 0.6892 -0.0000 0.7246
vn 0.7546 -0.0000 0.6562
vn 0.7547 -0.0000 0.6561
vn 0.8258 -0.0000 0.5640
vn 0.8257 -0.0000 0.5642
vn 0.8941 -0.0000 0.4479
vn 0.9445 -0.0000 0.3286
vn 0.9745 -0.0000 0.2242
vn 0.9745 -0.0000 0.2243
vn 0.9898 -0.0000 0.1421
vn 0.9967 -0.0000 0.0809
vn 0.9993 -0.0000 0.0366
vn 1.0000 -0.0000 0.0048
vn 0.9998 -0.0000 -0.0180
vn 0.9377 -0.0000 0.3473
vn 0.9716 -0.0000 0.2367
vn 0.9906 -0.0000 0.1369
vn 0.9862 -0.0000 0.1655
vn 0.9619 -0.0000 0.2736
vn 0.9119 -0.0000 0.4105
vn 0.8622 -0.0000 0.5065
vn 0.8622 -0.0000 0.5066
vn 0.8265 -0.0000 0.5629
vn 0.8265 -0.0000 0.5630
vn 0.6573 -0.0000 0.7536
vn 0.7549 -0.0000 0.6558
vn 0.7548 -0.0000 0.6559
vn 0.8369 -0.0000 0.5474
vn 0.8370 -0.0000 0.5473
vn 0.8998 -0.0000 0.4363
vn 0.9436 -0.0000 0.3311
vn 0.9715 -0.0000 0.2371
vn 0.9715 -0.0000 0.2372
vn 0.9922 -0.0000 0.1244
vn 0.9922 -0.0000 0.1245
vn 0.9998 -0.0000 0.0223
vn 0.9998 -0.0000 0.0222
vn 0.9995 -0.0000 -0.0310
vn 0.9995 -0.0000 -0.0330
vn 0.9997 -0.0000 -0.0235
vn 0.9985 -0.0000 -0.0551
vn 0.9973 -0.0000 -0.0733
vn 0.9965 -0.0000 -0.0832
vn 0.9965 -0.0000 -0.0833
vn 0.9962 -0.0000 -0.0870
vn 0.9970 -0.0000 -0.0777
vn 0.9987 -0.0000 -0.0517
vn 1.0000 -0.0000 -0.0033
vn 0.9984 -0.0000 0.0562
vn 0.9933 -0.0000 0.1153
vn 0.9933 -0.0000 0.1152
vn 0.9801 -0.0000 0.1986
vn 0.9476 -0.0000 0.3195
vn 0.9476 -0.0000 0.3194
vn 0.8418 -0.0000 0.5398
vn 0.8392 -0.0000 0.5438
vn 0.8324 -0.0000 0.5541
vn 0.8163 -0.0000 0.5777
vn 0.7885 -0.0000 0.6150
vn 0.7473 -0.0000 0.6645
vn 0.6959 -0.0000 0.7182
vn 0.6443 -0.0000 0.7648
vn 0.6039 -0.0000 0.7971
vn 0.4285 -0.0000 0.9035
vn 0.4640 -0.0000 0.8858
vn 0.5145 -0.0000 0.8575
vn 0.5806 -0.0000 0.8142
vn 0.6569 -0.0000 0.7540
vn 0.7363 -0.0000 0.6767
vn 0.8112 -0.0000 0.5848
vn -0.6105 -0.0000 0.7920
vn -0.4976 -0.0000 0.8674
vn -0.3737 -0.0000 0.9276
vn -0.2467 -0.0000 0.9691
vn -0.1252 -0.0000 0.9921
vn -0.0152 -0.0000 0.9999
vn 0.1214 -0.0000 0.9926
vn 0.2537 -0.0000 0.9673
vn 0.3390 -0.0000 0.9408
vn 0.3901 -0.0000 0.9208
vn 0.4162 -0.0000 0.9093
vn 0.4161 -0.0000 0.9093
vn -0.9797 -0.0000 0.2005
vn -0.9798 -0.0000 0.2002
vn -0.9533 -0.0000 0.3020
vn -0.9534 -0.0000 0.3017
vn -0.9149 -0.0000 0.4036
vn -0.9148 -0.0000 0.4039
vn -0.8641 -0.0000 0.5033
vn -0.8025 -0.0000 0.5967
vn -0.7320 -0.0000 0.6813
vn -0.6560 -0.0000 0.7548
vn -0.6558 -0.0000 0.7549
vn -0.5767 -0.0000 0.8169
vn -0.5769 -0.0000 0.8168
vn -0.4586 -0.0000 0.8887
vn -0.4585 -0.0000 0.8887
vn -0.3105 -0.0000 0.9506
vn -0.1795 -0.0000 0.9838
vn -0.0664 -0.0000 0.9978
vn 0.0746 -0.0000 0.9972
vn 0.2236 -0.0000 0.9747
vn 0.3444 -0.0000 0.9388
vn 0.4484 -0.0000 0.8938
vn -0.4642 -0.0000 -0.8858
vn -0.4643 -0.0000 -0.8857
vn -0.4704 -0.0000 -0.8825
vn -0.4701 -0.0000 -0.8826
vn -0.4779 -0.0000 -0.8784
vn -0.4864 -0.0000 -0.8737
vn -0.4865 -0.0000 -0.8737
vn -0.4966 -0.0000 -0.8680
vn -0.5084 -0.0000 -0.8611
vn -0.5311 -0.0000 -0.8473
vn -0.5729 -0.0000 -0.8196
vn -0.6189 -0.0000 -0.7854
vn -0.6623 -0.0000 -0.7492
vn -0.7209 -0.0000 -0.6930
vn -0.7210 -0.0000 -0.6930
vn -0.8012 -0.0000 -0.5984
vn -0.8775 -0.0000 -0.4795
vn -0.9328 -0.0000 -0.3603
vn -0.9331 -0.0000 -0.3597
vn -0.9705 -0.0000 -0.2411
vn -0.9895 -0.0000 -0.1442
vn -0.9894 -0.0000 -0.1450
vn -0.9994 -0.0000 -0.0349
vn -0.9994 -0.0000 -0.0357
vn -0.9962 -0.0000 0.0875
vn -0.9962 -0.0000 0.0866
vn -0.9963 -0.0000 0.0863
vn 0.2302 -0.0000 0.9731
vn 0.2725 -0.0000 0.9622
vn 0.2936 -0.0000 0.9559
vn 0.3062 -0.0000 0.9520
vn 0.3176 -0.0000 0.9482
vn 0.3267 -0.0000 0.9451
vn 0.3323 -0.0000 0.9432
vn 0.3322 -0.0000 0.9432
vn 0.3353 -0.0000 0.9421
vn 0.3369 -0.0000 0.9415
vn 0.3382 -0.0000 0.9411
vn 0.3394 -0.0000 0.9406
vn 0.3404 -0.0000 0.9403
vn 0.3415 -0.0000 0.9399
vn 0.3413 -0.0000 0.9400
vn -0.5974 -0.0000 -0.8020
vn -0.6853 -0.0000 -0.7282
vn -0.7644 -0.0000 -0.6447
vn -0.8322 -0.0000 -0.5545
vn -0.8876 -0.0000 -0.4606
vn -0.9303 -0.0000 -0.3668
vn -0.9305 -0.0000 -0.3664
vn -0.9617 -0.0000 -0.2743
vn -0.9618 -0.0000 -0.2739
vn -0.9826 -0.0000 -0.1855
vn -0.9827 -0.0000 -0.1851
vn -0.9981 -0.0000 -0.0615
vn -0.9981 -0.0000 -0.0613
vn -0.9962 -0.0000 0.0872
vn -0.9962 -0.0000 0.0874
vn -0.9758 -0.0000 0.2186
vn -0.9758 -0.0000 0.2188
vn -0.9415 -0.0000 0.3369
vn -0.8947 -0.0000 0.4467
vn -0.8340 -0.0000 0.5517
vn -0.8339 -0.0000 0.5518
vn -0.7559 -0.0000 0.6547
vn -0.7559 -0.0000 0.6546
vn -0.6544 -0.0000 0.7561
vn -0.5588 -0.0000 0.8293
vn -0.4836 -0.0000 0.8753
vn -0.3987 -0.0000 0.9171
vn -0.3036 -0.0000 0.9528
vn -0.3037 -0.0000 0.9528
vn -0.1990 -0.0000 0.9800
vn -0.0871 -0.0000 0.9962
vn 0.0302 -0.0000 0.9995
vn 0.1481 -0.0000 0.9890
vn -0.2968 -0.0000 -0.9549
vn -0.2972 -0.0000 -0.9548
vn -0.3238 -0.0000 -0.9461
vn -0.3237 -0.0000 -0.9462
vn -0.3557 -0.0000 -0.9346
vn -0.3919 -0.0000 -0.9200
vn -0.4562 -0.0000 -0.8899
vn -0.5555 -0.0000 -0.8315
vn -0.6743 -0.0000 -0.7385
vn -0.7704 -0.0000 -0.6375
vn -0.7704 -0.0000 -0.6376
vn -0.8352 -0.0000 -0.5499
vn -0.8951 -0.0000 -0.4458
vn -0.9449 -0.0000 -0.3272
vn -0.9450 -0.0000 -0.3271
vn -0.9802 -0.0000 -0.1981
vn -0.9802 -0.0000 -0.1982
vn -0.9979 -0.0000 -0.0651
vn 0.6676 -0.0000 0.7445
vn 0.6681 -0.0000 0.7441
vn 0.5771 -0.0000 0.8167
vn 0.5777 -0.0000 0.8163
vn 0.4710 -0.0000 0.8821
vn 0.4721 -0.0000 0.8816
vn 0.3522 -0.0000 0.9359
vn 0.2255 -0.0000 0.9742
vn 0.2258 -0.0000 0.9742
vn 0.0987 -0.0000 0.9951
vn 0.0990 -0.0000 0.9951
vn -0.0233 -0.0000 0.9997
vn -0.1356 -0.0000 0.9908
vn -0.1354 -0.0000 0.9908
vn -0.2352 -0.0000 0.9719
vn -0.2349 -0.0000 0.9720
vn -0.3219 -0.0000 0.9468
vn -0.3215 -0.0000 0.9469
vn -0.4278 -0.0000 0.9039
vn -0.5354 -0.0000 0.8446
vn -0.5351 -0.0000 0.8448
vn -0.6125 -0.0000 0.7904
vn -0.6903 -0.0000 0.7236
vn -0.7565 -0.0000 0.6540
vn -0.7563 -0.0000 0.6542
vn -0.7975 -0.0000 0.6033
vn -0.8223 -0.0000 0.5691
vn -0.8235 -0.0000 0.5673
vn -0.8224 -0.0000 0.5689
vn -0.8186 -0.0000 0.5744
vn -0.7973 -0.0000 0.6036
vn -0.6904 -0.0000 0.7234
vn -0.6901 -0.0000 0.7237
vn 0.3517 -0.0000 0.9361
vn 0.3526 -0.0000 0.9358
vn 0.0988 -0.0000 0.9951
vn -0.0232 -0.0000 0.9997
vn -0.3223 -0.0000 0.9466
vn -0.4275 -0.0000 0.9040
vn -0.5356 -0.0000 0.8444
vn -0.8229 -0.0000 0.5682
vn 0.4715 -0.0000 0.8818
vn 0.6697 -0.0000 0.7426
vn 0.4285 -0.0000 0.9036
vn 0.4304 -0.0000 0.9027
vn 0.4302 -0.0000 0.9028
vn 0.4342 -0.0000 0.9008
vn 0.4404 -0.0000 0.8978
vn 0.4490 -0.0000 0.8935
vn 0.4714 -0.0000 0.8819
vn 0.5191 -0.0000 0.8547
vn 0.5760 -0.0000 0.8174
vn 0.6544 -0.0000 0.7562
vn 0.6542 -0.0000 0.7563
vn 0.5104 -0.0000 0.8599
vn 0.5106 -0.0000 0.8598
vn 0.6123 -0.0000 0.7906
vn 0.6951 -0.0000 0.7189
vn 0.7612 -0.0000 0.6486
vn 0.8336 -0.0000 0.5523
vn 0.8335 -0.0000 0.5525
vn 0.8964 -0.0000 0.4433
vn 0.8965 -0.0000 0.4431
vn 0.9471 -0.0000 0.3210
vn 0.9780 -0.0000 0.2086
vn 0.9780 -0.0000 0.2088
vn 0.9910 -0.0000 0.1339
vn 0.9910 -0.0000 0.1340
vn 0.9967 -0.0000 0.0815
vn 0.9967 -0.0000 0.0816
vn 0.9987 -0.0000 0.0506
vn 0.9994 -0.0000 0.0343
vn 0.9994 -0.0000 0.0339
vn 0.9998 -0.0000 0.0196
vn 1.0000 -0.0000 0.0089
vn 1.0000 -0.0000 0.0071
vn 0.1377 -0.0000 0.9905
vn 0.1375 -0.0000 0.9905
vn 0.1424 -0.0000 0.9898
vn 0.1485 -0.0000 0.9889
vn 0.1551 -0.0000 0.9879
vn 0.1550 -0.0000 0.9879
vn 0.1673 -0.0000 0.9859
vn 0.1868 -0.0000 0.9824
vn 0.2307 -0.0000 0.9730
vn 0.3007 -0.0000 0.9537
vn 0.3839 -0.0000 0.9234
vn 0.9370 -0.0000 0.3493
vn 0.9464 -0.0000 0.3231
vn 0.9503 -0.0000 0.3114
vn 0.9520 -0.0000 0.3059
vn 0.9534 -0.0000 0.3016
vn 0.9534 -0.0000 0.3017
vn 0.9545 -0.0000 0.2982
vn 0.9827 -0.0000 -0.1854
vn 0.9827 -0.0000 -0.1853
vn 0.9522 -0.0000 -0.3055
vn 0.9218 -0.0000 -0.3875
vn 0.9067 -0.0000 -0.4217
vn 0.9182 -0.0000 -0.3962
vn 0.9571 -0.0000 -0.2897
vn 0.9571 -0.0000 -0.2898
vn 0.9897 -0.0000 -0.1430
vn 1.0000 -0.0000 -0.0097
vn 0.9551 -0.0000 0.2964
vn 0.9551 -0.0000 0.2962
vn 0.4878 -0.0000 0.8729
vn 0.5498 -0.0000 0.8353
vn 0.6290 -0.0000 0.7774
vn 0.7202 -0.0000 0.6938
vn 0.8181 -0.0000 0.5751
vn 0.8878 -0.0000 0.4602
vn 0.9296 -0.0000 0.3687
vn 0.9635 -0.0000 0.2676
vn 0.9635 -0.0000 0.2677
vn 0.9872 -0.0000 0.1596
vn 0.9872 -0.0000 0.1597
vn 0.9988 -0.0000 0.0482
vn 0.9980 -0.0000 -0.0625
vn 0.9981 -0.0000 -0.0624
vn 0.7624 -0.0000 0.6471
vn 0.7625 -0.0000 0.6470
vn 0.8478 -0.0000 0.5303
vn 0.9036 -0.0000 0.4284
vn 0.9395 -0.0000 0.3426
vn 0.9395 -0.0000 0.3425
vn 0.9704 -0.0000 0.2415
vn 0.9975 -0.0000 0.0710
vn 0.9975 -0.0000 0.0709
vn 0.9996 -0.0000 0.0292
vn 0.9996 -0.0000 0.0293
vn 1.0000 -0.0000 0.0066
vn 0.9999 -0.0000 -0.0132
vn 0.9999 -0.0000 -0.0134
vn 0.9995 -0.0000 -0.0306
vn 0.9995 -0.0000 -0.0308
vn 0.9989 -0.0000 -0.0464
vn 0.9989 -0.0000 -0.0460
vn 0.9983 -0.0000 -0.0586
vn 0.5847 -0.0000 0.8112
vn 0.5889 -0.0000 0.8082
vn 0.5892 -0.0000 0.8080
vn 0.5964 -0.0000 0.8027
vn 0.5965 -0.0000 0.8026
vn 0.6070 -0.0000 0.7947
vn 0.6071 -0.0000 0.7946
vn 0.6194 -0.0000 0.7850
vn 0.6339 -0.0000 0.7734
vn 0.6509 -0.0000 0.7591
vn 0.6509 -0.0000 0.7592
vn 0.6837 -0.0000 0.7298
vn 0.7203 -0.0000 0.6936
vn 0.7203 -0.0000 0.6937
vn 0.8070 -0.0000 0.5905
vn 0.8070 -0.0000 0.5906
vn 0.8814 -0.0000 0.4724
vn 0.8813 -0.0000 0.4725
vn 0.9385 -0.0000 0.3453
vn 0.9384 -0.0000 0.3454
vn 0.9762 -0.0000 0.2170
vn 0.9956 -0.0000 0.0941
vn 0.9955 -0.0000 0.0942
vn 0.9998 -0.0000 -0.0182
vn 0.9931 -0.0000 -0.1175
vn 0.9709 -0.0000 -0.2395
vn 0.9709 -0.0000 -0.2394
vn 0.9308 -0.0000 -0.3655
vn 0.9309 -0.0000 -0.3654
vn 0.8899 -0.0000 -0.4561
vn 0.8597 -0.0000 -0.5108
vn 0.8594 -0.0000 -0.5113
vn 0.8436 -0.0000 -0.5370
vn 0.4677 -0.0000 0.8839
vn 0.4951 -0.0000 0.8688
vn 0.4950 -0.0000 0.8689
vn 0.5247 -0.0000 0.8513
vn 0.5248 -0.0000 0.8513
vn 0.5543 -0.0000 0.8323
vn 0.5833 -0.0000 0.8122
vn 0.6117 -0.0000 0.7911
vn 0.6392 -0.0000 0.7691
vn 0.6392 -0.0000 0.7690
vn 0.6658 -0.0000 0.7461
vn 0.9603 -0.0000 0.2790
vn 0.9804 -0.0000 0.1969
vn 0.9911 -0.0000 0.1333
vn 0.9965 -0.0000 0.0832
vn 0.9965 -0.0000 0.0833
vn 0.9991 -0.0000 0.0431
vn 0.9999 -0.0000 0.0105
vn 0.9999 -0.0000 0.0104
vn 0.9999 -0.0000 -0.0166
vn 0.9999 -0.0000 -0.0164
vn 0.9994 -0.0000 -0.0343
vn 0.9994 -0.0000 -0.0349
vn 0.9990 -0.0000 -0.0439
vn -0.0805 -0.0000 0.9968
vn -0.0162 -0.0000 0.9999
vn 0.0739 -0.0000 0.9973
vn 0.1920 -0.0000 0.9814
vn 0.3003 -0.0000 0.9538
vn 0.3851 -0.0000 0.9229
vn 0.4779 -0.0000 0.8784
vn 0.5761 -0.0000 0.8174
vn 0.6750 -0.0000 0.7378
vn 0.6751 -0.0000 0.7378
vn 0.7687 -0.0000 0.6396
vn 0.7687 -0.0000 0.6395
vn 0.8504 -0.0000 0.5261
vn 0.8505 -0.0000 0.5260
vn 0.9151 -0.0000 0.4033
vn 0.9843 -0.0000 0.1767
vn 0.9889 -0.0000 0.1486
vn 0.9889 -0.0000 0.1487
vn 0.9925 -0.0000 0.1221
vn 0.9953 -0.0000 0.0970
vn 0.9953 -0.0000 0.0971
vn 0.9973 -0.0000 0.0735
vn 0.9987 -0.0000 0.0512
vn 0.9987 -0.0000 0.0513
vn 0.9995 -0.0000 0.0306
vn 0.9999 -0.0000 0.0128
vn 0.7660 -0.0000 0.6429
vn 0.7664 -0.0000 0.6424
vn 0.7716 -0.0000 0.6361
vn 0.7783 -0.0000 0.6280
vn 0.7855 -0.0000 0.6188
vn 0.7856 -0.0000 0.6187
vn 0.7936 -0.0000 0.6084
vn 0.7935 -0.0000 0.6085
vn 0.8025 -0.0000 0.5967
vn 0.8025 -0.0000 0.5966
vn 0.8181 -0.0000 0.5750
vn 0.8427 -0.0000 0.5383
vn 0.8737 -0.0000 0.4864
vn 0.9127 -0.0000 0.4087
vn 0.9464 -0.0000 0.3229
vn 0.9699 -0.0000 0.2434
vn 0.9825 -0.0000 0.1861
vn 0.9735 -0.0000 0.2286
vn 0.9735 -0.0000 0.2287
vn 0.9599 -0.0000 0.2803
vn 0.9599 -0.0000 0.2802
vn 0.9390 -0.0000 0.3439
vn 0.9390 -0.0000 0.3440
vn 0.9063 -0.0000 0.4226
vn 0.8544 -0.0000 0.5197
vn 0.7719 -0.0000 0.6357
vn 0.7722 -0.0000 0.6354
vn 0.6730 -0.0000 0.7396
vn 0.6744 -0.0000 0.7384
vn 0.6013 -0.0000 0.7990
vn 0.8789 -0.0000 0.4769
vn 0.8790 -0.0000 0.4769
vn 0.8752 -0.0000 0.4838
vn 0.8752 -0.0000 0.4837
vn 0.8721 -0.0000 0.4894
vn 0.8721 -0.0000 0.4893
vn 0.8698 -0.0000 0.4933
vn 0.8687 -0.0000 0.4953
vn 0.8688 -0.0000 0.4952
vn 0.8692 -0.0000 0.4945
vn 0.8738 -0.0000 0.4863
vn 0.8882 -0.0000 0.4594
vn 0.9132 -0.0000 0.4074
vn 0.9132 -0.0000 0.4075
vn 0.9453 -0.0000 0.3263
vn 0.9453 -0.0000 0.3262
vn 0.9754 -0.0000 0.2203
vn 0.9981 -0.0000 0.0619
vn 0.9870 -0.0000 0.1605
vn 0.9916 -0.0000 0.1290
vn 0.9662 -0.0000 0.2577
vn 0.9454 -0.0000 0.3260
vn 0.9350 -0.0000 0.3547
vn 0.8928 -0.0000 0.4504
vn 0.8440 -0.0000 0.5364
vn 0.8297 -0.0000 0.5583
vn 0.7898 -0.0000 0.6134
vn 0.7179 -0.0000 0.6961
vn 0.7325 -0.0000 0.6807
vn 0.6456 -0.0000 0.7636
vn 0.6388 -0.0000 0.7693
vn 0.5300 -0.0000 0.8480
vn 0.4359 -0.0000 0.9000
vn 0.3556 -0.0000 0.9346
vn 0.2581 -0.0000 0.9661
vn 0.2570 -0.0000 0.9664
vn 0.1635 -0.0000 0.9865
vn 0.0701 -0.0000 0.9975
vn -0.0617 -0.0000 0.9981
vn -0.0616 -0.0000 0.9981
vn -0.1136 -0.0000 0.9935
vn -0.1118 -0.0000 0.9937
vn -0.0887 -0.0000 0.9961
vn -0.0520 -0.0000 0.9986
vn -0.0037 -0.0000 1.0000
vn 0.0561 -0.0000 0.9984
vn 0.1280 -0.0000 0.9918
vn 0.1279 -0.0000 0.9918
vn 0.2125 -0.0000 0.9772
vn 0.3096 -0.0000 0.9509
vn 0.4178 -0.0000 0.9085
vn 0.5331 -0.0000 0.8461
vn 0.5330 -0.0000 0.8461
vn 0.6484 -0.0000 0.7613
vn 0.7551 -0.0000 0.6556
vn 0.8449 -0.0000 0.5350
vn 0.8448 -0.0000 0.5350
vn 1.0000 -0.0000 -0.0096
vn 0.9966 -0.0000 -0.0818
vn 0.9909 -0.0000 -0.1348
vn 0.9847 -0.0000 -0.1743
vn 0.9791 -0.0000 -0.2035
vn 0.9791 -0.0000 -0.2034
vn 0.9755 -0.0000 -0.2199
vn 0.9738 -0.0000 -0.2273
vn 0.9729 -0.0000 -0.2313
vn 0.9729 -0.0000 -0.2314
vn 0.9732 -0.0000 -0.2298
vn 0.9766 -0.0000 -0.2152
vn 0.9765 -0.0000 -0.2154
vn 0.9839 -0.0000 -0.1788
vn 0.9947 -0.0000 -0.1028
vn 0.9650 -0.0000 -0.2623
vn 0.9606 -0.0000 -0.2780
vn 0.9560 -0.0000 -0.2933
vn 0.9516 -0.0000 -0.3075
vn 0.9516 -0.0000 -0.3074
vn 0.9477 -0.0000 -0.3193
vn 0.9450 -0.0000 -0.3272
vn 0.9450 -0.0000 -0.3271
vn 0.9442 -0.0000 -0.3293
vn 0.9443 -0.0000 -0.3292
vn 0.9463 -0.0000 -0.3232
vn 0.9560 -0.0000 -0.2932
vn 0.9768 -0.0000 -0.2143
vn 0.9944 -0.0000 -0.1061
vn 0.9996 -0.0000 -0.0280
vn 0.9996 -0.0000 -0.0279
vn 0.9999 -0.0000 0.0164
vn 0.8781 -0.0000 -0.4784
vn 0.8195 -0.0000 -0.5731
vn 0.7601 -0.0000 -0.6498
vn 0.7026 -0.0000 -0.7116
vn 0.6482 -0.0000 -0.7614
vn 0.5973 -0.0000 -0.8020
vn 0.5973 -0.0000 -0.8021
vn 0.5495 -0.0000 -0.8355
vn 0.5043 -0.0000 -0.8635
vn 0.4610 -0.0000 -0.8874
vn 0.4186 -0.0000 -0.9082
vn 0.3759 -0.0000 -0.9267
vn 0.3313 -0.0000 -0.9435
vn 0.2826 -0.0000 -0.9592
vn 0.2263 -0.0000 -0.9741
vn 0.1565 -0.0000 -0.9877
vn 0.0623 -0.0000 -0.9981
vn 0.4654 -0.0000 -0.8851
vn 0.4553 -0.0000 -0.8903
vn 0.4552 -0.0000 -0.8904
vn 0.4429 -0.0000 -0.8966
vn 0.4289 -0.0000 -0.9034
vn 0.4131 -0.0000 -0.9107
vn 0.3952 -0.0000 -0.9186
vn 0.3749 -0.0000 -0.9271
vn 0.3515 -0.0000 -0.9362
vn 0.3246 -0.0000 -0.9459
vn 0.2931 -0.0000 -0.9561
vn 0.2562 -0.0000 -0.9666
vn 0.2124 -0.0000 -0.9772
vn 0.1599 -0.0000 -0.9871
vn 0.0966 -0.0000 -0.9953
vn 0.0198 -0.0000 -0.9998
vn -0.0735 -0.0000 -0.9973
vn -0.0751 -0.0000 -0.9972
vn -0.1508 -0.0000 -0.9886
vn -0.2593 -0.0000 -0.9658
vn -0.3912 -0.0000 -0.9203
vn -0.5037 -0.0000 -0.8639
vn -0.5962 -0.0000 -0.8029
vn -0.6704 -0.0000 -0.7420
vn -0.7293 -0.0000 -0.6842
vn -0.7759 -0.0000 -0.6309
vn -0.8128 -0.0000 -0.5825
vn -0.8422 -0.0000 -0.5392
vn -0.8422 -0.0000 -0.5391
vn -0.8658 -0.0000 -0.5003
vn -0.8849 -0.0000 -0.4657
vn -0.9006 -0.0000 -0.4347
vn -0.9134 -0.0000 -0.4071
vn -0.9219 -0.0000 -0.3874
vn -0.9218 -0.0000 -0.3877
vn -0.9268 -0.0000 -0.3756
vn -0.9267 -0.0000 -0.3759
vn -0.9309 -0.0000 -0.3653
vn -0.9311 -0.0000 -0.3648
vn -0.9350 -0.0000 -0.3547
vn 0.9685 -0.0000 -0.2489
vn 0.9516 -0.0000 -0.3072
vn 0.9516 -0.0000 -0.3073
vn 0.9293 -0.0000 -0.3693
vn 0.9005 -0.0000 -0.4348
vn 0.9005 -0.0000 -0.4349
vn 0.8642 -0.0000 -0.5032
vn 0.8192 -0.0000 -0.5734
vn 0.7650 -0.0000 -0.6440
vn 0.7010 -0.0000 -0.7132
vn 0.6276 -0.0000 -0.7785
vn 0.5458 -0.0000 -0.8379
vn 0.4575 -0.0000 -0.8892
vn 0.3650 -0.0000 -0.9310
vn 0.2710 -0.0000 -0.9626
vn 0.1783 -0.0000 -0.9840
vn 0.1782 -0.0000 -0.9840
vn 0.0888 -0.0000 -0.9960
vn 0.0045 -0.0000 -1.0000
vn -0.4319 -0.0000 -0.9019
vn -0.4318 -0.0000 -0.9019
vn -0.3604 -0.0000 -0.9328
vn 0.7307 -0.0000 0.6827
vn 0.7308 -0.0000 0.6826
vn 0.7801 -0.0000 0.6256
vn 0.7800 -0.0000 0.6257
vn 0.8377 -0.0000 0.5461
vn 0.8981 -0.0000 0.4399
vn 0.8981 -0.0000 0.4397
vn 0.9507 -0.0000 0.3101
vn 0.9843 -0.0000 0.1764
vn 0.9843 -0.0000 0.1766
vn 0.9992 -0.0000 0.0390
vn 0.9991 -0.0000 -0.0432
vn 0.9901 -0.0000 -0.1407
vn 0.9900 -0.0000 -0.1413
vn 0.9666 -0.0000 -0.2561
vn 0.9214 -0.0000 -0.3885
vn 0.9212 -0.0000 -0.3891
vn 0.8464 -0.0000 -0.5326
vn 0.7676 -0.0000 -0.6410
vn 0.7668 -0.0000 -0.6419
vn 0.7034 -0.0000 -0.7108
vn 0.6321 -0.0000 -0.7749
vn 0.6313 -0.0000 -0.7755
vn 0.5549 -0.0000 -0.8319
vn 0.5541 -0.0000 -0.8324
vn 0.4735 -0.0000 -0.8808
vn 0.4742 -0.0000 -0.8804
vn 0.3905 -0.0000 -0.9206
vn 0.2683 -0.0000 -0.9633
vn 0.2681 -0.0000 -0.9634
vn 0.1168 -0.0000 -0.9932
vn 0.1167 -0.0000 -0.9932
vn -0.0152 -0.0000 -0.9999
vn -0.1259 -0.0000 -0.9920
vn -0.2572 -0.0000 -0.9663
vn -0.3838 -0.0000 -0.9234
vn 0.9900 -0.0000 -0.1412
vn 0.9448 -0.0000 0.3277
vn 0.9446 -0.0000 0.3281
vn 0.9093 -0.0000 0.4162
vn 0.9089 -0.0000 0.4171
vn 0.8619 -0.0000 0.5072
vn 0.8613 -0.0000 0.5081
vn 0.8124 -0.0000 0.5831
vn 0.8118 -0.0000 0.5840
vn 0.7415 -0.0000 0.6710
vn 0.7422 -0.0000 0.6702
vn 0.6438 -0.0000 0.7652
vn 0.6453 -0.0000 0.7639
vn 0.6430 -0.0000 0.7659
vn 0.6394 -0.0000 0.7689
vn 0.6431 -0.0000 0.7658
vn 0.9451 -0.0000 0.3268
vn 0.9449 -0.0000 0.3274
vn 0.9091 -0.0000 0.4166
vn 0.9868 -0.0000 0.1622
vn 0.9936 -0.0000 0.1126
vn 0.9983 -0.0000 0.0581
vn 1.0000 -0.0000 -0.0025
vn 0.9996 -0.0000 -0.0293
vn 0.9996 -0.0000 -0.0281
vn 0.9996 -0.0000 -0.0282
vn 0.9997 -0.0000 -0.0260
vn 0.9997 -0.0000 -0.0226
vn 1.0000 -0.0000 -0.0098
vn 1.0000 -0.0000 0.0016
vn 0.9999 -0.0000 0.0119
vn 0.8814 -0.0000 -0.4724
vn 0.9139 -0.0000 -0.4059
vn 0.3502 -0.0000 0.9367
vn 0.4703 -0.0000 0.8825
vn 0.4702 -0.0000 0.8826
vn 0.5787 -0.0000 0.8155
vn 0.6719 -0.0000 0.7407
vn 0.7379 -0.0000 0.6749
vn 0.8036 -0.0000 0.5952
vn 0.8032 -0.0000 0.5957
vn 0.8646 -0.0000 0.5025
vn 0.8649 -0.0000 0.5019
vn 0.9172 -0.0000 0.3985
vn 0.9178 -0.0000 0.3970
vn 0.9587 -0.0000 0.2845
vn 0.9856 -0.0000 0.1691
vn 0.9857 -0.0000 0.1683
vn 0.9985 -0.0000 0.0547
vn 0.9993 -0.0000 -0.0377
vn 0.9902 -0.0000 -0.1399
vn 0.9691 -0.0000 -0.2467
vn 0.9425 -0.0000 -0.3342
vn 0.9008 -0.0000 -0.4342
vn 0.8398 -0.0000 -0.5429
vn 0.7569 -0.0000 -0.6535
vn 0.7573 -0.0000 -0.6531
vn 0.6543 -0.0000 -0.7562
vn 0.5379 -0.0000 -0.8430
vn 0.5375 -0.0000 -0.8432
vn 0.4177 -0.0000 -0.9086
vn 0.4172 -0.0000 -0.9088
vn 0.3021 -0.0000 -0.9533
vn 0.1982 -0.0000 -0.9802
vn 0.1983 -0.0000 -0.9801
vn 0.0691 -0.0000 -0.9976
vn 0.0226 -0.0000 -0.9997
vn 0.0546 -0.0000 -0.9985
vn 0.0879 -0.0000 -0.9961
vn 0.9062 -0.0000 -0.4229
vn 0.9069 -0.0000 -0.4214
vn 0.8466 -0.0000 -0.5323
vn 0.8456 -0.0000 -0.5338
vn 0.7709 -0.0000 -0.6370
vn 0.7698 -0.0000 -0.6383
vn 0.7719 -0.0000 -0.6357
vn 0.9076 -0.0000 -0.4199
vn 0.9066 -0.0000 -0.4219
vn 0.7714 -0.0000 -0.6363
vn 0.9973 -0.0000 0.0736
vn 0.9998 -0.0000 0.0200
vn 0.9993 -0.0000 -0.0375
vn 0.9949 -0.0000 -0.1011
vn 0.9848 -0.0000 -0.1735
vn 0.9661 -0.0000 -0.2580
vn 0.9335 -0.0000 -0.3587
vn 0.8777 -0.0000 -0.4791
vn 0.8777 -0.0000 -0.4792
vn -0.2923 -0.0000 -0.9563
vn -0.2919 -0.0000 -0.9564
vn -0.1476 -0.0000 -0.9890
vn -0.0314 -0.0000 -0.9995
vn -0.0313 -0.0000 -0.9995
vn 0.0614 -0.0000 -0.9981
vn 0.1673 -0.0000 -0.9859
vn 0.2680 -0.0000 -0.9634
vn 0.3696 -0.0000 -0.9292
vn 0.4618 -0.0000 -0.8870
vn 0.4619 -0.0000 -0.8869
vn 0.9879 -0.0000 0.1549
vn 0.9995 -0.0000 0.0304
vn 0.9970 -0.0000 -0.0772
vn 0.9970 -0.0000 -0.0769
vn 0.9805 -0.0000 -0.1968
vn 0.9805 -0.0000 -0.1965
vn 0.9504 -0.0000 -0.3109
vn 0.9506 -0.0000 -0.3105
vn 0.9131 -0.0000 -0.4076
vn 0.9129 -0.0000 -0.4081
vn 0.8497 -0.0000 -0.5273
vn 0.7753 -0.0000 -0.6315
vn 0.7741 -0.0000 -0.6331
vn 0.7062 -0.0000 -0.7081
vn 0.7055 -0.0000 -0.7087
vn 0.6179 -0.0000 -0.7863
vn 0.5086 -0.0000 -0.8610
vn 0.5092 -0.0000 -0.8606
vn 0.3795 -0.0000 -0.9252
vn 0.3800 -0.0000 -0.9250
vn 0.2352 -0.0000 -0.9719
vn 0.2349 -0.0000 -0.9720
vn 0.0836 -0.0000 -0.9965
vn 0.0835 -0.0000 -0.9965
vn -0.0649 -0.0000 -0.9979
vn -0.2018 -0.0000 -0.9794
vn -0.2016 -0.0000 -0.9795
vn -0.3218 -0.0000 -0.9468
vn -0.3213 -0.0000 -0.9470
vn -0.3211 -0.0000 -0.9470
vn -0.3214 -0.0000 -0.9469
vn -0.0650 -0.0000 -0.9979
vn -0.0648 -0.0000 -0.9979
vn 0.6186 -0.0000 -0.7857
vn 0.6172 -0.0000 -0.7868
vn 0.7747 -0.0000 -0.6323
vn 0.9879 -0.0000 0.1551
vn 0.8500 -0.0000 -0.5268
vn 0.0194 -0.0000 0.9998
vn 0.0732 -0.0000 0.9973
vn 0.1461 -0.0000 0.9893
vn 0.2361 -0.0000 0.9717
vn 0.3509 -0.0000 0.9364
vn 0.3512 -0.0000 0.9363
vn 0.4723 -0.0000 0.8814
vn 0.4725 -0.0000 0.8813
vn 0.5992 -0.0000 0.8006
vn 0.7035 -0.0000 0.7107
vn 0.7892 -0.0000 0.6141
vn 0.7879 -0.0000 0.6158
vn 0.8457 -0.0000 0.5337
vn 0.8988 -0.0000 0.4384
vn 0.8976 -0.0000 0.4409
vn 0.9444 -0.0000 0.3287
vn 0.9404 -0.0000 0.3399
vn 0.3511 -0.0000 0.9364
vn 0.9434 -0.0000 0.3316
vn 0.3510 -0.0000 0.9364
vn 0.5986 -0.0000 0.8010
vn 0.8470 -0.0000 0.5315
vn 0.8444 -0.0000 0.5358
vn 0.0669 -0.0000 0.9978
vn 0.2304 -0.0000 0.9731
vn 0.3805 -0.0000 0.9248
vn 0.5095 -0.0000 0.8605
vn 0.6152 -0.0000 0.7884
vn 0.6992 -0.0000 0.7150
vn 0.7649 -0.0000 0.6442
vn 0.7648 -0.0000 0.6442
vn 0.8159 -0.0000 0.5782
vn 0.8159 -0.0000 0.5781
vn 0.8557 -0.0000 0.5174
vn 0.8558 -0.0000 0.5174
vn 0.8870 -0.0000 0.4618
vn 0.9117 -0.0000 0.4109
vn 0.9314 -0.0000 0.3640
vn 0.9539 -0.0000 0.3000
vn 0.9749 -0.0000 0.2225
vn -0.8759 -0.0000 0.4826
vn -0.9118 -0.0000 0.4106
vn -0.9117 -0.0000 0.4108
vn -0.9347 -0.0000 0.3553
vn -0.9454 -0.0000 0.3258
vn -0.9467 -0.0000 0.3220
vn -0.9467 -0.0000 0.3221
vn -0.9427 -0.0000 0.3335
vn -0.9428 -0.0000 0.3335
vn -0.9344 -0.0000 0.3561
vn -0.9214 -0.0000 0.3886
vn -0.9214 -0.0000 0.3887
vn -0.9024 -0.0000 0.4309
vn -0.8754 -0.0000 0.4834
vn -0.8372 -0.0000 0.5468
vn -0.8372 -0.0000 0.5469
vn -0.7834 -0.0000 0.6215
vn -0.7081 -0.0000 0.7062
vn -0.6045 -0.0000 0.7966
vn -0.5059 -0.0000 0.8626
vn -0.4293 -0.0000 0.9031
vn -0.3453 -0.0000 0.9385
vn -0.2551 -0.0000 0.9669
vn -0.1611 -0.0000 0.9869
vn -0.0658 -0.0000 0.9978
vn -0.9871 -0.0000 0.1604
vn -0.9870 -0.0000 0.1605
vn -0.9704 -0.0000 0.2416
vn -0.9554 -0.0000 0.2953
vn -0.9198 -0.0000 0.3923
vn -0.8915 -0.0000 0.4529
vn -0.8915 -0.0000 0.4530
vn -0.8624 -0.0000 0.5062
vn -0.8624 -0.0000 0.5063
vn -0.5851 -0.0000 0.8109
vn -0.6690 -0.0000 0.7433
vn -0.6689 -0.0000 0.7433
vn -0.7644 -0.0000 0.6447
vn -0.8505 -0.0000 0.5260
vn -0.9047 -0.0000 0.4260
vn -0.9047 -0.0000 0.4261
vn -0.9397 -0.0000 0.3421
vn -0.9630 -0.0000 0.2695
vn -0.9792 -0.0000 0.2030
vn -0.9792 -0.0000 0.2029
vn -0.9907 -0.0000 0.1358
vn -0.9907 -0.0000 0.1357
vn -0.9739 -0.0000 0.2271
vn -0.9739 -0.0000 0.2272
vn -0.9506 -0.0000 0.3105
vn -0.9272 -0.0000 0.3746
vn -0.9272 -0.0000 0.3747
vn -0.8996 -0.0000 0.4366
vn -0.8997 -0.0000 0.4366
vn -0.8636 -0.0000 0.5042
vn -0.8125 -0.0000 0.5829
vn -0.7360 -0.0000 0.6769
vn -0.7360 -0.0000 0.6770
vn -0.6529 -0.0000 0.7575
vn -0.5788 -0.0000 0.8154
vn -0.5789 -0.0000 0.8154
vn -0.9671 -0.0000 0.2544
vn -0.9671 -0.0000 0.2546
vn -0.9372 -0.0000 0.3488
vn -0.9370 -0.0000 0.3494
vn -0.8978 -0.0000 0.4403
vn -0.8531 -0.0000 0.5217
vn -0.8528 -0.0000 0.5222
vn -0.7674 -0.0000 0.6412
vn -0.7673 -0.0000 0.6413
vn -0.7562 -0.0000 0.6543
vn -0.7564 -0.0000 0.6541
vn -0.8237 -0.0000 0.5670
vn -0.8865 -0.0000 0.4627
vn -0.9252 -0.0000 0.3795
vn -0.9254 -0.0000 0.3789
vn -0.9565 -0.0000 0.2917
vn -0.9564 -0.0000 0.2922
vn -0.9786 -0.0000 0.2058
vn -0.9787 -0.0000 0.2054
vn -0.9784 -0.0000 0.2065
vn -0.9972 -0.0000 -0.0752
vn -0.9973 -0.0000 -0.0733
vn -0.9994 -0.0000 -0.0344
vn -0.9997 -0.0000 0.0264
vn -0.9996 -0.0000 0.0266
vn -0.9934 -0.0000 0.1146
vn -0.9689 -0.0000 0.2474
vn -0.9206 -0.0000 0.3906
vn -0.9207 -0.0000 0.3902
vn -0.8568 -0.0000 0.5157
vn -0.7822 -0.0000 0.6230
vn -0.7827 -0.0000 0.6224
vn -0.7156 -0.0000 0.6985
vn -0.6334 -0.0000 0.7738
vn -0.5358 -0.0000 0.8443
vn -0.4242 -0.0000 0.9056
vn -0.3035 -0.0000 0.9528
vn -0.1796 -0.0000 0.9837
vn -0.1794 -0.0000 0.9838
vn -0.0578 -0.0000 0.9983
vn -0.0269 -0.0000 0.9996
vn -0.2125 -0.0000 0.9772
vn -0.2994 -0.0000 0.9541
vn -0.2996 -0.0000 0.9541
vn -0.4011 -0.0000 0.9160
vn -0.4013 -0.0000 0.9159
vn -0.5115 -0.0000 0.8593
vn -0.5118 -0.0000 0.8591
vn -0.6223 -0.0000 0.7828
vn -0.7229 -0.0000 0.6909
vn -0.8064 -0.0000 0.5914
vn -0.8061 -0.0000 0.5918
vn -0.8694 -0.0000 0.4941
vn -0.9307 -0.0000 0.3659
vn -0.9709 -0.0000 0.2394
vn -0.9710 -0.0000 0.2390
vn -0.9710 -0.0000 0.2392
vn -0.9972 -0.0000 -0.0742
vn -0.9970 -0.0000 -0.0779
vn -0.9971 -0.0000 -0.0761
vn 0.1866 -0.0000 0.9824
vn 0.1951 -0.0000 0.9808
vn 0.2046 -0.0000 0.9788
vn 0.2137 -0.0000 0.9769
vn 0.2201 -0.0000 0.9755
vn 0.2239 -0.0000 0.9746
vn 0.2260 -0.0000 0.9741
vn 0.2279 -0.0000 0.9737
vn 0.2295 -0.0000 0.9733
vn 0.2310 -0.0000 0.9730
vn 0.2323 -0.0000 0.9726
vn 0.2335 -0.0000 0.9724
vn 0.2346 -0.0000 0.9721
vn 0.2345 -0.0000 0.9721
vn -0.2839 -0.0000 0.9589
vn -0.2843 -0.0000 0.9587
vn -0.2807 -0.0000 0.9598
vn -0.2809 -0.0000 0.9598
vn -0.2771 -0.0000 0.9609
vn -0.2731 -0.0000 0.9620
vn -0.2665 -0.0000 0.9638
vn -0.2571 -0.0000 0.9664
vn -0.2464 -0.0000 0.9692
vn -0.2465 -0.0000 0.9692
vn -0.2343 -0.0000 0.9722
vn -0.2344 -0.0000 0.9721
vn -0.2205 -0.0000 0.9754
vn -0.2046 -0.0000 0.9789
vn -0.1748 -0.0000 0.9846
vn -0.1219 -0.0000 0.9925
vn -0.0665 -0.0000 0.9978
vn -0.0169 -0.0000 0.9999
vn 0.0469 -0.0000 0.9989
vn 0.1307 -0.0000 0.9914
vn 0.9874 -0.0000 0.1582
vn 0.9886 -0.0000 0.1504
vn 0.9897 -0.0000 0.1428
vn 0.9898 -0.0000 0.1428
vn 0.9908 -0.0000 0.1355
vn 0.9917 -0.0000 0.1283
vn 0.9926 -0.0000 0.1214
vn 0.9934 -0.0000 0.1147
vn 0.9941 -0.0000 0.1081
vn 0.9948 -0.0000 0.1018
vn 0.9948 -0.0000 0.1017
vn 0.9954 -0.0000 0.0955
vn 0.9954 -0.0000 0.0956
vn 0.9960 -0.0000 0.0895
vn 0.9960 -0.0000 0.0896
vn 0.9965 -0.0000 0.0837
vn 0.9969 -0.0000 0.0781
vn 0.9970 -0.0000 0.0779
vn 0.9980 -0.0000 0.0627
vn 0.9500 -0.0000 -0.3123
vn 0.9831 -0.0000 -0.1829
vn 0.9993 -0.0000 -0.0384
vn 0.9977 -0.0000 0.0675
vn 0.9977 -0.0000 0.0674
vn 0.9983 -0.0000 0.0589
vn 0.9983 -0.0000 0.0590
vn 0.9990 -0.0000 0.0443
vn 0.9990 -0.0000 0.0442
vn 0.9961 -0.0000 0.0885
vn 0.9970 -0.0000 0.0770
vn 0.9984 -0.0000 0.0563
vn 0.9995 -0.0000 0.0331
vn 0.9995 -0.0000 0.0330
vn 0.9999 -0.0000 0.0108
vn 0.9997 -0.0000 0.0238
vn 0.9995 -0.0000 0.0319
vn 0.9993 -0.0000 0.0376
vn 0.9993 -0.0000 0.0377
vn 0.9991 -0.0000 0.0421
vn 0.9991 -0.0000 0.0420
vn 0.9990 -0.0000 0.0457
vn 0.9987 -0.0000 0.0503
vn 0.9984 -0.0000 0.0557
vn 0.9982 -0.0000 0.0607
vn 0.9978 -0.0000 0.0657
vn 0.9968 -0.0000 0.0798
vn 0.9956 -0.0000 0.0940
vn 0.9942 -0.0000 0.1076
vn 0.9942 -0.0000 0.1077
vn 0.9929 -0.0000 0.1191
vn 0.9911 -0.0000 0.1332
vn 0.9885 -0.0000 0.1510
vn 0.9885 -0.0000 0.1509
vn 0.9532 -0.0000 0.3025
vn 0.9528 -0.0000 0.3035
vn 0.9129 -0.0000 0.4082
vn 0.8555 -0.0000 0.5179
vn 0.8552 -0.0000 0.5182
vn 0.7735 -0.0000 0.6338
vn 0.7321 -0.0000 0.6812
vn 0.7905 -0.0000 0.6125
vn 0.8558 -0.0000 0.5173
vn 0.8555 -0.0000 0.5178
vn 0.9082 -0.0000 0.4186
vn 0.9589 -0.0000 0.2836
vn 0.9590 -0.0000 0.2833
vn 0.9874 -0.0000 0.1581
vn 0.9875 -0.0000 0.1574
vn 0.9981 -0.0000 0.0621
vn 0.9981 -0.0000 0.0613
vn 0.9992 -0.0000 -0.0407
vn 0.9992 -0.0000 -0.0400
vn 0.9893 -0.0000 -0.1457
vn 0.9680 -0.0000 -0.2511
vn 0.9368 -0.0000 -0.3500
vn 0.9359 -0.0000 -0.3523
vn 0.9125 -0.0000 0.4091
vn 0.9133 -0.0000 0.4073
vn 0.8557 -0.0000 0.5175
vn 0.9892 -0.0000 -0.1464
vn 0.9681 -0.0000 -0.2505
vn 0.9361 -0.0000 -0.3518
vn 0.9083 -0.0000 0.4183
vn 0.7905 -0.0000 0.6124
vn 0.7904 -0.0000 0.6126
vn 0.9528 -0.0000 0.3037
vn 0.6119 -0.0000 -0.7909
vn 0.6069 -0.0000 -0.7948
vn 0.6770 -0.0000 -0.7360
vn 0.7552 -0.0000 -0.6555
vn 0.7573 -0.0000 -0.6530
vn 0.8271 -0.0000 -0.5621
vn 0.8741 -0.0000 -0.4858
vn 0.9149 -0.0000 -0.4037
vn 0.9160 -0.0000 -0.4013
vn 0.9472 -0.0000 -0.3206
vn 0.9783 -0.0000 -0.2070
vn 0.9784 -0.0000 -0.2068
vn 0.9923 -0.0000 -0.1238
vn 0.9923 -0.0000 -0.1239
vn 0.9983 -0.0000 -0.0589
vn 0.9991 -0.0000 -0.0424
vn 0.9991 -0.0000 -0.0425
vn 0.9997 -0.0000 -0.0254
vn 1.0000 -0.0000 -0.0086
vn 1.0000 -0.0000 0.0027
vn 0.9999 -0.0000 0.0107
vn 0.9998 -0.0000 0.0208
vn 0.9998 -0.0000 0.0209
vn 0.9994 -0.0000 0.0351
vn 0.9994 -0.0000 0.0349
vn 0.9982 -0.0000 0.0604
vn 0.9982 -0.0000 0.0603
vn 0.9916 -0.0000 0.1293
vn 0.9154 -0.0000 -0.4025
vn 0.9476 -0.0000 -0.3196
vn 0.9468 -0.0000 -0.3217
vn 0.9983 -0.0000 -0.0588
vn 1.0000 -0.0000 0.0026
vn 0.9917 -0.0000 0.1288
vn 0.9917 -0.0000 0.1290
vn 0.6221 -0.0000 -0.7829
vn 0.6020 -0.0000 -0.7985
vn 0.6273 -0.0000 -0.7788
vn 0.9923 -0.0000 -0.1241
vn 0.9919 -0.0000 0.1273
vn 0.9763 -0.0000 0.2164
vn 0.9763 -0.0000 0.2165
vn 0.9665 -0.0000 0.2567
vn 0.9585 -0.0000 0.2849
vn 0.9585 -0.0000 0.2850
vn 0.9566 -0.0000 0.2913
vn 0.9670 -0.0000 0.2547
vn 0.9849 -0.0000 0.1733
vn 0.9975 -0.0000 0.0711
vn 0.9991 -0.0000 -0.0419
vn 0.9905 -0.0000 -0.1377
vn 0.9902 -0.0000 -0.1393
vn 0.9683 -0.0000 -0.2500
vn 0.9680 -0.0000 -0.2508
vn 0.9271 -0.0000 -0.3747
vn 0.9268 -0.0000 -0.3755
vn 0.8649 -0.0000 -0.5020
vn 0.8644 -0.0000 -0.5027
vn 0.7824 -0.0000 -0.6228
vn 0.7819 -0.0000 -0.6234
vn 0.6864 -0.0000 -0.7272
vn 0.5867 -0.0000 -0.8098
vn 0.5859 -0.0000 -0.8104
vn 0.5870 -0.0000 -0.8096
vn 0.8640 -0.0000 -0.5034
vn 0.9904 -0.0000 -0.1385
vn 0.9992 -0.0000 -0.0412
vn 0.9974 -0.0000 0.0715
vn 0.9975 -0.0000 0.0708
vn 0.9566 -0.0000 0.2914
vn 0.8930 -0.0000 -0.4501
vn 0.9449 -0.0000 -0.3274
vn 0.9737 -0.0000 -0.2278
vn 0.9895 -0.0000 -0.1448
vn 0.9894 -0.0000 -0.1449
vn 0.9974 -0.0000 -0.0723
vn 1.0000 -0.0000 -0.0041
vn 0.9978 -0.0000 0.0664
vn 0.9888 -0.0000 0.1494
vn 0.6324 -0.0000 0.7746
vn 0.6989 -0.0000 0.7153
vn 0.7699 -0.0000 0.6382
vn 0.7702 -0.0000 0.6379
vn 0.9134 -0.0000 0.4071
vn 0.9731 -0.0000 0.2304
vn 0.9927 -0.0000 0.1209
vn 0.9999 -0.0000 0.0106
vn 0.9936 -0.0000 -0.1132
vn 0.9659 -0.0000 -0.2589
vn 0.9236 -0.0000 -0.3834
vn 0.8806 -0.0000 -0.4739
vn 0.8806 -0.0000 -0.4738
vn 1.0000 -0.0000 0.0032
vn 0.9999 -0.0000 0.0102
vn 0.9997 -0.0000 0.0235
vn 0.9990 -0.0000 0.0445
vn 0.9990 -0.0000 0.0444
vn 0.9932 -0.0000 0.1165
vn 0.9827 -0.0000 0.1850
vn 0.9828 -0.0000 0.1849
vn 0.9633 -0.0000 0.2683
vn 0.9633 -0.0000 0.2685
vn 0.9351 -0.0000 0.3544
vn 0.9350 -0.0000 0.3546
vn 0.8957 -0.0000 0.4446
vn 0.8527 -0.0000 0.5225
vn 0.7867 -0.0000 0.6173
vn 0.6851 -0.0000 0.7284
vn 0.6847 -0.0000 0.7288
vn 0.9493 -0.0000 -0.3142
vn 0.9493 -0.0000 -0.3143
vn 0.9194 -0.0000 0.3934
vn 0.9547 -0.0000 0.2976
vn 0.9741 -0.0000 0.2262
vn 0.9741 -0.0000 0.2261
vn 0.9856 -0.0000 0.1689
vn 0.9928 -0.0000 0.1201
vn 0.9971 -0.0000 0.0763
vn 0.9994 -0.0000 0.0355
vn 1.0000 -0.0000 -0.0039
vn 0.9980 -0.0000 -0.0629
vn 0.9896 -0.0000 -0.1441
vn 0.9725 -0.0000 -0.2328
vn 0.9521 -0.0000 -0.3059
vn 0.9521 -0.0000 -0.3058
vn 0.9334 -0.0000 -0.3589
vn -0.7077 -0.0000 -0.7065
vn -0.7110 -0.0000 -0.7032
vn -0.7165 -0.0000 -0.6975
vn -0.7241 -0.0000 -0.6897
vn -0.7240 -0.0000 -0.6898
vn -0.7391 -0.0000 -0.6736
vn -0.7658 -0.0000 -0.6430
vn -0.8029 -0.0000 -0.5961
vn -0.8393 -0.0000 -0.5436
vn -0.8394 -0.0000 -0.5436
vn -0.8693 -0.0000 -0.4943
vn -0.9039 -0.0000 -0.4278
vn -0.9419 -0.0000 -0.3359
vn -0.9785 -0.0000 -0.2064
vn -0.9785 -0.0000 -0.2063
vn -0.9971 -0.0000 -0.0758
vn -0.9995 -0.0000 0.0308
vn -0.9970 -0.0000 -0.0780
vn -0.9946 -0.0000 -0.1036
vn -0.9946 -0.0000 -0.1042
vn -0.9881 -0.0000 -0.1535
vn -0.9749 -0.0000 -0.2226
vn -0.9749 -0.0000 -0.2227
vn -0.9539 -0.0000 -0.3001
vn -0.9229 -0.0000 -0.3851
vn -0.9229 -0.0000 -0.3850
vn -0.8795 -0.0000 -0.4759
vn -0.8795 -0.0000 -0.4758
vn -0.8219 -0.0000 -0.5697
vn -0.7490 -0.0000 -0.6625
vn -0.9986 -0.0000 0.0531
vn -0.9959 -0.0000 0.0908
vn -0.9918 -0.0000 0.1276
vn -0.9866 -0.0000 0.1634
vn -0.9802 -0.0000 0.1981
vn -0.9728 -0.0000 0.2316
vn -0.9647 -0.0000 0.2634
vn -0.9647 -0.0000 0.2635
vn -0.9577 -0.0000 0.2877
vn -0.9576 -0.0000 0.2883
vn -0.9533 -0.0000 0.3019
vn -0.9035 -0.0000 -0.4286
vn -0.9035 -0.0000 -0.4287
vn -0.8779 -0.0000 -0.4789
vn -0.8811 -0.0000 -0.4730
vn -0.9232 -0.0000 -0.3843
vn -0.9607 -0.0000 -0.2777
vn -0.9827 -0.0000 -0.1850
vn -0.9927 -0.0000 -0.1203
vn -0.9928 -0.0000 -0.1202
vn -0.9984 -0.0000 -0.0562
vn -1.0000 -0.0000 0.0052
vn -0.9914 -0.0000 -0.1306
vn -0.9996 -0.0000 -0.0269
vn -0.9996 -0.0000 -0.0271
vn -0.9996 -0.0000 0.0277
vn -0.9984 -0.0000 0.0573
vn -0.9984 -0.0000 0.0574
vn -0.9972 -0.0000 0.0746
vn -0.9976 -0.0000 0.0691
vn -0.9993 -0.0000 0.0374
vn -0.9998 -0.0000 -0.0220
vn -0.9929 -0.0000 -0.1193
vn -0.9738 -0.0000 -0.2275
vn -0.9460 -0.0000 -0.3242
vn -0.5610 -0.0000 0.8278
vn -0.5909 -0.0000 0.8067
vn -0.5910 -0.0000 0.8067
vn -0.6633 -0.0000 0.7483
vn -0.6633 -0.0000 0.7484
vn -0.7373 -0.0000 0.6756
vn -0.7374 -0.0000 0.6754
vn -0.7950 -0.0000 0.6066
vn -0.8551 -0.0000 0.5185
vn -0.9121 -0.0000 0.4101
vn -0.9122 -0.0000 0.4098
vn -0.9595 -0.0000 0.2818
vn -0.9903 -0.0000 0.1393
vn -1.0000 -0.0000 -0.0085
vn -0.9885 -0.0000 -0.1515
vn -0.9884 -0.0000 -0.1517
vn -0.9011 -0.0000 -0.4337
vn -0.8637 -0.0000 -0.5040
vn -0.8636 -0.0000 -0.5042
vn -0.8400 -0.0000 -0.5426
vn -0.8582 -0.0000 -0.5133
vn -0.9168 -0.0000 -0.3993
vn -0.9584 -0.0000 -0.2854
vn -0.9581 -0.0000 -0.2865
vn -0.9830 -0.0000 -0.1838
vn -0.9982 -0.0000 -0.0604
vn -0.9981 -0.0000 -0.0618
vn -0.9970 -0.0000 0.0778
vn -0.9971 -0.0000 0.0764
vn -0.9765 -0.0000 0.2157
vn -0.9759 -0.0000 0.2183
vn -0.9371 -0.0000 0.3492
vn -0.8859 -0.0000 0.4638
vn -0.8300 -0.0000 0.5578
vn -0.8305 -0.0000 0.5570
vn -0.7524 -0.0000 0.6588
vn -0.7521 -0.0000 0.6590
vn -0.6388 -0.0000 0.7694
vn -0.6386 -0.0000 0.7695
vn -0.8636 -0.0000 -0.5041
vn -0.8401 -0.0000 -0.5425
vn -0.8583 -0.0000 -0.5131
vn -0.9577 -0.0000 -0.2877
vn -0.9832 -0.0000 -0.1826
vn -0.9980 -0.0000 -0.0631
vn -0.9762 -0.0000 0.2170
vn -0.8864 -0.0000 0.4629
vn -0.8854 -0.0000 0.4648
vn -0.6387 -0.0000 0.7694
vn -0.9972 -0.0000 0.0750
vn -0.9880 -0.0000 0.1545
vn -0.9817 -0.0000 0.1905
vn -0.9817 -0.0000 0.1906
vn -0.9765 -0.0000 0.2153
vn -0.9765 -0.0000 0.2154
vn -0.9754 -0.0000 0.2205
vn -0.9754 -0.0000 0.2204
vn -0.9813 -0.0000 0.1924
vn -0.9937 -0.0000 0.1120
vn -1.0000 -0.0000 0.0051
vn -1.0000 -0.0000 0.0048
vn -0.9958 -0.0000 -0.0920
vn -0.9957 -0.0000 -0.0923
vn -0.9786 -0.0000 -0.2057
vn -0.9787 -0.0000 -0.2054
vn -0.9451 -0.0000 -0.3269
vn -0.9451 -0.0000 -0.3266
vn -0.9986 -0.0000 -0.0523
vn -0.9992 -0.0000 -0.0397
vn -0.9997 -0.0000 -0.0243
vn -1.0000 -0.0000 -0.0089
vn -0.9999 -0.0000 0.0121
vn -0.9999 -0.0000 0.0122
vn -0.9991 -0.0000 0.0414
vn -0.9965 -0.0000 0.0832
vn -0.9893 -0.0000 0.1459
vn -0.9893 -0.0000 0.1460
vn -0.9692 -0.0000 0.2463
vn -0.9692 -0.0000 0.2462
vn -0.9305 -0.0000 0.3663
vn -0.9304 -0.0000 0.3665
vn -0.8762 -0.0000 0.4819
vn -0.8057 -0.0000 0.5923
vn -0.8053 -0.0000 0.5928
vn -0.7354 -0.0000 0.6776
vn -0.7350 -0.0000 0.6781
vn -0.6399 -0.0000 0.7684
vn -0.5144 -0.0000 0.8575
vn -0.5149 -0.0000 0.8573
vn -0.4006 -0.0000 0.9163
vn -0.4014 -0.0000 0.9159
vn -0.3171 -0.0000 0.9484
vn -0.2282 -0.0000 0.9736
vn -0.2287 -0.0000 0.9735
vn -0.1370 -0.0000 0.9906
vn -0.1373 -0.0000 0.9905
vn -0.0463 -0.0000 0.9989
vn -0.0462 -0.0000 0.9989
vn 0.0430 -0.0000 0.9991
vn 0.0429 -0.0000 0.9991
vn 0.1685 -0.0000 0.9857
vn -0.9846 -0.0000 0.1747
vn -0.9811 -0.0000 0.1933
vn -0.9772 -0.0000 0.2124
vn -0.9741 -0.0000 0.2262
vn -0.9737 -0.0000 0.2278
vn -0.9752 -0.0000 0.2214
vn -0.9800 -0.0000 0.1990
vn -0.9800 -0.0000 0.1991
vn -0.9836 -0.0000 0.1803
vn -0.9880 -0.0000 0.1543
vn -0.9930 -0.0000 0.1185
vn -0.9977 -0.0000 0.0682
vn -0.9977 -0.0000 0.0681
vn -1.0000 -0.0000 -0.0043
vn -0.9747 -0.0000 -0.2236
vn -0.9684 -0.0000 -0.2496
vn -0.9684 -0.0000 -0.2494
vn -0.9680 -0.0000 -0.2510
vn -0.9711 -0.0000 -0.2385
vn -0.9761 -0.0000 -0.2172
vn -0.9761 -0.0000 -0.2171
vn -0.9817 -0.0000 -0.1902
vn -0.9872 -0.0000 -0.1596
vn -0.9920 -0.0000 -0.1265
vn -0.9958 -0.0000 -0.0918
vn -0.9958 -0.0000 -0.0919
vn -0.9984 -0.0000 -0.0565
vn -0.9984 -0.0000 -0.0564
vn -0.9998 -0.0000 -0.0208
vn -0.9999 -0.0000 0.0146
vn -0.9988 -0.0000 0.0496
vn -0.9965 -0.0000 0.0837
vn -0.9931 -0.0000 0.1169
vn -0.9888 -0.0000 0.1490
vn -0.9888 -0.0000 0.1489
vn -0.7626 -0.0000 0.6469
vn -0.7625 -0.0000 0.6470
vn -0.8471 -0.0000 0.5315
vn -0.9080 -0.0000 0.4189
vn -0.9081 -0.0000 0.4188
vn -0.9510 -0.0000 0.3093
vn -0.9796 -0.0000 0.2011
vn -0.9796 -0.0000 0.2012
vn -0.9957 -0.0000 0.0924
vn -0.9998 -0.0000 -0.0191
vn -0.9908 -0.0000 -0.1350
vn -0.9909 -0.0000 -0.1349
vn -0.9346 -0.0000 0.3557
vn -0.9344 -0.0000 0.3562
vn -0.9625 -0.0000 0.2714
vn -0.9835 -0.0000 0.1807
vn -0.9834 -0.0000 0.1815
vn -0.9962 -0.0000 0.0870
vn -0.9961 -0.0000 0.0878
vn -1.0000 -0.0000 -0.0064
vn -0.9953 -0.0000 -0.0969
vn -0.9759 -0.0000 -0.2181
vn -0.9760 -0.0000 -0.2177
vn -0.9372 -0.0000 -0.3487
vn -0.8989 -0.0000 -0.4382
vn -0.8987 -0.0000 -0.4386
vn -0.8674 -0.0000 -0.4976
vn -0.8892 -0.0000 -0.4576
vn -0.8894 -0.0000 -0.4572
vn -0.9484 -0.0000 -0.3170
vn -0.9487 -0.0000 -0.3162
vn -0.9803 -0.0000 -0.1976
vn -0.9807 -0.0000 -0.1957
vn -0.9952 -0.0000 -0.0975
vn -0.9999 -0.0000 0.0138
vn -0.9912 -0.0000 0.1323
vn -0.9682 -0.0000 0.2503
vn -0.9679 -0.0000 0.2512
vn -0.9317 -0.0000 0.3632
vn -0.9320 -0.0000 0.3624
vn -0.8862 -0.0000 0.4633
vn -0.8352 -0.0000 0.5500
vn -0.8348 -0.0000 0.5505
vn -0.7560 -0.0000 0.6545
vn -0.9374 -0.0000 -0.3483
vn -0.8673 -0.0000 -0.4978
vn -0.8893 -0.0000 -0.4574
vn -0.9486 -0.0000 -0.3166
vn -0.9805 -0.0000 -0.1967
vn -0.9953 -0.0000 -0.0965
vn -0.9999 -0.0000 0.0128
vn -0.9999 -0.0000 0.0148
vn -0.9913 -0.0000 0.1313
vn -0.9911 -0.0000 0.1332
vn -0.8859 -0.0000 0.4640
vn -0.8355 -0.0000 0.5495
vn -0.7564 -0.0000 0.6542
vn -0.9954 -0.0000 -0.0961
vn -0.9952 -0.0000 -0.0977
vn -0.9623 -0.0000 0.2721
vn -0.9348 -0.0000 0.3551
vn -0.7503 -0.0000 0.6610
vn -0.7504 -0.0000 0.6610
vn -0.7503 -0.0000 0.6611
vn -0.8378 -0.0000 0.5459
vn -0.8376 -0.0000 0.5463
vn -0.8977 -0.0000 0.4407
vn -0.9492 -0.0000 0.3148
vn -0.9490 -0.0000 0.3151
vn -0.9834 -0.0000 0.1813
vn -0.9834 -0.0000 0.1816
vn -0.9981 -0.0000 0.0609
vn -0.9996 -0.0000 -0.0289
vn -0.9985 -0.0000 -0.0540
vn -0.9985 -0.0000 -0.0542
vn -0.9968 -0.0000 0.0798
vn -0.9854 -0.0000 0.1703
vn -0.9651 -0.0000 0.2618
vn -0.9650 -0.0000 0.2623
vn -0.9375 -0.0000 0.3479
vn -0.9376 -0.0000 0.3477
vn -0.9375 -0.0000 0.3480
vn -0.9854 -0.0000 0.1700
vn -0.9985 -0.0000 -0.0541
vn -0.9996 -0.0000 -0.0285
vn -0.9996 -0.0000 -0.0293
vn -0.9981 -0.0000 0.0613
vn -0.9593 -0.0000 0.2822
vn -0.9901 -0.0000 0.1400
vn -0.9712 -0.0000 0.2384
vn -0.9326 -0.0000 0.3610
vn -0.8929 -0.0000 0.4502
vn -0.8931 -0.0000 0.4498
vn -0.8239 -0.0000 0.5667
vn -0.8240 -0.0000 0.5666
vn -0.7414 -0.0000 0.6711
vn -0.7415 -0.0000 0.6710
vn -0.4513 -0.0000 0.8924
vn -0.4511 -0.0000 0.8925
vn -0.3208 -0.0000 0.9472
vn -0.3214 -0.0000 0.9469
vn -0.2076 -0.0000 0.9782
vn -0.2074 -0.0000 0.9783
vn -0.0693 -0.0000 0.9976
vn -0.0692 -0.0000 0.9976
vn 0.0916 -0.0000 0.9958
vn 0.2222 -0.0000 0.9750
vn 0.3088 -0.0000 0.9511
vn 0.3934 -0.0000 0.9194
vn 0.3947 -0.0000 0.9188
vn 0.4749 -0.0000 0.8800
vn 0.4766 -0.0000 0.8791
vn 0.7026 -0.0000 0.7116
vn 0.8507 -0.0000 0.5256
vn 0.8517 -0.0000 0.5241
vn 0.9061 -0.0000 0.4231
vn 0.9398 -0.0000 0.3418
vn 0.9380 -0.0000 0.3465
vn 0.8863 -0.0000 0.4630
vn 0.7933 -0.0000 0.6089
vn 0.7875 -0.0000 0.6163
vn 0.6388 -0.0000 0.7694
vn 0.6459 -0.0000 0.7634
vn 0.3363 -0.0000 0.9417
vn 0.3417 -0.0000 0.9398
vn -0.0991 -0.0000 0.9951
vn -0.0975 -0.0000 0.9952
vn -0.4711 -0.0000 0.8821
vn -0.6805 -0.0000 0.7328
vn -0.6751 -0.0000 0.7378
vn -0.7863 -0.0000 0.6179
vn -0.7904 -0.0000 0.6126
vn -0.8464 -0.0000 0.5326
vn -0.8494 -0.0000 0.5277
vn -0.8927 -0.0000 0.4506
vn -0.9390 -0.0000 0.3440
vn -0.9501 -0.0000 0.3119
vn -0.9499 -0.0000 0.3126
vn -0.9514 -0.0000 0.3079
vn -0.9517 -0.0000 0.3070
vn -0.9515 -0.0000 0.3075
vn -0.3211 -0.0000 0.9470
vn -0.2079 -0.0000 0.9782
vn 0.0914 -0.0000 0.9958
vn 0.2229 -0.0000 0.9748
vn 0.2214 -0.0000 0.9752
vn 0.3099 -0.0000 0.9508
vn 0.7888 -0.0000 0.6147
vn 0.7908 -0.0000 0.6120
vn 0.9065 -0.0000 0.4222
vn 0.9394 -0.0000 0.3429
vn 0.9386 -0.0000 0.3451
vn 0.7990 -0.0000 0.6013
vn 0.6778 -0.0000 0.7353
vn 0.6459 -0.0001 0.7634
vn 0.5777 -0.0000 0.8162
vn 0.4913 -0.0000 0.8710
vn 0.3815 -0.0001 0.9244
vn 0.3417 -0.0001 0.9398
vn 0.2887 -0.0001 0.9574
vn 0.1871 -0.0000 0.9823
vn 0.0791 -0.0000 0.9969
vn -0.0444 -0.0000 0.9990
vn -0.0975 -0.0001 0.9952
vn -0.1568 -0.0001 0.9876
vn -0.2577 -0.0000 0.9662
vn -0.3473 -0.0000 0.9377
vn -0.4270 -0.0001 0.9042
vn -0.4652 -0.0001 0.8852
vn -0.5421 -0.0000 0.8403
vn -0.6379 -0.0000 0.7701
vn -0.6805 -0.0001 0.7328
vn -0.7162 -0.0000 0.6979
vn -0.8917 -0.0000 0.4526
vn -0.8938 -0.0000 0.4486
vn -0.9389 -0.0000 0.3443
vn -0.9391 -0.0000 0.3438
vn -0.9500 -0.0000 0.3123
vn -0.9515 -0.0000 0.3077
vn -0.9516 -0.0000 0.3072
vn -0.7265 -0.0000 0.6872
vn -0.6751 0.0001 0.7378
vn -0.4711 0.0001 0.8821
vn -0.4270 0.0001 0.9042
vn -0.1465 0.0001 0.9892
vn -0.0991 0.0001 0.9951
vn 0.3089 0.0001 0.9511
vn 0.3417 0.0001 0.9398
vn 0.3594 0.0001 0.9332
vn 0.6459 0.0001 0.7634
vn 0.6317 -0.0000 0.7752
vn 0.8845 -0.0000 0.4666
vn 0.9402 -0.0000 0.3407
vn 0.9056 -0.0000 0.4240
vn 0.7016 -0.0000 0.7126
vn 0.5843 -0.0000 0.8115
vn -0.4506 -0.0000 0.8927
vn -0.6860 -0.0000 0.7276
vn -0.4652 -0.0000 0.8852
vn -0.6805 -0.0000 0.7327
vn -0.4397 -0.0000 0.8982
vn -0.4165 -0.0000 0.9092
vn -0.4165 -0.0000 0.9091
vn -0.3750 -0.0000 0.9270
vn -0.3089 -0.0000 0.9511
vn -0.3087 -0.0000 0.9512
vn -0.3242 -0.0000 0.9460
vn -0.3238 -0.0000 0.9461
vn -0.4673 -0.0000 0.8841
vn -0.5192 -0.0000 0.8547
vn -0.5292 -0.0000 0.8485
vn -0.5291 -0.0000 0.8485
vn -0.9313 -0.0000 0.3643
vn -0.9313 -0.0000 0.3642
vn -0.9155 -0.0000 0.4022
vn -0.9050 -0.0000 0.4255
vn -0.9052 -0.0000 0.4251
vn -0.9260 -0.0000 0.3776
vn -0.9255 -0.0000 0.3789
vn -0.9627 -0.0000 0.2707
vn -0.9923 -0.0000 0.1235
vn -1.0000 -0.0000 0.0082
vn -0.9987 -0.0000 -0.0517
vn -0.9991 -0.0000 -0.0430
vn -0.9991 -0.0000 -0.0427
vn -0.9999 -0.0000 -0.0134
vn -0.9984 -0.0000 -0.0568
vn -0.9444 -0.0000 -0.3287
vn -0.9443 -0.0000 -0.3290
vn -0.8799 -0.0000 -0.4751
vn -0.8797 -0.0000 -0.4755
vn -0.7917 -0.0000 -0.6109
vn -0.7920 -0.0000 -0.6106
vn -0.6934 -0.0000 -0.7206
vn -0.6931 -0.0000 -0.7209
vn -0.5758 -0.0000 -0.8176
vn -0.5759 -0.0000 -0.8175
vn -0.5464 -0.0000 -0.8375
vn -0.6262 -0.0000 -0.7797
vn -0.6289 -0.0000 -0.7775
vn -0.7133 -0.0000 -0.7009
vn -0.7941 -0.0000 -0.6078
vn -0.7976 -0.0000 -0.6031
vn -0.8542 -0.0000 -0.5199
vn -0.8612 -0.0000 -0.5083
vn -0.8966 -0.0000 -0.4428
vn -0.9031 -0.0000 -0.4295
vn -0.9506 -0.0000 -0.3105
vn -0.9400 -0.0000 -0.3411
vn -0.9775 -0.0000 -0.2111
vn -0.9697 -0.0000 -0.2444
vn -0.9944 -0.0000 -0.1061
vn -0.9961 -0.0000 -0.0886
vn -0.9998 -0.0000 0.0175
vn -0.9907 -0.0000 0.1361
vn -0.9655 -0.0000 0.2604
vn -0.9351 -0.0000 0.3545
vn -0.9299 -0.0000 0.3679
vn -0.8944 -0.0000 0.4472
vn -0.8323 -0.0000 0.5544
vn -0.8352 -0.0000 0.5499
vn -0.7542 -0.0000 0.6567
vn -0.6911 -0.0000 0.7228
vn -0.6887 -0.0000 0.7250
vn -0.5776 -0.0000 0.8163
vn -0.5772 -0.0000 0.8166
vn -0.4935 -0.0000 0.8697
vn -0.4621 -0.0000 0.8868
vn -0.4620 -0.0000 0.8869
vn -0.4520 -0.0000 0.8920
vn -0.7569 -0.0000 0.6535
vn -0.8886 -0.0000 0.4586
vn -0.9923 -0.0000 -0.1236
vn -0.9737 -0.0000 -0.2278
vn -0.9454 -0.0000 -0.3259
vn -0.9249 -0.0000 0.3801
vn -0.9631 -0.0000 0.2692
vn -0.9921 -0.0000 0.1251
vn -0.9925 -0.0000 0.1218
vn -1.0000 -0.0000 0.0096
vn -0.9986 -0.0000 -0.0522
vn -0.9826 -0.0000 -0.1858
vn -0.7922 -0.0000 -0.6102
vn -0.6276 -0.0000 -0.7786
vn -0.9094 -0.0000 -0.4159
vn -0.9994 -0.0000 0.0350
vn -0.4521 -0.0000 0.8920
vn -0.4518 -0.0000 0.8921
vn -0.4527 -0.0000 0.8917
vn -0.4519 -0.0000 0.8921
vn -0.4521 -0.0000 0.8919
vn -0.4933 -0.0000 0.8698
vn -0.5459 -0.0000 -0.8378
vn -0.5469 -0.0000 -0.8372
vn -0.9312 -0.0000 0.3646
vn -0.9999 -0.0000 -0.0133
vn -0.9984 -0.0000 -0.0570
vn -0.9314 -0.0000 0.3641
vn -0.9311 -0.0000 0.3647
vn -0.9317 -0.0000 0.3633
vn -0.9154 -0.0000 0.4024
vn -0.9622 -0.0000 0.2723
vn -0.9314 -0.0000 0.3640
vn -0.9314 -0.0000 0.3639
vn -0.4524 -0.0000 0.8918
vn -0.4525 -0.0000 0.8918
vn -0.6928 -0.0000 -0.7211
vn -0.8293 -0.0000 0.5588
vn -0.9973 -0.0000 0.0735
vn -0.9973 -0.0000 0.0734
vn -0.9996 -0.0000 -0.0282
vn -0.9853 -0.0000 -0.1707
vn -0.9854 -0.0000 -0.1703
vn -0.9598 -0.0000 -0.2805
vn -0.9717 -0.0000 -0.2363
vn -0.9721 -0.0000 -0.2347
vn -0.9933 -0.0000 -0.1154
vn -0.9932 -0.0000 -0.1161
vn -0.9997 -0.0000 0.0260
vn -0.9996 -0.0000 0.0267
vn -0.9892 -0.0000 0.1468
vn -0.9892 -0.0000 0.1463
vn -0.9653 -0.0000 0.2613
vn -0.9652 -0.0000 0.2614
vn -0.9433 -0.0000 0.3318
vn -0.9434 -0.0000 0.3317
vn -0.9433 -0.0000 0.3320
vn -0.9433 -0.0000 0.3319
vn -0.9996 -0.0000 0.0273
vn -0.9719 -0.0000 -0.2355
vn -0.9854 -0.0000 -0.1705
vn -0.6692 -0.0000 0.7431
vn -0.6694 -0.0000 0.7429
vn -0.5774 -0.0000 0.8165
vn -0.4675 -0.0000 0.8840
vn -0.3480 -0.0000 0.9375
vn -0.3482 -0.0000 0.9374
vn -0.1651 -0.0000 0.9863
vn -0.2561 -0.0000 0.9666
vn -0.3945 -0.0000 0.9189
vn -0.3938 -0.0000 0.9192
vn -0.5045 -0.0000 0.8634
vn -0.5036 -0.0000 0.8639
vn -0.6162 -0.0000 0.7876
vn -0.6153 -0.0000 0.7883
vn -0.7169 -0.0000 0.6972
vn -0.7151 -0.0000 0.6990
vn -0.7990 -0.0000 0.6013
vn -0.7982 -0.0000 0.6023
vn -0.8607 -0.0000 0.5092
vn -0.9215 -0.0000 0.3883
vn -0.9220 -0.0000 0.3873
vn -0.9636 -0.0000 0.2674
vn -0.9637 -0.0000 0.2670
vn -0.9879 -0.0000 0.1549
vn -0.9638 -0.0000 0.2665
vn -0.7160 -0.0000 0.6981
vn -0.8600 -0.0000 0.5103
vn -0.9217 -0.0000 0.3878
vn -0.9880 -0.0000 0.1544
vn -0.6691 -0.0000 0.7432
vn -0.9082 -0.0000 -0.4185
vn -0.9395 -0.0000 -0.3427
vn -0.9394 -0.0000 -0.3428
vn -0.9665 -0.0000 -0.2565
vn -0.9915 -0.0000 -0.1300
vn -1.0000 -0.0000 -0.0006
vn -1.0000 -0.0000 -0.0003
vn -0.9943 -0.0000 0.1071
vn -0.9942 -0.0000 0.1073
vn -0.9730 -0.0000 0.2309
vn -0.9729 -0.0000 0.2311
vn -0.9302 -0.0000 0.3671
vn -0.9301 -0.0000 0.3674
vn -0.8615 -0.0000 0.5077
vn -0.7675 -0.0000 0.6411
vn -0.9504 -0.0000 -0.3109
vn -0.9509 -0.0000 -0.3094
vn -0.9534 -0.0000 -0.3016
vn -0.9533 -0.0000 -0.3022
vn -0.9565 -0.0000 -0.2919
vn -0.9564 -0.0000 -0.2922
vn -0.9597 -0.0000 -0.2811
vn -0.9596 -0.0000 -0.2814
vn -0.9647 -0.0000 -0.2635
vn -0.9647 -0.0000 -0.2634
vn -0.9713 -0.0000 -0.2380
vn -0.9778 -0.0000 -0.2093
vn -0.9779 -0.0000 -0.2093
vn -0.9843 -0.0000 -0.1767
vn -0.9902 -0.0000 -0.1395
vn -0.9953 -0.0000 -0.0970
vn -0.9988 -0.0000 -0.0481
vn -0.9988 -0.0000 -0.0480
vn -0.9973 -0.0000 0.0731
vn -0.9973 -0.0000 0.0730
vn -0.9891 -0.0000 0.1475
vn -0.9727 -0.0000 0.2323
vn -0.9726 -0.0000 0.2323
vn -0.9449 -0.0000 0.3274
vn -0.9022 -0.0000 0.4313
vn -0.8413 -0.0000 0.5405
vn -0.9250 -0.0000 0.3799
vn -0.9251 -0.0000 0.3798
vn -0.9199 -0.0000 0.3921
vn -0.9200 -0.0000 0.3920
vn -0.9166 -0.0000 0.3998
vn -0.9143 -0.0000 0.4051
vn -0.9119 -0.0000 0.4105
vn -0.9097 -0.0000 0.4152
vn -0.9086 -0.0000 0.4177
vn -0.9080 -0.0000 0.4190
vn -0.9075 -0.0000 0.4201
vn -0.9070 -0.0000 0.4210
vn -0.9070 -0.0000 0.4211
vn -0.9067 -0.0000 0.4218
vn -0.9066 -0.0000 0.4219
vn -0.9063 -0.0000 0.4226
vn -0.9060 -0.0000 0.4232
vn -0.9057 -0.0000 0.4238
vn -0.9058 -0.0000 0.4237
vn -0.2667 -0.0000 -0.9638
vn -0.2665 -0.0000 -0.9638
vn -0.3564 -0.0000 -0.9343
vn -0.4405 -0.0000 -0.8977
vn -0.4403 -0.0000 -0.8978
vn -0.5332 -0.0000 -0.8460
vn -0.5330 -0.0000 -0.8461
vn -0.6317 -0.0000 -0.7752
vn -0.6315 -0.0000 -0.7753
vn -0.7305 -0.0000 -0.6829
vn -0.7307 -0.0000 -0.6827
vn -0.8224 -0.0000 -0.5689
vn -0.8225 -0.0000 -0.5687
vn -0.8991 -0.0000 -0.4377
vn -0.8990 -0.0000 -0.4380
vn -0.9546 -0.0000 -0.2979
vn -0.9547 -0.0000 -0.2977
vn -0.9873 -0.0000 -0.1588
vn -0.9996 -0.0000 -0.0290
vn -0.9962 -0.0000 0.0868
vn -0.9824 -0.0000 0.1868
vn -0.9824 -0.0000 0.1867
vn -0.9625 -0.0000 0.2715
vn -0.9395 -0.0000 0.3426
vn -0.9395 -0.0000 0.3425
vn -0.8445 -0.0000 0.5356
vn -0.8685 -0.0000 0.4957
vn -0.8887 -0.0000 0.4585
vn -0.9201 -0.0000 0.3918
vn -0.9321 -0.0000 0.3622
vn -0.9322 -0.0000 0.3620
vn -0.9423 -0.0000 0.3349
vn -0.9422 -0.0000 0.3351
vn -0.9502 -0.0000 0.3117
vn -0.7554 -0.0000 -0.6553
vn -0.7558 -0.0000 -0.6548
vn -0.8167 -0.0000 -0.5771
vn -0.8861 -0.0000 -0.4635
vn -0.9340 -0.0000 -0.3573
vn -0.9341 -0.0000 -0.3570
vn -0.9623 -0.0000 -0.2721
vn -0.9624 -0.0000 -0.2718
vn -0.9841 -0.0000 -0.1774
vn -0.9841 -0.0000 -0.1777
vn -0.9971 -0.0000 -0.0759
vn -0.9995 -0.0000 0.0306
vn -0.9995 -0.0000 0.0309
vn -0.9903 -0.0000 0.1387
vn -0.9904 -0.0000 0.1385
vn -0.9697 -0.0000 0.2443
vn -0.9390 -0.0000 0.3439
vn -0.9389 -0.0000 0.3441
vn -0.9002 -0.0000 0.4355
vn -0.9003 -0.0000 0.4354
vn -0.8561 -0.0000 0.5169
vn -0.8560 -0.0000 0.5170
vn -0.6829 -0.0000 0.7305
vn -0.6847 -0.0000 0.7288
vn -0.6867 -0.0000 0.7270
vn -0.6866 -0.0000 0.7270
vn -0.6887 -0.0000 0.7251
vn -0.6909 -0.0000 0.7230
vn -0.6908 -0.0000 0.7230
vn -0.6932 -0.0000 0.7207
vn -0.6931 -0.0000 0.7208
vn -0.6957 -0.0000 0.7184
vn -0.6955 -0.0000 0.7185
vn -0.6980 -0.0000 0.7161
vn -0.9868 -0.0000 -0.1619
vn -0.9862 -0.0000 -0.1655
vn -0.9862 -0.0000 -0.1654
vn -0.9924 -0.0000 -0.1228
vn -0.9997 -0.0000 -0.0225
vn -0.9958 -0.0000 0.0918
vn -0.9827 -0.0000 0.1853
vn -0.9581 -0.0000 0.2863
vn -0.9581 -0.0000 0.2864
vn -0.9215 -0.0000 0.3884
vn -0.8746 -0.0000 0.4848
vn -0.8746 -0.0000 0.4849
vn -0.8211 -0.0000 0.5708
vn -0.8210 -0.0000 0.5709
vn -0.7653 -0.0000 0.6436
vn -0.7653 -0.0000 0.6437
vn -0.7109 -0.0000 0.7033
vn -0.9430 -0.0000 0.3327
vn -0.9430 -0.0000 0.3328
vn -0.9288 -0.0000 0.3706
vn -0.9122 -0.0000 0.4096
vn -0.9123 -0.0000 0.4096
vn -0.8942 -0.0000 0.4477
vn -0.8697 -0.0000 0.4937
vn -0.8579 -0.0000 0.5138
vn -0.8990 -0.0000 0.4379
vn -0.9520 -0.0000 0.3061
vn -0.9808 -0.0000 0.1951
vn -0.9962 -0.0000 0.0876
vn -1.0000 -0.0000 -0.0038
vn -0.9972 -0.0000 -0.0748
vn -0.9919 -0.0000 -0.1271
vn -0.9919 -0.0000 -0.1272
vn -0.8793 -0.0000 0.4762
vn -0.9085 -0.0000 0.4178
vn -0.9085 -0.0000 0.4179
vn -0.9274 -0.0000 0.3741
vn -0.9393 -0.0000 0.3431
vn -0.9393 -0.0000 0.3430
vn -0.9465 -0.0000 0.3227
vn -0.9504 -0.0000 0.3111
vn -0.9504 -0.0000 0.3112
vn -0.7201 -0.0000 0.6939
vn -0.7202 -0.0000 0.6938
vn -0.6457 -0.0000 0.7636
vn -0.5383 -0.0000 0.8427
vn -0.5384 -0.0000 0.8427
vn -0.4380 -0.0000 0.8990
vn -0.6307 -0.0000 0.7760
vn -0.7452 -0.0000 0.6668
vn -0.8120 -0.0000 0.5836
vn -0.8474 -0.0000 0.5310
vn -0.8474 -0.0000 0.5309
vn -0.9033 -0.0000 0.4291
vn -0.9033 -0.0000 0.4290
vn -0.9164 -0.0000 0.4003
vn -0.9164 -0.0000 0.4002
vn -0.9288 -0.0000 0.3707
vn -0.9399 -0.0000 0.3415
vn -0.9534 -0.0000 0.3018
vn -0.9649 -0.0000 0.2627
vn -0.9660 -0.0000 0.2584
vn -0.9506 -0.0000 0.3104
vn -0.9034 -0.0000 0.4288
vn -0.9033 -0.0000 0.4289
vn -0.8377 -0.0000 0.5461
vn -0.7799 -0.0000 0.6258
vn -0.9819 -0.0000 -0.1894
vn -0.9820 -0.0000 -0.1888
vn -0.9837 -0.0000 -0.1799
vn -0.9856 -0.0000 -0.1689
vn -0.9877 -0.0000 -0.1565
vn -0.9877 -0.0000 -0.1564
vn -0.9898 -0.0000 -0.1422
vn -0.9899 -0.0000 -0.1421
vn -0.9920 -0.0000 -0.1259
vn -0.9943 -0.0000 -0.1071
vn -0.9942 -0.0000 -0.1071
vn -0.9964 -0.0000 -0.0854
vn -0.9990 -0.0000 -0.0444
vn -0.9996 -0.0000 0.0295
vn -0.9996 -0.0000 0.0294
vn -0.9942 -0.0000 0.1074
vn -0.9842 -0.0000 0.1773
vn -0.9842 -0.0000 0.1772
vn -0.9639 -0.0000 0.2662
vn -0.9249 -0.0000 0.3802
vn -0.0943 -0.0000 0.9955
vn -0.9925 -0.0000 -0.1224
vn -0.9925 -0.0000 -0.1223
vn -0.9916 -0.0000 -0.1291
vn -0.9974 -0.0000 -0.0725
vn -0.9981 -0.0000 0.0617
vn -0.9819 -0.0000 0.1893
vn -0.9819 -0.0000 0.1894
vn -0.9496 -0.0000 0.3135
vn -0.9495 -0.0000 0.3137
vn -0.9020 -0.0000 0.4317
vn -0.9023 -0.0000 0.4312
vn -0.8525 -0.0000 0.5227
vn -0.8526 -0.0000 0.5225
vn -0.7838 -0.0000 0.6210
vn -0.6921 -0.0000 0.7218
vn -0.5768 -0.0000 0.8169
vn -0.5767 -0.0000 0.8170
vn -0.4415 -0.0000 0.8973
vn -0.4414 -0.0000 0.8973
vn -0.2949 -0.0000 0.9555
vn -0.1484 -0.0000 0.9889
vn -0.7244 -0.0000 0.6894
vn -0.7243 -0.0000 0.6895
vn -0.8272 -0.0000 0.5619
vn -0.8982 -0.0000 0.4396
vn -0.8981 -0.0000 0.4398
vn -0.9437 -0.0000 0.3309
vn -0.9437 -0.0000 0.3307
vn -0.9802 -0.0000 0.1982
vn -0.9976 -0.0000 0.0686
vn -0.9989 -0.0000 -0.0468
vn -0.9941 -0.0000 -0.1081
vn -0.9933 -0.0000 -0.1160
vn -0.9933 -0.0000 -0.1159
vn -0.8921 -0.0000 0.4519
vn -0.9194 -0.0000 0.3932
vn -0.9194 -0.0000 0.3933
vn -0.9519 -0.0000 0.3064
vn -0.9519 -0.0000 0.3065
vn -0.9798 -0.0000 0.2001
vn -0.9921 -0.0000 0.1256
vn -0.9943 -0.0000 0.1062
vn -0.9853 -0.0000 0.1709
vn -0.9567 -0.0000 0.2912
vn -0.9117 -0.0000 0.4109
vn -0.8350 -0.0000 0.5503
vn -0.7556 -0.0000 0.6550
vn -0.7554 -0.0000 0.6553
vn -0.6938 -0.0000 0.7201
vn -0.6937 -0.0000 0.7203
vn -0.9332 -0.0000 -0.3594
vn -0.9435 -0.0000 -0.3315
vn -0.9434 -0.0000 -0.3316
vn -0.9615 -0.0000 -0.2749
vn -0.9817 -0.0000 -0.1906
vn -0.9970 -0.0000 -0.0777
vn -0.9980 -0.0000 0.0632
vn -0.9832 -0.0000 0.1827
vn -0.9832 -0.0000 0.1828
vn -0.9635 -0.0000 0.2676
vn -0.9636 -0.0000 0.2675
vn -0.9355 -0.0000 0.3532
vn -0.8992 -0.0000 0.4375
vn -0.9998 -0.0000 0.0221
vn -0.9999 -0.0000 0.0140
vn -1.0000 -0.0000 0.0072
vn -1.0000 -0.0000 0.0010
vn -0.9999 -0.0000 -0.0140
vn -0.9995 -0.0000 -0.0312
vn -0.9992 -0.0000 -0.0403
vn -0.9987 -0.0000 -0.0515
vn -0.9978 -0.0000 -0.0661
vn -0.9963 -0.0000 -0.0860
vn -0.9933 -0.0000 -0.1155
vn -0.9864 -0.0000 -0.1642
vn -0.9737 -0.0000 -0.2279
vn -0.9737 -0.0000 -0.2277
vn -0.9544 -0.0000 -0.2985
vn -0.9543 -0.0000 -0.2988
vn -0.9533 -0.0000 -0.3021
vn -0.9569 -0.0000 -0.2904
vn -0.9668 -0.0000 -0.2557
vn -0.9955 -0.0000 -0.0946
vn -0.9982 -0.0000 -0.0602
vn -0.9997 -0.0000 -0.0258
vn -1.0000 -0.0000 0.0081
vn -0.9036 -0.0000 0.4284
vn -0.8950 -0.0000 0.4460
vn -0.8862 -0.0000 0.4634
vn -0.8835 -0.0000 0.4684
vn -0.8960 -0.0000 0.4441
vn -0.9257 -0.0000 0.3782
vn -0.9562 -0.0000 0.2927
vn -0.9769 -0.0000 0.2137
vn -0.9931 -0.0000 0.1170
vn -0.9931 -0.0000 0.1171
vn -1.0000 -0.0000 0.0054
vn -0.9933 -0.0000 -0.1158
vn -0.9933 -0.0000 -0.1157
vn -0.9713 -0.0000 -0.2379
vn -0.9598 -0.0000 -0.2806
vn -0.9656 -0.0000 -0.2600
vn -0.9719 -0.0000 -0.2354
vn -0.9781 -0.0000 -0.2082
vn -0.9781 -0.0000 -0.2084
vn -0.9839 -0.0000 -0.1786
vn -0.9893 -0.0000 -0.1460
vn -0.9893 -0.0000 -0.1461
vn -0.9939 -0.0000 -0.1104
vn -0.9975 -0.0000 -0.0713
vn -0.9996 -0.0000 -0.0286
vn -0.9998 -0.0000 0.0181
vn -0.9976 -0.0000 0.0690
vn -0.9923 -0.0000 0.1243
vn -0.9922 -0.0000 0.1243
vn -0.9830 -0.0000 0.1839
vn -0.9689 -0.0000 0.2475
vn -0.9491 -0.0000 0.3148
vn -0.9229 -0.0000 0.3850
vn -0.9229 -0.0000 0.3849
vn 0.9424 -0.0000 0.3345
vn 0.9424 -0.0000 0.3346
vn 0.9343 -0.0000 0.3564
vn 0.9343 -0.0000 0.3565
vn 0.9193 -0.0000 0.3935
vn 0.8865 -0.0000 0.4627
vn 0.8317 -0.0000 0.5552
vn 0.8316 -0.0000 0.5553
vn 0.7565 -0.0000 0.6540
vn 0.7566 -0.0000 0.6539
vn 0.6548 -0.0000 0.7558
vn 0.6546 -0.0000 0.7560
vn 0.5466 -0.0000 0.8374
vn 0.4343 -0.0000 0.9008
vn 0.4348 -0.0000 0.9005
vn 0.1099 -0.0000 0.9939
vn -0.0228 -0.0000 0.9997
vn -0.1596 -0.0000 0.9872
vn -0.2928 -0.0000 0.9562
vn -0.2924 -0.0000 0.9563
vn -0.4144 -0.0000 0.9101
vn -0.5215 -0.0000 0.8533
vn -0.6109 -0.0000 0.7917
vn -0.6115 -0.0000 0.7912
vn -0.7165 -0.0000 0.6976
vn 0.9421 -0.0000 0.3352
vn 0.9338 -0.0000 0.3578
vn 0.9243 -0.0000 0.3817
vn 0.9138 -0.0000 0.4063
vn 0.9137 -0.0000 0.4063
vn 0.9024 -0.0000 0.4308
vn 0.8909 -0.0000 0.4542
vn 0.8757 -0.0000 0.4828
vn 0.8644 -0.0000 0.5028
vn 0.8719 -0.0000 0.4897
vn 0.8978 -0.0000 0.4405
vn 0.9303 -0.0000 0.3668
vn 0.9303 -0.0000 0.3669
vn 0.7164 -0.0000 0.6977
vn 0.7383 -0.0000 0.6745
vn 0.7382 -0.0000 0.6746
vn 0.7667 -0.0000 0.6420
vn 0.8014 -0.0000 0.5982
vn 0.8434 -0.0000 0.5373
vn 0.8433 -0.0000 0.5374
vn 0.8929 -0.0000 0.4502
vn 0.8930 -0.0000 0.4501
vn 0.9472 -0.0000 0.3206
vn 0.9472 -0.0000 0.3205
vn 0.9830 -0.0000 0.1837
vn 0.9829 -0.0000 0.1839
vn 0.9978 -0.0000 0.0662
vn 0.9971 -0.0000 0.0761
vn 0.9971 -0.0000 0.0759
vn 0.9831 -0.0000 0.1831
vn 0.9831 -0.0000 0.1829
vn 0.9681 -0.0000 0.2506
vn 0.9557 -0.0000 0.2943
vn 0.9557 -0.0000 0.2944
vn 0.9464 -0.0000 0.3230
vn 0.9354 -0.0000 0.3537
vn 0.9354 -0.0000 0.3536
vn 0.9328 -0.0000 0.3605
vn 0.9328 -0.0000 0.3604
vn 0.9316 -0.0000 0.3635
vn 0.9316 -0.0000 0.3636
vn 0.9315 -0.0000 0.3637
vn 0.9315 -0.0000 0.3638
vn 0.9323 -0.0000 0.3616
vn 0.9323 -0.0000 0.3617
vn 0.9338 -0.0000 0.3577
vn 0.9359 -0.0000 0.3523
vn 0.9384 -0.0000 0.3455
vn 0.9384 -0.0000 0.3456
vn 0.9412 -0.0000 0.3377
vn 0.9413 -0.0000 0.3377
vn 0.9444 -0.0000 0.3289
vn 0.9396 -0.0000 0.3424
vn 0.9193 -0.0000 0.3936
vn 0.8952 -0.0000 0.4457
vn 0.8670 -0.0000 0.4984
vn 0.8346 -0.0000 0.5509
vn 0.8346 -0.0000 0.5508
vn 0.7981 -0.0000 0.6025
vn 0.7375 -0.0000 0.6753
vn 0.6446 -0.0000 0.7645
vn 0.5439 -0.0000 0.8391
vn 0.4420 -0.0000 0.8970
vn 0.4419 -0.0000 0.8971
vn 0.8102 -0.0000 0.5861
vn 0.8180 -0.0000 0.5751
vn 0.8271 -0.0000 0.5620
vn 0.8375 -0.0000 0.5464
vn 0.8375 -0.0000 0.5465
vn 0.8491 -0.0000 0.5282
vn 0.8491 -0.0000 0.5283
vn 0.8619 -0.0000 0.5071
vn 0.8755 -0.0000 0.4832
vn 0.8895 -0.0000 0.4569
vn 0.9097 -0.0000 0.4153
vn 0.9319 -0.0000 0.3628
vn 0.9319 -0.0000 0.3627
vn 0.9451 -0.0000 0.3267
vn 0.9489 -0.0000 0.3156
vn 0.8368 -0.0000 0.5475
vn 0.8337 -0.0000 0.5522
vn 0.8296 -0.0000 0.5583
vn 0.8245 -0.0000 0.5659
vn 0.8182 -0.0000 0.5750
vn 0.8110 -0.0000 0.5851
vn 0.8110 -0.0000 0.5850
vn 0.8004 -0.0000 0.5995
vn 0.7913 -0.0000 0.6114
vn 0.7907 -0.0000 0.6123
vn 0.7928 -0.0000 0.6095
vn 0.7960 -0.0000 0.6054
vn 0.7960 -0.0000 0.6053
vn 0.7996 -0.0000 0.6006
vn 0.8057 -0.0000 0.5923
vn 0.8074 -0.0000 0.5900
vn 0.6412 -0.0000 0.7674
vn 0.7048 -0.0000 0.7094
vn 0.7845 -0.0000 0.6201
vn 0.8492 -0.0000 0.5280
vn 0.8921 -0.0000 0.4518
vn 0.8921 -0.0000 0.4519
vn 0.9313 -0.0000 0.3642
vn 0.9639 -0.0000 0.2664
vn 0.9638 -0.0000 0.2664
vn 0.9870 -0.0000 0.1609
vn 0.9870 -0.0000 0.1608
vn 0.9983 -0.0000 -0.0582
vn 0.9983 -0.0000 -0.0581
vn 0.9866 -0.0000 -0.1632
vn 0.9654 -0.0000 -0.2607
vn 0.9373 -0.0000 -0.3486
vn 0.8538 -0.0000 0.5206
vn 0.8210 -0.0000 0.5709
vn 0.7805 -0.0000 0.6251
vn 0.7281 -0.0000 0.6855
vn 0.6084 -0.0000 0.7936
vn 0.6092 -0.0000 0.7930
vn 0.2259 -0.0000 0.9741
vn 0.2384 -0.0000 0.9712
vn 0.2708 -0.0000 0.9626
vn 0.2902 -0.0000 0.9570
vn 0.3120 -0.0000 0.9501
vn 0.3515 -0.0000 0.9362
vn 0.4168 -0.0000 0.9090
vn 0.5044 -0.0000 0.8634
vn 0.5888 -0.0000 0.8083
vn 0.6570 -0.0000 0.7539
vn 0.7340 -0.0000 0.6792
vn 0.8168 -0.0000 0.5770
vn 0.9944 -0.0000 0.1055
vn 0.9986 -0.0000 -0.0523
vn 0.9771 -0.0000 -0.2127
vn 0.9771 -0.0000 -0.2126
vn 0.9317 -0.0000 -0.3632
vn 0.8690 -0.0000 -0.4949
vn 0.7976 -0.0000 -0.6032
vn 0.7975 -0.0000 -0.6033
vn 0.7252 -0.0000 -0.6886
vn 0.6616 -0.0000 -0.7499
vn 0.6614 -0.0000 -0.7500
vn -0.0201 -0.0000 0.9998
vn 0.0755 -0.0000 0.9971
vn 0.2068 -0.0000 0.9784
vn 0.3231 -0.0000 0.9464
vn 0.4121 -0.0000 0.9111
vn 0.5058 -0.0000 0.8627
vn 0.5057 -0.0000 0.8627
vn 0.6011 -0.0000 0.7992
vn 0.6010 -0.0000 0.7992
vn 0.6933 -0.0000 0.7207
vn 0.7776 -0.0000 0.6288
vn 0.7776 -0.0000 0.6287
vn 0.8497 -0.0000 0.5273
vn 0.8497 -0.0000 0.5272
vn 0.9070 -0.0000 0.4212
vn 0.9489 -0.0000 0.3157
vn 0.9766 -0.0000 0.2150
vn 0.6136 -0.0000 0.7896
vn 0.7278 -0.0000 0.6858
vn 0.7279 -0.0000 0.6857
vn 0.8322 -0.0000 0.5545
vn 0.8323 -0.0000 0.5544
vn 0.9151 -0.0000 0.4032
vn 0.9695 -0.0000 0.2449
vn 0.9696 -0.0000 0.2448
vn 0.9957 -0.0000 0.0930
vn 0.9991 -0.0000 -0.0431
vn 0.9872 -0.0000 -0.1594
vn 0.9872 -0.0000 -0.1592
vn 0.9549 -0.0000 -0.2969
vn 0.9037 -0.0000 -0.4282
vn 0.9037 -0.0000 -0.4283
vn 0.8352 -0.0000 -0.5499
vn 0.7657 -0.0000 -0.6432
vn 0.7171 -0.0000 -0.6970
vn 0.6888 -0.0000 -0.7250
vn 0.6738 -0.0000 -0.7389
vn 0.6610 -0.0000 -0.7504
vn 0.6609 -0.0000 -0.7505
vn 0.6505 -0.0000 -0.7595
vn 0.6507 -0.0000 -0.7593
vn -0.7193 -0.0000 0.6947
vn -0.6857 -0.0000 0.7279
vn -0.6136 -0.0000 0.7896
vn -0.5146 -0.0000 0.8574
vn -0.4100 -0.0000 0.9121
vn -0.3033 -0.0000 0.9529
vn -0.2151 -0.0000 0.9766
vn -0.1130 -0.0000 0.9936
vn 0.0026 -0.0000 1.0000
vn 0.1281 -0.0000 0.9918
vn 0.3853 -0.0000 0.9228
vn 0.5028 -0.0000 0.8644
vn -0.9922 -0.0000 0.1244
vn -0.9922 -0.0000 0.1245
vn -0.9958 -0.0000 0.0910
vn -0.9986 -0.0000 0.0536
vn -0.9990 -0.0000 0.0455
vn -0.9990 -0.0000 0.0454
vn -0.9923 -0.0000 0.1238
vn -0.9699 -0.0000 0.2433
vn -0.9401 -0.0000 0.3410
vn -0.9400 -0.0000 0.3411
vn -0.8545 -0.0000 0.5195
vn -0.8107 -0.0000 0.5854
vn -0.8107 -0.0000 0.5855
vn -0.7725 -0.0000 0.6350
vn -0.7725 -0.0000 0.6351
vn -0.7413 -0.0000 0.6712
vn -0.7170 -0.0000 0.6971
vn -0.4542 -0.0000 -0.8909
vn -0.5358 -0.0000 -0.8443
vn -0.5358 -0.0000 -0.8444
vn -0.6478 -0.0000 -0.7618
vn -0.7496 -0.0000 -0.6619
vn -0.7495 -0.0000 -0.6620
vn -0.8198 -0.0000 -0.5727
vn -0.8854 -0.0000 -0.4649
vn -0.8855 -0.0000 -0.4647
vn -0.9392 -0.0000 -0.3434
vn -0.9393 -0.0000 -0.3432
vn -0.9763 -0.0000 -0.2163
vn -0.9956 -0.0000 -0.0936
vn -0.9956 -0.0000 -0.0934
vn -0.9999 -0.0000 0.0166
vn -0.9999 -0.0000 0.0169
vn -0.9939 -0.0000 0.1100
vn -0.9939 -0.0000 0.1102
vn -0.9765 -0.0000 0.2156
vn -0.9453 -0.0000 0.3261
vn -0.9367 -0.0000 0.3501
vn -0.9557 -0.0000 0.2944
vn -0.9557 -0.0000 0.2945
vn -0.9744 -0.0000 0.2250
vn -0.9743 -0.0000 0.2251
vn -0.9856 -0.0000 0.1689
vn -0.7402 -0.0000 -0.6723
vn -0.7402 -0.0000 -0.6724
vn -0.8015 -0.0000 -0.5981
vn -0.8015 -0.0000 -0.5980
vn -0.8695 -0.0000 -0.4939
vn -0.9288 -0.0000 -0.3706
vn -0.9644 -0.0000 -0.2645
vn -0.9853 -0.0000 -0.1709
vn -0.9964 -0.0000 -0.0844
vn -1.0000 -0.0000 0.0013
vn -0.9956 -0.0000 0.0936
vn -0.9956 -0.0000 0.0935
vn -0.3591 -0.0000 -0.9333
vn -0.4250 -0.0000 -0.9052
vn -0.4946 -0.0000 -0.8691
vn -0.5667 -0.0000 -0.8239
vn -0.6395 -0.0000 -0.7688
vn -0.7106 -0.0000 -0.7036
vn -0.7774 -0.0000 -0.6290
vn -0.8375 -0.0000 -0.5465
vn -0.8374 -0.0000 -0.5465
vn -0.8887 -0.0000 -0.4586
vn -0.8887 -0.0000 -0.4585
vn -0.9298 -0.0000 -0.3680
vn -0.9298 -0.0000 -0.3679
vn -0.9817 -0.0000 -0.1904
vn -0.9817 -0.0000 -0.1903
vn -0.9976 -0.0000 -0.0693
vn -0.9975 -0.0000 0.0708
vn -0.1721 -0.0000 -0.9851
vn -0.2680 -0.0000 -0.9634
vn -0.3786 -0.0000 -0.9256
vn -0.5058 -0.0000 -0.8627
vn -0.6098 -0.0000 -0.7926
vn -0.6817 -0.0000 -0.7316
vn -0.6817 -0.0000 -0.7317
vn -0.7527 -0.0000 -0.6584
vn -0.8196 -0.0000 -0.5729
vn -0.8793 -0.0000 -0.4763
vn -0.9285 -0.0000 -0.3714
vn -0.9651 -0.0000 -0.2620
vn -0.9650 -0.0000 -0.2621
vn -0.9883 -0.0000 -0.1524
vn -0.9977 -0.0000 -0.0677
vn -0.9980 -0.0000 -0.0633
vn -0.9980 -0.0000 -0.0626
vn -0.9978 -0.0000 -0.0660
vn -0.9974 -0.0000 -0.0718
vn -0.9963 -0.0000 -0.0856
vn -0.9954 -0.0000 -0.0960
vn -0.9940 -0.0000 -0.1098
vn -0.9918 -0.0000 -0.1281
vn -0.9918 -0.0000 -0.1280
vn -0.9883 -0.0000 -0.1526
vn -0.9825 -0.0000 -0.1865
vn -0.8551 -0.0000 -0.5185
vn -0.8575 -0.0000 -0.5145
vn -0.8633 -0.0000 -0.5047
vn -0.8730 -0.0000 -0.4877
vn -0.8952 -0.0000 -0.4457
vn -0.9322 -0.0000 -0.3620
vn -0.9577 -0.0000 -0.2876
vn -0.9710 -0.0000 -0.2389
vn -0.9808 -0.0000 -0.1949
vn -0.9875 -0.0000 -0.1575
vn -0.9919 -0.0000 -0.1274
vn -0.9945 -0.0000 -0.1043
vn -0.9962 -0.0000 -0.0872
vn -0.9972 -0.0000 -0.0753
vn -0.8293 -0.0000 0.5589
vn -0.8241 -0.0000 0.5664
vn -0.8241 -0.0000 0.5665
vn -0.8177 -0.0000 0.5756
vn -0.8105 -0.0000 0.5858
vn -0.8021 -0.0000 0.5972
vn -0.7925 -0.0000 0.6099
vn -0.7745 -0.0000 0.6325
vn -0.7431 -0.0000 0.6692
vn -0.6967 -0.0000 0.7174
vn -0.6966 -0.0000 0.7174
vn -0.6236 -0.0000 0.7818
vn -0.6235 -0.0000 0.7818
vn -0.5383 -0.0000 0.8428
vn -0.4559 -0.0000 0.8900
vn 0.0882 -0.0000 0.9961
vn -0.0005 -0.0000 1.0000
vn -0.0883 -0.0000 0.9961
vn -0.1851 -0.0000 0.9827
vn -0.2404 -0.0000 0.9707
vn -0.2635 -0.0000 0.9647
vn -0.2809 -0.0000 0.9597
vn -0.2937 -0.0000 0.9559
vn -0.2936 -0.0000 0.9559
vn -0.9259 -0.0000 -0.3779
vn -0.9286 -0.0000 -0.3712
vn -0.9363 -0.0000 -0.3513
vn -0.9511 -0.0000 -0.3088
vn -0.9754 -0.0000 -0.2205
vn -0.9961 -0.0000 -0.0879
vn -0.9961 -0.0000 -0.0877
vn -0.9997 -0.0000 0.0224
vn -0.9926 -0.0000 0.1213
vn -0.9690 -0.0000 0.2472
vn -0.9329 -0.0000 0.3601
vn -0.9333 -0.0000 0.3591
vn -0.8965 -0.0000 0.4430
vn -0.8477 -0.0000 0.5305
vn -0.8472 -0.0000 0.5313
vn -0.7849 -0.0000 0.6196
vn -0.7083 -0.0000 0.7059
vn -0.6187 -0.0000 0.7856
vn -0.5203 -0.0000 0.8540
vn -0.4176 -0.0000 0.9086
vn -0.4181 -0.0000 0.9084
vn -0.3142 -0.0000 0.9494
vn -0.3145 -0.0000 0.9493
vn -0.2153 -0.0000 0.9765
vn -0.0807 -0.0000 0.9967
vn 0.0684 -0.0000 0.9977
vn 0.0685 -0.0000 0.9977
vn -0.7396 -0.0000 -0.6730
vn -0.7450 -0.0000 -0.6671
vn -0.7528 -0.0000 -0.6583
vn -0.7634 -0.0000 -0.6459
vn -0.7635 -0.0000 -0.6458
vn -0.7856 -0.0000 -0.6187
vn -0.8248 -0.0000 -0.5655
vn -0.8247 -0.0000 -0.5655
vn -0.8669 -0.0000 -0.4986
vn -0.8668 -0.0000 -0.4986
vn -0.8998 -0.0000 -0.4363
vn -0.9183 -0.0000 -0.3959
vn -0.9244 -0.0000 -0.3815
vn -0.9255 -0.0000 -0.3787
vn -0.8933 -0.0000 -0.4494
vn -0.9003 -0.0000 -0.4352
vn -0.9004 -0.0000 -0.4351
vn -0.9080 -0.0000 -0.4190
vn -0.9126 -0.0000 -0.4089
vn -0.9091 -0.0000 -0.4166
vn -0.8955 -0.0000 -0.4451
vn -0.8955 -0.0000 -0.4452
vn -0.8691 -0.0000 -0.4947
vn -0.8279 -0.0000 -0.5609
vn -0.7724 -0.0000 -0.6352
vn -0.7658 -0.0000 -0.6431
vn -0.8004 -0.0000 -0.5995
vn -0.8693 -0.0000 -0.4944
vn -0.8880 -0.0000 -0.4599
vn -0.8982 -0.0000 -0.4395
vn -0.9023 -0.0000 -0.4311
vn -0.8982 -0.0000 -0.4396
vn -0.8895 -0.0000 -0.4569
vn -0.9002 -0.0000 -0.4354
vn -0.9002 -0.0000 -0.4355
vn -0.9051 -0.0000 -0.4253
vn -0.9046 -0.0000 -0.4264
vn -0.9045 -0.0000 -0.4264
vn -0.8980 -0.0000 -0.4401
vn -0.8979 -0.0000 -0.4401
vn -0.8878 -0.0000 -0.4602
vn -0.8772 -0.0000 -0.4801
vn -0.8624 -0.0000 -0.5062
vn -0.8625 -0.0000 -0.5061
vn -0.8417 -0.0000 -0.5399
vn -0.8417 -0.0000 -0.5400
vn -0.8121 -0.0000 -0.5835
vn -0.7689 -0.0000 -0.6394
vn -0.4785 -0.0000 -0.8781
vn -0.5298 -0.0000 -0.8482
vn -0.5298 -0.0000 -0.8481
vn -0.5707 -0.0000 -0.8212
vn -0.6048 -0.0000 -0.7964
vn -0.6344 -0.0000 -0.7730
vn -0.6343 -0.0000 -0.7730
vn -0.6608 -0.0000 -0.7506
vn -0.6607 -0.0000 -0.7506
vn -0.6850 -0.0000 -0.7286
vn -0.6850 -0.0000 -0.7285
vn -0.7295 -0.0000 -0.6840
vn -0.7294 -0.0000 -0.6840
vn -0.7505 -0.0000 -0.6609
vn -0.7816 -0.0000 -0.6238
vn -0.8223 -0.0000 -0.5691
vn -0.8526 -0.0000 -0.5226
vn -0.8729 -0.0000 -0.4879
vn -0.5807 -0.0000 -0.8141
vn -0.5529 -0.0000 -0.8332
vn -0.5132 -0.0000 -0.8583
vn -0.4978 -0.0000 -0.8673
vn -0.4872 -0.0000 -0.8733
vn -0.4804 -0.0000 -0.8770
vn -0.4735 -0.0000 -0.8808
vn -0.4664 -0.0000 -0.8846
vn -0.4587 -0.0000 -0.8886
vn -0.4498 -0.0000 -0.8931
vn -0.2425 -0.0000 -0.9701
vn -0.2540 -0.0000 -0.9672
vn -0.2539 -0.0000 -0.9672
vn -0.2673 -0.0000 -0.9636
vn -0.2819 -0.0000 -0.9595
vn -0.2818 -0.0000 -0.9595
vn -0.2974 -0.0000 -0.9547
vn -0.3142 -0.0000 -0.9493
vn -0.3323 -0.0000 -0.9432
vn -0.3518 -0.0000 -0.9361
vn -0.3728 -0.0000 -0.9279
vn -0.3955 -0.0000 -0.9185
vn -0.4200 -0.0000 -0.9075
vn -0.4466 -0.0000 -0.8947
vn -0.4911 -0.0000 -0.8711
vn -0.5399 -0.0000 -0.8417
vn -0.5760 -0.0000 -0.8175
vn -0.9477 -0.0000 0.3190
vn -0.9412 -0.0000 0.3379
vn -0.9354 -0.0000 0.3535
vn -0.9316 -0.0000 0.3636
vn -0.9292 -0.0000 0.3696
vn -0.9270 -0.0000 0.3751
vn -0.9230 -0.0000 0.3849
vn -0.9211 -0.0000 0.3893
vn -0.9193 -0.0000 0.3935
vn -0.9194 -0.0000 0.3934
vn -0.9178 -0.0000 0.3971
vn -0.9177 -0.0000 0.3973
vn -0.9162 -0.0000 0.4008
vn -0.9976 -0.0000 -0.0692
vn -1.0000 -0.0000 0.0014
vn -1.0000 -0.0000 0.0015
vn -0.9940 -0.0000 0.1094
vn -0.9708 -0.0000 0.2400
vn -0.9708 -0.0000 0.2401
vn -0.9428 -0.0000 0.3334
vn -0.9241 -0.0000 0.3821
vn -0.9241 -0.0000 0.3822
vn -0.9201 -0.0000 0.3917
vn -0.9312 -0.0000 0.3644
vn -0.9388 -0.0000 0.3446
vn -0.9469 -0.0000 0.3216
vn -0.9879 -0.0000 -0.1552
vn -0.9954 -0.0000 -0.0957
vn -0.9988 -0.0000 -0.0497
vn -0.9988 -0.0000 -0.0496
vn -0.9999 -0.0000 -0.0171
vn -1.0000 -0.0000 0.0012
vn -1.0000 -0.0000 -0.0076
vn -1.0000 -0.0000 -0.0077
vn -0.9997 -0.0000 -0.0236
vn -0.9989 -0.0000 -0.0477
vn -0.9989 -0.0000 -0.0478
vn -0.9966 -0.0000 -0.0827
vn -0.9966 -0.0000 -0.0826
vn 0.0425 -0.0000 -0.9991
vn -0.0453 -0.0000 -0.9990
vn -0.1214 -0.0000 -0.9926
vn -0.1873 -0.0000 -0.9823
vn -0.2704 -0.0000 -0.9627
vn -0.3595 -0.0000 -0.9331
vn -0.4312 -0.0000 -0.9023
vn -0.4912 -0.0000 -0.8710
vn -0.5436 -0.0000 -0.8393
vn -0.5913 -0.0000 -0.8064
vn -0.6363 -0.0000 -0.7714
vn -0.6803 -0.0000 -0.7330
vn -0.6802 -0.0000 -0.7330
vn -0.7245 -0.0000 -0.6893
vn -0.7245 -0.0000 -0.6892
vn -0.7701 -0.0000 -0.6379
vn -0.8178 -0.0000 -0.5755
vn -0.8675 -0.0000 -0.4975
vn -0.9051 -0.0000 -0.4252
vn -0.9297 -0.0000 -0.3684
vn -0.9528 -0.0000 -0.3035
vn -0.9733 -0.0000 -0.2296
vn -0.9733 -0.0000 -0.2297
vn 0.9999 -0.0000 -0.0136
vn 0.9999 -0.0000 -0.0106
vn 0.9995 -0.0000 -0.0324
vn 0.9914 -0.0000 -0.1311
vn 0.9788 -0.0000 -0.2048
vn 0.9559 -0.0000 -0.2936
vn 0.9297 -0.0000 -0.3683
vn 0.9297 -0.0000 -0.3682
vn 0.9067 -0.0000 -0.4218
vn 0.9067 -0.0000 -0.4219
vn 0.8787 -0.0000 -0.4774
vn 0.8787 -0.0000 -0.4773
vn 0.8456 -0.0000 -0.5339
vn 0.8071 -0.0000 -0.5905
vn 0.7633 -0.0000 -0.6460
vn 0.7148 -0.0000 -0.6994
vn 0.6621 -0.0000 -0.7494
vn 0.6621 -0.0000 -0.7495
vn 0.6061 -0.0000 -0.7954
vn 0.5478 -0.0000 -0.8366
vn 0.4884 -0.0000 -0.8726
vn 0.4289 -0.0000 -0.9033
vn 0.3703 -0.0000 -0.9289
vn 0.3133 -0.0000 -0.9497
vn 0.2586 -0.0000 -0.9660
vn 0.2065 -0.0000 -0.9785
vn 0.1574 -0.0000 -0.9875
vn 0.1113 -0.0000 -0.9938
vn 1.0000 -0.0000 0.0094
vn 0.9999 -0.0000 -0.0165
vn 0.9988 -0.0000 -0.0492
vn 0.9959 -0.0000 -0.0906
vn 0.9897 -0.0000 -0.1434
vn 0.9897 -0.0000 -0.1435
vn 0.9774 -0.0000 -0.2112
vn 0.9547 -0.0000 -0.2977
vn 0.9137 -0.0000 -0.4063
vn 0.8438 -0.0000 -0.5366
vn 0.7651 -0.0000 -0.6439
vn 0.7649 -0.0000 -0.6441
vn 0.6984 -0.0000 -0.7157
vn 0.6212 -0.0000 -0.7836
vn 0.5350 -0.0000 -0.8449
vn 0.4437 -0.0000 -0.8962
vn 0.3506 -0.0000 -0.9365
vn 0.2172 -0.0000 -0.9761
vn 0.0628 -0.0000 -0.9980
vn -0.0571 -0.0000 -0.9984
vn -0.1440 -0.0000 -0.9896
vn 0.2504 -0.0000 0.9681
vn 0.3023 -0.0000 0.9532
vn 0.3022 -0.0000 0.9533
vn 0.3632 -0.0000 0.9317
vn 0.4288 -0.0000 0.9034
vn 0.4287 -0.0000 0.9035
vn 0.4979 -0.0000 0.8672
vn 0.5692 -0.0000 0.8222
vn 0.6409 -0.0000 0.7677
vn 0.6409 -0.0000 0.7676
vn 0.7105 -0.0000 0.7037
vn 0.7758 -0.0000 0.6309
vn 0.7758 -0.0000 0.6310
vn 0.8344 -0.0000 0.5511
vn 0.8846 -0.0000 0.4663
vn 0.8846 -0.0000 0.4664
vn 0.9252 -0.0000 0.3794
vn 0.9253 -0.0000 0.3793
vn 0.9562 -0.0000 0.2926
vn 0.9917 -0.0000 0.1289
vn 0.9985 -0.0000 0.0548
vn 0.9966 -0.0000 -0.0822
vn 0.9967 -0.0000 -0.0816
vn 0.9967 -0.0000 -0.0809
vn 0.9967 -0.0000 -0.0811
vn 0.9968 -0.0000 -0.0799
vn 0.9968 -0.0000 -0.0800
vn 0.9969 -0.0000 -0.0786
vn 0.9971 -0.0000 -0.0756
vn 0.9973 -0.0000 -0.0736
vn 0.9974 -0.0000 -0.0715
vn 0.9974 -0.0000 -0.0714
vn 0.9987 -0.0000 -0.0505
vn 0.9991 -0.0000 -0.0422
vn 0.9995 -0.0000 -0.0304
vn 0.9995 -0.0000 -0.0303
vn 0.9999 -0.0000 -0.0126
vn 0.6728 -0.0000 -0.7398
vn 0.5995 -0.0000 -0.8004
vn 0.5247 -0.0000 -0.8513
vn 0.4508 -0.0000 -0.8926
vn 0.3794 -0.0000 -0.9252
vn 0.3118 -0.0000 -0.9501
vn 0.2207 -0.0000 -0.9753
vn 0.1142 -0.0000 -0.9935
vn 0.0447 -0.0000 -0.9990
vn 0.0047 -0.0000 -1.0000
vn -0.0317 -0.0000 -0.9995
vn -0.0644 -0.0000 -0.9979
vn -0.0940 -0.0000 -0.9956
vn -0.0941 -0.0000 -0.9956
vn -0.1185 -0.0000 -0.9930
vn 0.2274 -0.0000 -0.9738
vn 0.2206 -0.0000 -0.9754
vn 0.2168 -0.0000 -0.9762
vn 0.2166 -0.0000 -0.9763
vn 0.2209 -0.0000 -0.9753
vn 0.2305 -0.0000 -0.9731
vn 0.2464 -0.0000 -0.9692
vn 0.2696 -0.0000 -0.9630
vn 0.3007 -0.0000 -0.9537
vn 0.3403 -0.0000 -0.9403
vn 0.3402 -0.0000 -0.9403
vn 0.3879 -0.0000 -0.9217
vn 0.4428 -0.0000 -0.8966
vn 0.4427 -0.0000 -0.8967
vn 0.5026 -0.0000 -0.8645
vn 0.5648 -0.0000 -0.8252
vn 0.6259 -0.0000 -0.7799
vn 0.6830 -0.0000 -0.7304
vn 0.5231 -0.0000 -0.8523
vn 0.5677 -0.0000 -0.8233
vn 0.5676 -0.0000 -0.8233
vn 0.5621 -0.0000 -0.8270
vn 0.5621 -0.0000 -0.8271
vn 0.5079 -0.0000 -0.8614
vn 0.4510 -0.0000 -0.8925
vn 0.4107 -0.0000 -0.9118
vn 0.3724 -0.0000 -0.9281
vn 0.3376 -0.0000 -0.9413
vn 0.3375 -0.0000 -0.9413
vn 0.3068 -0.0000 -0.9518
vn 0.2800 -0.0000 -0.9600
vn 0.2570 -0.0000 -0.9664
vn 0.2374 -0.0000 -0.9714
vn -0.4774 -0.0000 -0.8787
vn -0.4773 -0.0000 -0.8788
vn -0.5934 -0.0000 -0.8049
vn -0.5933 -0.0000 -0.8050
vn -0.6882 -0.0000 -0.7255
vn -0.7507 -0.0000 -0.6606
vn -0.7505 -0.0000 -0.6608
vn -0.8105 -0.0000 -0.5858
vn -0.8644 -0.0000 -0.5028
vn -0.8646 -0.0000 -0.5025
vn -0.9104 -0.0000 -0.4137
vn -0.9466 -0.0000 -0.3226
vn -0.9812 -0.0000 -0.1932
vn -0.9812 -0.0000 -0.1929
vn -1.0000 -0.0000 -0.0065
vn -0.9993 -0.0000 0.0364
vn -0.9993 -0.0000 0.0369
vn -0.9962 -0.0000 -0.0866
vn -0.9733 -0.0000 -0.2294
vn -0.9726 -0.0000 -0.2323
vn -0.9435 -0.0000 -0.3314
vn -0.9414 -0.0000 -0.3374
vn -0.9115 -0.0000 -0.4114
vn -0.9088 -0.0000 -0.4173
vn -0.8051 -0.0000 -0.5932
vn -0.8014 -0.0000 -0.5982
vn -0.7206 -0.0000 -0.6933
vn -0.6271 -0.0000 -0.7790
vn -0.6309 -0.0000 -0.7759
vn -0.5196 -0.0000 -0.8544
vn -0.5162 -0.0000 -0.8565
vn -0.4085 -0.0000 -0.9127
vn -0.2931 -0.0000 -0.9561
vn -0.1930 -0.0000 -0.9812
vn -0.0569 -0.0000 -0.9984
vn -0.0568 -0.0000 -0.9984
vn 0.0841 -0.0000 -0.9965
vn 0.0839 -0.0000 -0.9965
vn 0.2284 -0.0000 -0.9736
vn 0.2286 -0.0000 -0.9735
vn 0.3725 -0.0000 -0.9281
vn 0.4456 -0.0000 -0.8952
vn 0.4715 -0.0000 -0.8819
vn 0.4716 -0.0000 -0.8818
vn 0.4795 -0.0000 -0.8776
vn 0.4797 -0.0000 -0.8775
vn 0.4796 -0.0000 -0.8775
vn -0.4773 -0.0000 -0.8787
vn -0.4775 -0.0000 -0.8786
vn 0.2013 -0.0000 -0.9795
vn 0.3327 -0.0000 -0.9430
vn 0.4500 -0.0000 -0.8930
vn 0.5465 -0.0000 -0.8375
vn 0.6450 -0.0000 -0.7642
vn 0.7045 -0.0000 -0.7097
vn 0.6792 -0.0000 -0.7340
vn 0.5869 -0.0000 -0.8097
vn 0.5869 -0.0000 -0.8096
vn 0.4671 -0.0000 -0.8842
vn 0.3415 -0.0000 -0.9399
vn 0.3414 -0.0000 -0.9399
vn 0.2404 -0.0000 -0.9707
vn 0.1293 -0.0000 -0.9916
vn 0.0136 -0.0000 -0.9999
vn -0.1008 -0.0000 -0.9949
vn -0.2084 -0.0000 -0.9780
vn -0.3056 -0.0000 -0.9522
vn -0.3057 -0.0000 -0.9521
vn -0.3901 -0.0000 -0.9208
vn -0.3902 -0.0000 -0.9207
vn 0.6026 -0.0000 -0.7980
vn 0.6026 -0.0000 -0.7981
vn 0.5698 -0.0000 -0.8218
vn 0.5010 -0.0000 -0.8655
vn 0.4056 -0.0000 -0.9140
vn 0.3086 -0.0000 -0.9512
vn 0.2307 -0.0000 -0.9730
vn 0.1772 -0.0000 -0.9842
vn 0.1506 -0.0000 -0.9886
vn 0.1379 -0.0000 -0.9904
vn 0.0750 -0.0000 -0.9972
vn 0.0381 -0.0000 -0.9993
vn 0.0001 -0.0000 -1.0000
vn -0.0375 -0.0000 -0.9993
vn -0.0846 -0.0000 -0.9964
vn -0.1115 -0.0000 -0.9938
vn -0.0456 -0.0000 -0.9990
vn 0.0883 -0.0000 -0.9961
vn 0.0882 -0.0000 -0.9961
vn 0.2115 -0.0000 -0.9774
vn 0.3377 -0.0000 -0.9412
vn 0.4473 -0.0000 -0.8944
vn 0.4472 -0.0000 -0.8944
vn 0.5642 -0.0000 -0.8256
vn 0.5643 -0.0000 -0.8256
vn 0.4974 -0.0000 -0.8675
vn 0.6338 -0.0000 -0.7735
vn 0.7153 -0.0000 -0.6988
vn 0.7153 -0.0000 -0.6989
vn 0.7293 -0.0000 -0.6842
vn 0.6948 -0.0000 -0.7192
vn 0.6077 -0.0000 -0.7942
vn 0.5011 -0.0000 -0.8654
vn 0.4052 -0.0000 -0.9142
vn 0.2914 -0.0000 -0.9566
vn 0.1640 -0.0000 -0.9865
vn -0.1556 -0.0000 -0.9878
vn -0.1555 -0.0000 -0.9878
vn -0.0072 -0.0000 -1.0000
vn 0.1480 -0.0000 -0.9890
vn 0.1479 -0.0000 -0.9890
vn 0.2978 -0.0000 -0.9546
vn 0.4308 -0.0000 -0.9025
vn 0.4311 -0.0000 -0.9023
vn 0.5420 -0.0000 -0.8404
vn 0.5416 -0.0000 -0.8406
vn 0.6296 -0.0000 -0.7769
vn 0.6292 -0.0000 -0.7772
vn 0.6962 -0.0000 -0.7178
vn 0.6966 -0.0000 -0.7175
vn 0.7660 -0.0000 -0.6428
vn 0.8212 -0.0000 -0.5706
vn 0.8541 -0.0000 -0.5202
vn 0.8482 -0.0000 -0.5297
vn 0.7886 -0.0000 -0.6149
vn 0.6960 -0.0000 -0.7181
vn 0.5998 -0.0000 -0.8001
vn 0.5997 -0.0000 -0.8002
vn 0.4730 -0.0000 -0.8811
vn 0.4731 -0.0000 -0.8810
vn 0.3198 -0.0000 -0.9475
vn 0.3197 -0.0000 -0.9475
vn 0.3199 -0.0000 -0.9474
vn 0.2928 -0.0000 -0.9562
vn 0.2929 -0.0000 -0.9561
vn 0.3997 -0.0000 -0.9167
vn 0.3999 -0.0000 -0.9166
vn 0.4981 -0.0000 -0.8671
vn 0.5854 -0.0000 -0.8108
vn 0.5849 -0.0000 -0.8111
vn 0.6911 -0.0000 -0.7227
vn 0.7920 -0.0000 -0.6105
vn 0.8768 -0.0000 -0.4808
vn 0.8768 -0.0000 -0.4809
vn 0.9246 -0.0000 -0.3809
vn 0.9314 -0.0000 -0.3639
vn 0.9314 -0.0000 -0.3641
vn 0.8948 -0.0000 -0.4465
vn 0.8210 -0.0000 -0.5709
vn 0.7646 -0.0000 -0.6445
vn 0.7643 -0.0000 -0.6449
vn 0.6825 -0.0000 -0.7309
vn 0.5666 -0.0000 -0.8240
vn 0.4546 -0.0000 -0.8907
vn 0.3674 -0.0000 -0.9301
vn 0.3680 -0.0000 -0.9298
vn 0.2728 -0.0000 -0.9621
vn 0.1733 -0.0000 -0.9849
vn 0.1736 -0.0000 -0.9848
vn 0.0714 -0.0000 -0.9974
vn 0.0716 -0.0000 -0.9974
vn -0.0291 -0.0000 -0.9996
vn -0.0290 -0.0000 -0.9996
vn -0.1241 -0.0000 -0.9923
vn -0.1243 -0.0000 -0.9922
vn -0.2129 -0.0000 -0.9771
vn -0.2133 -0.0000 -0.9770
vn 0.0715 -0.0000 -0.9974
vn 0.8213 -0.0000 -0.5705
vn 0.8947 -0.0000 -0.4467
vn 0.5851 -0.0000 -0.8109
vn 0.2723 -0.0000 -0.9622
vn 0.2732 -0.0000 -0.9619
vn 0.9246 -0.0000 -0.3810
vn 0.9247 -0.0000 -0.3808
vn 0.2926 -0.0000 -0.9562
vn 0.4096 -0.0000 -0.9123
vn 0.4159 -0.0000 -0.9094
vn 0.4160 -0.0000 -0.9094
vn 0.4250 -0.0000 -0.9052
vn 0.4251 -0.0000 -0.9052
vn 0.4356 -0.0000 -0.9001
vn 0.4405 -0.0000 -0.8977
vn 0.4406 -0.0000 -0.8977
vn 0.4303 -0.0000 -0.9027
vn 0.3863 -0.0000 -0.9224
vn 0.3864 -0.0000 -0.9223
vn 0.2778 -0.0000 -0.9606
vn 0.2777 -0.0000 -0.9607
vn 0.1456 -0.0000 -0.9893
vn 0.0468 -0.0000 -0.9989
vn 0.0469 -0.0000 -0.9989
vn 0.0497 -0.0000 -0.9988
vn 0.0499 -0.0000 -0.9988
vn 0.1545 -0.0000 -0.9880
vn 0.2694 -0.0000 -0.9630
vn 0.2709 -0.0000 -0.9626
vn 0.3842 -0.0000 -0.9233
vn 0.3821 -0.0000 -0.9241
vn 0.4968 -0.0000 -0.8679
vn 0.6000 -0.0000 -0.8000
vn 0.6894 -0.0000 -0.7244
vn 0.6923 -0.0000 -0.7216
vn 0.8278 -0.0000 -0.5610
vn 0.8755 -0.0000 -0.4832
vn 0.8733 -0.0000 -0.4872
vn 0.9251 -0.0000 -0.3797
vn 0.9649 -0.0000 -0.2625
vn 0.9854 -0.0000 -0.1702
vn 0.9976 -0.0000 -0.0695
vn 0.9998 -0.0000 0.0199
vn 0.9998 -0.0000 0.0206
vn 0.9955 -0.0000 0.0946
vn 0.9955 -0.0000 0.0949
vn 0.9897 -0.0000 0.1432
vn 0.9897 -0.0000 0.1433
vn 0.9935 -0.0000 0.1140
vn 1.0000 -0.0000 0.0013
vn 0.9890 -0.0000 -0.1481
vn 0.9564 -0.0000 -0.2921
vn 0.9565 -0.0000 -0.2919
vn 0.9070 -0.0000 -0.4212
vn 0.8569 -0.0000 -0.5155
vn 0.7907 -0.0000 -0.6122
vn 0.7909 -0.0000 -0.6119
vn 0.7087 -0.0000 -0.7055
vn 0.6131 -0.0000 -0.7900
vn 0.5077 -0.0000 -0.8615
vn 0.3990 -0.0000 -0.9169
vn 0.3991 -0.0000 -0.9169
vn 0.2919 -0.0000 -0.9565
vn 0.2920 -0.0000 -0.9564
vn 0.2919 -0.0000 -0.9564
vn 0.4097 -0.0000 -0.9122
vn -0.2943 -0.0000 -0.9557
vn -0.2437 -0.0000 -0.9699
vn -0.2437 -0.0000 -0.9698
vn -0.1652 -0.0000 -0.9863
vn -0.1653 -0.0000 -0.9863
vn -0.0598 -0.0000 -0.9982
vn 0.1850 -0.0000 -0.9827
vn 0.2908 -0.0000 -0.9568
vn 0.3725 -0.0000 -0.9280
vn 0.3726 -0.0000 -0.9280
vn 0.7722 -0.0000 -0.6354
vn 0.7566 -0.0000 -0.6539
vn 0.7567 -0.0000 -0.6538
vn 0.7157 -0.0000 -0.6984
vn 0.6448 -0.0000 -0.7643
vn 0.6448 -0.0000 -0.7644
vn 0.5726 -0.0000 -0.8198
vn 0.4768 -0.0000 -0.8790
vn 0.3589 -0.0000 -0.9334
vn 0.3590 -0.0000 -0.9333
vn 0.2270 -0.0000 -0.9739
vn 0.0949 -0.0000 -0.9955
vn -0.0237 -0.0000 -0.9997
vn -0.1211 -0.0000 -0.9926
vn -0.2241 -0.0000 -0.9746
vn -0.2997 -0.0000 -0.9540
vn 0.8630 -0.0000 -0.5052
vn 0.8251 -0.0000 -0.5649
vn 0.8252 -0.0000 -0.5649
vn 0.7814 -0.0000 -0.6240
vn 0.7333 -0.0000 -0.6799
vn 0.6606 -0.0000 -0.7508
vn 0.6606 -0.0000 -0.7507
vn 0.5776 -0.0000 -0.8163
vn 0.5459 -0.0000 -0.8379
vn 0.6238 -0.0000 -0.7816
vn 0.7233 -0.0000 -0.6905
vn 0.9879 -0.0000 -0.1552
vn 0.9878 -0.0000 -0.1558
vn 0.9869 -0.0000 -0.1615
vn 0.9868 -0.0000 -0.1617
vn 0.9856 -0.0000 -0.1688
vn 0.9842 -0.0000 -0.1769
vn 0.9842 -0.0000 -0.1770
vn 0.9825 -0.0000 -0.1861
vn 0.9806 -0.0000 -0.1962
vn 0.9782 -0.0000 -0.2077
vn 0.9782 -0.0000 -0.2076
vn 0.9754 -0.0000 -0.2206
vn 0.9698 -0.0000 -0.2440
vn 0.9589 -0.0000 -0.2837
vn 0.9407 -0.0000 -0.3393
vn 0.9179 -0.0000 -0.3967
vn 0.8944 -0.0000 -0.4472
vn 0.8704 -0.0000 -0.4924
vn 0.8540 -0.0000 -0.5203
vn 0.8421 -0.0000 -0.5393
vn 0.8421 -0.0000 -0.5394
vn 0.8331 -0.0000 -0.5531
vn 0.8276 -0.0000 -0.5613
vn 0.8245 -0.0000 -0.5659
vn 0.8216 -0.0000 -0.5700
vn 0.8192 -0.0000 -0.5736
vn 0.8191 -0.0000 -0.5736
vn 0.8168 -0.0000 -0.5769
vn 0.8147 -0.0000 -0.5798
vn 0.8129 -0.0000 -0.5825
vn 0.8130 -0.0000 -0.5823
vn 0.8113 -0.0000 -0.5846
vn 0.8110 -0.0000 -0.5850
vn -0.0000 1.0000 -0.0000
vn -0.0000 -1.0000 -0.0000
s 0
f 1//1 2//1 3//1
f 3//1 2//1 4//1
f 2//2 1//2 5//2
f 5//2 1//2 6//2
f 7//3 8//3 9//3
f 9//3 8//3 10//3
f 8//4 7//4 11//4
f 11//4 7//4 12//4
f 5//5 6//5 12//5
f 12//5 6//5 11//5
f 4//5 13//5 3//5
f 3//5 13//5 14//5
f 10//5 15//5 9//5
f 9//5 15//5 16//5
f 17//6 18//6 19//6
f 19//6 18//6 20//6
f 15//4 17//4 16//4
f 16//4 17//4 19//4
f 21//2 14//2 22//2
f 22//2 14//2 13//2
f 23//6 21//6 24//6
f 24//6 21//6 22//6
f 25//7 23//7 26//7
f 26//7 23//7 24//7
f 18//8 27//8 20//8
f 20//8 27//8 28//8
f 29//9 30//9 31//9
f 31//9 30//9 32//9
f 32//10 30//10 33//10
f 32//10 33//10 34//10
f 34//11 33//11 35//11
f 34//11 35//11 36//11
f 36//12 35//12 37//12
f 36//12 37//12 38//12
f 38//13 37//13 39//13
f 38//13 39//13 40//13
f 40//14 39//14 41//14
f 40//14 41//14 42//14
f 42//15 41//15 43//15
f 42//15 43//15 44//15
f 44//16 43//16 45//16
f 44//17 45//17 46//17
f 46//18 45//18 47//18
f 46//18 47//18 48//18
f 48//19 47//19 49//19
f 48//20 49//20 50//20
f 50//21 49//21 51//21
f 50//21 51//21 52//21
f 52//22 51//22 53//22
f 53//22 51//22 54//22
f 53//23 54//23 55//23
f 53//23 55//23 56//23
f 56//24 55//24 57//24
f 56//25 57//25 58//25
f 58//26 57//26 59//26
f 58//27 59//27 60//27
f 60//28 59//28 61//28
f 60//28 61//28 62//28
f 62//29 61//29 63//29
f 62//29 63//29 64//29
f 64//30 63//30 65//30
f 64//31 65//31 66//31
f 66//32 65//32 67//32
f 66//32 67//32 68//32
f 68//33 67//33 69//33
f 68//33 69//33 70//33
f 70//34 69//34 71//34
f 70//35 71//35 72//35
f 72//36 71//36 73//36
f 72//36 73//36 74//36
f 74//37 73//37 75//37
f 74//37 75//37 76//37
f 76//38 75//38 77//38
f 76//39 77//39 78//39
f 78//40 77//40 79//40
f 78//41 79//41 80//41
f 80//42 79//42 81//42
f 80//42 81//42 82//42
f 82//43 81//43 83//43
f 82//43 83//43 84//43
f 84//43 85//43 82//43
f 82//42 85//42 86//42
f 82//42 86//42 80//42
f 80//41 86//41 87//41
f 80//40 87//40 78//40
f 78//39 87//39 88//39
f 78//38 88//38 76//38
f 76//37 88//37 89//37
f 76//37 89//37 74//37
f 74//36 89//36 90//36
f 74//36 90//36 72//36
f 72//35 90//35 91//35
f 72//34 91//34 70//34
f 70//33 91//33 92//33
f 70//33 92//33 68//33
f 68//32 92//32 93//32
f 68//32 93//32 66//32
f 66//31 93//31 94//31
f 66//30 94//30 64//30
f 64//29 94//29 95//29
f 64//29 95//29 62//29
f 62//28 95//28 96//28
f 62//28 96//28 60//28
f 60//27 96//27 97//27
f 60//26 97//26 58//26
f 58//25 97//25 98//25
f 58//24 98//24 56//24
f 56//23 98//23 99//23
f 56//23 99//23 53//23
f 53//22 99//22 52//22
f 83//44 100//44 84//44
f 84//44 100//44 101//44
f 101//45 100//45 102//45
f 101//45 102//45 103//45
f 103//46 102//46 104//46
f 103//46 104//46 105//46
f 105//47 104//47 106//47
f 105//48 106//48 107//48
f 107//49 106//49 108//49
f 107//49 108//49 109//49
f 109//50 108//50 110//50
f 109//51 110//51 111//51
f 111//52 110//52 112//52
f 111//52 112//52 113//52
f 113//53 112//53 114//53
f 113//53 114//53 115//53
f 115//54 114//54 116//54
f 115//54 116//54 117//54
f 117//55 116//55 118//55
f 117//56 118//56 119//56
f 119//57 118//57 120//57
f 119//57 120//57 121//57
f 121//58 120//58 122//58
f 121//58 122//58 123//58
f 124//59 125//59 122//59
f 122//59 125//59 126//59
f 122//60 126//60 123//60
f 123//59 126//59 127//59
f 123//59 127//59 128//59
f 128//61 127//61 129//61
f 128//61 129//61 130//61
f 130//62 129//62 131//62
f 130//63 131//63 132//63
f 132//64 131//64 133//64
f 132//64 133//64 134//64
f 134//65 133//65 135//65
f 134//65 135//65 136//65
f 136//66 135//66 137//66
f 136//67 137//67 138//67
f 138//68 137//68 139//68
f 138//69 139//69 140//69
f 140//70 139//70 141//70
f 140//70 141//70 142//70
f 142//71 141//71 143//71
f 142//72 143//72 144//72
f 144//73 143//73 145//73
f 144//74 145//74 146//74
f 146//75 145//75 147//75
f 146//76 147//76 148//76
f 148//77 147//77 149//77
f 148//77 149//77 150//77
f 150//78 149//78 151//78
f 150//79 151//79 152//79
f 152//80 151//80 153//80
f 152//81 153//81 154//81
f 154//82 153//82 155//82
f 154//83 155//83 156//83
f 156//84 155//84 157//84
f 156//85 157//85 158//85
f 158//86 157//86 159//86
f 159//86 157//86 160//86
f 159//86 160//86 161//86
f 161//86 160//86 162//86
f 161//86 162//86 163//86
f 163//85 162//85 164//85
f 163//84 164//84 165//84
f 165//83 164//83 166//83
f 165//82 166//82 167//82
f 167//81 166//81 168//81
f 167//80 168//80 169//80
f 169//79 168//79 170//79
f 169//78 170//78 171//78
f 171//77 170//77 172//77
f 171//77 172//77 173//77
f 173//76 172//76 174//76
f 173//75 174//75 175//75
f 175//74 174//74 176//74
f 175//73 176//73 177//73
f 177//72 176//72 178//72
f 177//71 178//71 179//71
f 179//70 178//70 180//70
f 179//70 180//70 181//70
f 181//69 180//69 182//69
f 181//68 182//68 183//68
f 183//67 182//67 184//67
f 183//66 184//66 185//66
f 185//65 184//65 186//65
f 185//65 186//65 187//65
f 187//64 186//64 188//64
f 187//64 188//64 189//64
f 189//63 188//63 190//63
f 189//62 190//62 191//62
f 191//61 190//61 125//61
f 191//61 125//61 124//61
f 164//84 162//84 192//84
f 192//85 162//85 160//85
f 192//84 160//84 155//84
f 155//85 160//85 157//85
f 166//82 164//82 193//82
f 193//83 164//83 192//83
f 193//82 192//82 153//82
f 153//83 192//83 155//83
f 168//80 166//80 194//80
f 194//81 166//81 193//81
f 194//80 193//80 151//80
f 151//81 193//81 153//81
f 170//78 168//78 195//78
f 195//79 168//79 194//79
f 195//78 194//78 149//78
f 149//79 194//79 151//79
f 172//77 170//77 196//77
f 196//77 170//77 195//77
f 196//77 195//77 147//77
f 147//77 195//77 149//77
f 174//75 172//75 197//75
f 197//76 172//76 196//76
f 197//75 196//75 145//75
f 145//76 196//76 147//76
f 176//73 174//73 198//73
f 198//74 174//74 197//74
f 198//73 197//73 143//73
f 143//74 197//74 145//74
f 178//71 176//71 199//71
f 199//72 176//72 198//72
f 199//71 198//71 141//71
f 141//72 198//72 143//72
f 180//70 178//70 200//70
f 200//70 178//70 199//70
f 200//70 199//70 139//70
f 139//70 199//70 141//70
f 182//68 180//68 201//68
f 201//69 180//69 200//69
f 201//68 200//68 137//68
f 137//69 200//69 139//69
f 184//66 182//66 202//66
f 202//67 182//67 201//67
f 202//66 201//66 135//66
f 135//67 201//67 137//67
f 186//65 184//65 203//65
f 203//65 184//65 202//65
f 203//65 202//65 133//65
f 133//65 202//65 135//65
f 188//64 186//64 204//64
f 204//64 186//64 203//64
f 204//64 203//64 131//64
f 131//64 203//64 133//64
f 126//61 125//61 190//61
f 190//62 188//62 205//62
f 205//63 188//63 204//63
f 205//62 204//62 129//62
f 129//63 204//63 131//63
f 205//61 129//61 127//61
f 127//61 126//61 205//61
f 205//61 126//61 190//61
f 161//87 206//87 159//87
f 159//87 206//87 207//87
f 207//88 206//88 208//88
f 207//89 208//89 209//89
f 209//90 208//90 210//90
f 209//90 210//90 211//90
f 211//91 210//91 212//91
f 211//92 212//92 213//92
f 213//93 212//93 214//93
f 213//94 214//94 215//94
f 215//95 214//95 216//95
f 215//96 216//96 217//96
f 217//97 216//97 218//97
f 217//97 218//97 219//97
f 219//98 218//98 220//98
f 219//98 220//98 221//98
f 221//99 220//99 222//99
f 221//100 222//100 223//100
f 223//101 222//101 224//101
f 223//101 224//101 225//101
f 225//102 224//102 226//102
f 225//102 226//102 227//102
f 227//103 226//103 228//103
f 227//104 228//104 229//104
f 229//105 228//105 230//105
f 229//106 230//106 231//106
f 230//107 232//107 231//107
f 231//107 232//107 233//107
f 233//108 232//108 234//108
f 233//109 234//109 235//109
f 235//110 234//110 236//110
f 235//111 236//111 237//111
f 237//112 236//112 238//112
f 237//112 238//112 239//112
f 239//113 238//113 240//113
f 239//113 240//113 241//113
f 241//114 240//114 242//114
f 241//115 242//115 243//115
f 243//116 242//116 244//116
f 243//117 244//117 245//117
f 245//118 244//118 246//118
f 245//118 246//118 247//118
f 247//119 246//119 248//119
f 247//119 248//119 249//119
f 249//120 248//120 250//120
f 249//120 250//120 251//120
f 251//121 250//121 252//121
f 251//121 252//121 253//121
f 253//122 252//122 254//122
f 253//123 254//123 255//123
f 254//124 256//124 255//124
f 255//124 256//124 257//124
f 257//125 256//125 258//125
f 257//125 258//125 259//125
f 259//126 258//126 260//126
f 259//126 260//126 261//126
f 261//127 260//127 262//127
f 261//128 262//128 263//128
f 263//129 262//129 264//129
f 263//129 264//129 265//129
f 265//130 264//130 266//130
f 265//130 266//130 267//130
f 267//131 266//131 268//131
f 267//131 268//131 269//131
f 269//132 268//132 270//132
f 269//133 270//133 271//133
f 271//134 270//134 272//134
f 271//135 272//135 273//135
f 273//136 272//136 274//136
f 273//136 274//136 275//136
f 275//137 274//137 276//137
f 275//137 276//137 277//137
f 277//138 276//138 278//138
f 277//139 278//139 279//139
f 278//140 280//140 279//140
f 279//140 280//140 281//140
f 281//141 280//141 282//141
f 281//141 282//141 283//141
f 283//142 282//142 284//142
f 283//142 284//142 285//142
f 285//143 284//143 286//143
f 285//144 286//144 287//144
f 287//145 286//145 288//145
f 287//145 288//145 289//145
f 289//146 288//146 290//146
f 289//146 290//146 291//146
f 291//147 290//147 292//147
f 291//147 292//147 293//147
f 293//148 292//148 294//148
f 293//149 294//149 295//149
f 295//150 294//150 296//150
f 295//150 296//150 297//150
f 297//151 296//151 298//151
f 297//151 298//151 299//151
f 299//152 298//152 300//152
f 299//152 300//152 301//152
f 301//153 300//153 302//153
f 301//153 302//153 303//153
f 303//154 302//154 304//154
f 303//154 304//154 305//154
f 304//155 306//155 305//155
f 305//155 306//155 307//155
f 307//156 306//156 308//156
f 307//157 308//157 309//157
f 309//158 308//158 310//158
f 309//158 310//158 311//158
f 311//159 310//159 312//159
f 311//159 312//159 313//159
f 313//160 312//160 314//160
f 313//160 314//160 315//160
f 315//161 314//161 316//161
f 315//162 316//162 317//162
f 317//163 316//163 318//163
f 317//163 318//163 319//163
f 319//164 318//164 320//164
f 319//164 320//164 321//164
f 321//165 320//165 322//165
f 321//165 322//165 323//165
f 323//166 322//166 324//166
f 323//167 324//167 325//167
f 325//168 324//168 326//168
f 325//169 326//169 327//169
f 327//170 326//170 328//170
f 327//170 328//170 329//170
f 329//171 328//171 330//171
f 329//172 330//172 331//172
f 331//102 330//102 332//102
f 331//102 332//102 333//102
f 332//173 334//173 333//173
f 333//173 334//173 335//173
f 335//174 334//174 336//174
f 335//174 336//174 337//174
f 337//175 336//175 338//175
f 337//175 338//175 339//175
f 339//176 338//176 340//176
f 339//176 340//176 341//176
f 341//177 340//177 342//177
f 341//177 342//177 343//177
f 343//178 342//178 344//178
f 343//178 344//178 345//178
f 345//179 344//179 346//179
f 345//179 346//179 347//179
f 347//180 346//180 348//180
f 347//180 348//180 349//180
f 349//181 348//181 350//181
f 349//182 350//182 351//182
f 351//183 350//183 352//183
f 351//183 352//183 353//183
f 353//184 352//184 354//184
f 353//184 354//184 355//184
f 355//185 354//185 356//185
f 355//185 356//185 357//185
f 357//186 356//186 358//186
f 357//186 358//186 359//186
f 359//187 358//187 360//187
f 359//187 360//187 361//187
f 361//188 360//188 362//188
f 361//189 362//189 363//189
f 363//190 362//190 364//190
f 363//191 364//191 365//191
f 365//192 364//192 366//192
f 365//193 366//193 367//193
f 366//194 368//194 367//194
f 367//195 368//195 369//195
f 369//196 368//196 370//196
f 369//197 370//197 371//197
f 371//198 370//198 372//198
f 371//198 372//198 373//198
f 373//199 372//199 374//199
f 373//199 374//199 375//199
f 375//200 374//200 376//200
f 375//200 376//200 377//200
f 377//201 376//201 378//201
f 377//201 378//201 379//201
f 379//202 378//202 380//202
f 379//202 380//202 381//202
f 381//203 380//203 382//203
f 381//203 382//203 383//203
f 383//204 382//204 384//204
f 383//204 384//204 385//204
f 385//205 384//205 386//205
f 385//206 386//206 387//206
f 387//207 386//207 388//207
f 387//207 388//207 389//207
f 389//208 388//208 390//208
f 389//208 390//208 391//208
f 391//209 390//209 392//209
f 391//210 392//210 393//210
f 393//211 392//211 394//211
f 393//211 394//211 395//211
f 395//212 394//212 396//212
f 395//212 396//212 397//212
f 397//213 396//213 398//213
f 397//214 398//214 399//214
f 399//215 398//215 400//215
f 400//215 398//215 401//215
f 400//216 401//216 402//216
f 400//216 402//216 403//216
f 403//217 402//217 404//217
f 403//217 404//217 405//217
f 405//218 404//218 406//218
f 405//218 406//218 407//218
f 407//219 406//219 408//219
f 407//219 408//219 409//219
f 409//220 408//220 410//220
f 409//221 410//221 411//221
f 411//222 410//222 412//222
f 411//223 412//223 413//223
f 413//224 412//224 414//224
f 413//224 414//224 415//224
f 415//225 414//225 416//225
f 415//226 416//226 417//226
f 417//227 416//227 418//227
f 417//227 418//227 419//227
f 419//228 418//228 420//228
f 419//228 420//228 421//228
f 421//229 420//229 422//229
f 421//229 422//229 423//229
f 423//230 422//230 424//230
f 423//230 424//230 425//230
f 425//231 424//231 426//231
f 425//231 426//231 427//231
f 427//232 426//232 428//232
f 427//232 428//232 429//232
f 429//233 428//233 430//233
f 429//233 430//233 431//233
f 431//233 432//233 429//233
f 429//232 432//232 433//232
f 429//232 433//232 427//232
f 427//231 433//231 434//231
f 427//231 434//231 425//231
f 425//230 434//230 435//230
f 425//230 435//230 423//230
f 423//229 435//229 436//229
f 423//229 436//229 421//229
f 421//228 436//228 437//228
f 421//228 437//228 419//228
f 419//227 437//227 438//227
f 419//227 438//227 417//227
f 417//226 438//226 439//226
f 417//225 439//225 415//225
f 415//224 439//224 440//224
f 415//224 440//224 413//224
f 413//223 440//223 441//223
f 413//222 441//222 411//222
f 411//221 441//221 442//221
f 411//220 442//220 409//220
f 409//219 442//219 443//219
f 409//219 443//219 407//219
f 407//218 443//218 444//218
f 407//218 444//218 405//218
f 405//217 444//217 445//217
f 405//217 445//217 403//217
f 403//216 445//216 446//216
f 403//216 446//216 400//216
f 400//215 446//215 399//215
f 447//234 448//234 430//234
f 430//234 448//234 449//234
f 430//234 449//234 450//234
f 450//235 449//235 451//235
f 450//235 451//235 452//235
f 452//236 451//236 453//236
f 452//236 453//236 454//236
f 454//237 453//237 455//237
f 454//237 455//237 456//237
f 456//238 455//238 457//238
f 456//238 457//238 458//238
f 458//239 457//239 459//239
f 458//239 459//239 460//239
f 460//240 459//240 461//240
f 460//241 461//241 462//241
f 462//242 461//242 463//242
f 462//242 463//242 464//242
f 464//243 463//243 465//243
f 464//243 465//243 466//243
f 466//244 465//244 467//244
f 466//245 467//245 468//245
f 468//246 467//246 469//246
f 468//246 469//246 470//246
f 470//247 469//247 471//247
f 470//247 471//247 472//247
f 472//248 471//248 473//248
f 472//249 473//249 474//249
f 474//250 473//250 475//250
f 474//251 475//251 476//251
f 476//252 475//252 477//252
f 476//252 477//252 478//252
f 478//253 477//253 479//253
f 478//254 479//254 480//254
f 480//255 479//255 481//255
f 480//256 481//256 482//256
f 482//257 481//257 483//257
f 482//257 483//257 484//257
f 484//258 483//258 485//258
f 484//259 485//259 486//259
f 486//260 485//260 487//260
f 486//260 487//260 488//260
f 488//261 487//261 489//261
f 488//261 489//261 490//261
f 490//262 489//262 491//262
f 490//262 491//262 492//262
f 492//263 491//263 493//263
f 492//261 493//261 494//261
f 494//261 493//261 495//261
f 494//260 495//260 496//260
f 496//260 495//260 497//260
f 496//258 497//258 498//258
f 498//259 497//259 499//259
f 498//257 499//257 500//257
f 500//264 499//264 501//264
f 500//256 501//256 502//256
f 502//256 501//256 503//256
f 502//254 503//254 504//254
f 504//265 503//265 505//265
f 504//252 505//252 506//252
f 447//235 507//235 448//235
f 448//235 507//235 508//235
f 448//235 508//235 449//235
f 449//235 508//235 451//235
f 507//236 509//236 508//236
f 508//236 509//236 510//236
f 508//236 510//236 451//236
f 451//236 510//236 453//236
f 509//237 511//237 510//237
f 510//237 511//237 512//237
f 510//237 512//237 453//237
f 453//237 512//237 455//237
f 511//238 513//238 512//238
f 512//238 513//238 514//238
f 512//238 514//238 455//238
f 455//238 514//238 457//238
f 513//239 515//239 514//239
f 514//239 515//239 516//239
f 514//239 516//239 457//239
f 457//239 516//239 459//239
f 515//240 517//240 516//240
f 516//241 517//241 518//241
f 516//240 518//240 459//240
f 459//241 518//241 461//241
f 517//242 519//242 518//242
f 518//242 519//242 520//242
f 518//242 520//242 461//242
f 461//242 520//242 463//242
f 519//243 521//243 520//243
f 520//243 521//243 522//243
f 520//243 522//243 463//243
f 463//243 522//243 465//243
f 521//244 523//244 522//244
f 522//245 523//245 524//245
f 522//244 524//244 465//244
f 465//245 524//245 467//245
f 523//246 525//246 524//246
f 524//246 525//246 526//246
f 524//246 526//246 467//246
f 467//246 526//246 469//246
f 525//247 527//247 526//247
f 526//247 527//247 528//247
f 526//247 528//247 469//247
f 469//247 528//247 471//247
f 527//248 529//248 528//248
f 528//249 529//249 530//249
f 528//248 530//248 471//248
f 471//249 530//249 473//249
f 529//250 531//250 530//250
f 530//251 531//251 532//251
f 530//250 532//250 473//250
f 473//251 532//251 475//251
f 531//252 533//252 532//252
f 532//252 533//252 534//252
f 532//252 534//252 475//252
f 475//252 534//252 477//252
f 533//253 535//253 534//253
f 534//254 535//254 536//254
f 534//253 536//253 477//253
f 477//254 536//254 479//254
f 535//255 537//255 536//255
f 536//256 537//256 538//256
f 536//255 538//255 479//255
f 479//256 538//256 481//256
f 537//257 539//257 538//257
f 538//257 539//257 540//257
f 538//257 540//257 481//257
f 481//257 540//257 483//257
f 539//258 541//258 540//258
f 540//259 541//259 542//259
f 540//258 542//258 483//258
f 483//259 542//259 485//259
f 541//260 543//260 542//260
f 542//260 543//260 544//260
f 542//260 544//260 485//260
f 485//260 544//260 487//260
f 543//261 545//261 544//261
f 544//261 545//261 546//261
f 544//261 546//261 487//261
f 487//261 546//261 489//261
f 545//266 491//266 546//266
f 546//262 491//262 489//262
f 491//267 547//267 493//267
f 493//268 547//268 548//268
f 493//261 548//261 495//261
f 495//261 548//261 549//261
f 495//260 549//260 497//260
f 497//260 549//260 550//260
f 497//258 550//258 499//258
f 499//259 550//259 551//259
f 499//257 551//257 501//257
f 501//264 551//264 552//264
f 501//256 552//256 503//256
f 503//256 552//256 553//256
f 503//254 553//254 505//254
f 554//266 555//266 547//266
f 547//262 555//262 556//262
f 547//262 556//262 557//262
f 557//261 556//261 558//261
f 557//261 558//261 559//261
f 559//260 558//260 560//260
f 559//260 560//260 550//260
f 550//258 560//258 551//258
f 554//261 561//261 555//261
f 555//261 561//261 562//261
f 555//261 562//261 556//261
f 556//261 562//261 558//261
f 561//260 563//260 562//260
f 562//260 563//260 564//260
f 562//260 564//260 558//260
f 558//260 564//260 560//260
f 563//258 565//258 564//258
f 564//259 565//259 566//259
f 564//258 566//258 560//258
f 560//259 566//259 551//259
f 565//257 567//257 566//257
f 566//264 567//264 552//264
f 566//257 552//257 551//257
f 567//256 553//256 552//256
f 504//269 506//269 568//269
f 568//251 506//251 569//251
f 568//251 569//251 570//251
f 570//248 569//248 571//248
f 570//248 571//248 572//248
f 572//247 571//247 573//247
f 572//247 573//247 574//247
f 574//246 573//246 575//246
f 574//246 575//246 576//246
f 576//244 575//244 577//244
f 576//245 577//245 578//245
f 578//243 577//243 579//243
f 578//243 579//243 580//243
f 580//270 579//270 581//270
f 580//242 581//242 582//242
f 582//240 581//240 583//240
f 582//240 583//240 584//240
f 584//239 583//239 585//239
f 584//239 585//239 586//239
f 586//238 585//238 587//238
f 586//238 587//238 588//238
f 588//271 587//271 589//271
f 588//237 589//237 590//237
f 590//236 589//236 591//236
f 590//236 591//236 592//236
f 592//235 591//235 593//235
f 592//235 593//235 594//235
f 594//234 593//234 431//234
f 594//234 431//234 595//234
f 595//234 431//234 596//234
f 595//235 596//235 597//235
f 597//235 596//235 598//235
f 597//236 598//236 599//236
f 599//236 598//236 600//236
f 599//237 600//237 601//237
f 601//237 600//237 602//237
f 601//238 602//238 603//238
f 603//238 602//238 604//238
f 603//239 604//239 605//239
f 605//239 604//239 460//239
f 605//240 460//240 462//240
f 430//234 606//234 431//234
f 431//272 606//272 607//272
f 431//234 607//234 596//234
f 596//235 607//235 598//235
f 430//272 608//272 609//272
f 609//235 608//235 610//235
f 609//235 610//235 611//235
f 611//236 610//236 612//236
f 611//236 612//236 613//236
f 613//237 612//237 614//237
f 613//237 614//237 602//237
f 602//238 614//238 604//238
f 430//234 609//234 606//234
f 606//235 609//235 611//235
f 606//235 611//235 615//235
f 615//236 611//236 613//236
f 615//236 613//236 600//236
f 600//237 613//237 602//237
f 549//261 548//261 616//261
f 616//262 548//262 547//262
f 616//273 547//273 557//273
f 608//234 430//234 450//234
f 592//235 594//235 617//235
f 617//235 594//235 595//235
f 617//235 595//235 597//235
f 590//236 592//236 618//236
f 618//236 592//236 617//236
f 618//236 617//236 619//236
f 619//236 617//236 597//236
f 619//236 597//236 599//236
f 588//271 590//271 620//271
f 620//237 590//237 618//237
f 620//271 618//271 621//271
f 621//237 618//237 619//237
f 621//271 619//271 622//271
f 622//237 619//237 599//237
f 622//271 599//271 601//271
f 586//238 588//238 623//238
f 623//238 588//238 620//238
f 623//238 620//238 624//238
f 624//238 620//238 621//238
f 624//238 621//238 625//238
f 625//238 621//238 622//238
f 625//238 622//238 626//238
f 626//238 622//238 601//238
f 626//238 601//238 603//238
f 584//239 586//239 627//239
f 627//239 586//239 623//239
f 627//239 623//239 628//239
f 628//239 623//239 624//239
f 628//239 624//239 629//239
f 629//239 624//239 625//239
f 629//239 625//239 630//239
f 630//239 625//239 626//239
f 630//239 626//239 631//239
f 631//239 626//239 603//239
f 631//239 603//239 605//239
f 582//240 584//240 632//240
f 632//240 584//240 627//240
f 632//240 627//240 633//240
f 633//240 627//240 628//240
f 633//240 628//240 634//240
f 634//240 628//240 629//240
f 634//240 629//240 635//240
f 635//240 629//240 630//240
f 635//241 630//241 636//241
f 636//240 630//240 631//240
f 636//241 631//241 637//241
f 637//240 631//240 605//240
f 637//274 605//274 462//274
f 580//275 582//275 638//275
f 638//242 582//242 632//242
f 638//275 632//275 639//275
f 639//242 632//242 633//242
f 639//275 633//275 640//275
f 640//242 633//242 634//242
f 640//270 634//270 641//270
f 641//242 634//242 635//242
f 641//242 635//242 642//242
f 642//242 635//242 636//242
f 642//242 636//242 643//242
f 643//242 636//242 637//242
f 643//242 637//242 464//242
f 464//242 637//242 462//242
f 578//243 580//243 644//243
f 644//243 580//243 638//243
f 644//243 638//243 645//243
f 645//243 638//243 639//243
f 645//243 639//243 646//243
f 646//243 639//243 640//243
f 646//243 640//243 647//243
f 647//243 640//243 641//243
f 647//243 641//243 648//243
f 648//243 641//243 642//243
f 648//243 642//243 649//243
f 649//243 642//243 643//243
f 649//243 643//243 466//243
f 466//243 643//243 464//243
f 576//244 578//244 650//244
f 650//245 578//245 644//245
f 650//244 644//244 651//244
f 651//245 644//245 645//245
f 651//244 645//244 652//244
f 652//245 645//245 646//245
f 652//244 646//244 653//244
f 653//245 646//245 647//245
f 653//245 647//245 654//245
f 654//244 647//244 648//244
f 654//245 648//245 655//245
f 655//244 648//244 649//244
f 655//245 649//245 468//245
f 468//244 649//244 466//244
f 574//246 576//246 656//246
f 656//246 576//246 650//246
f 656//246 650//246 657//246
f 657//246 650//246 651//246
f 657//246 651//246 658//246
f 658//246 651//246 652//246
f 658//246 652//246 659//246
f 659//246 652//246 653//246
f 659//246 653//246 660//246
f 660//246 653//246 654//246
f 660//246 654//246 661//246
f 661//246 654//246 655//246
f 661//246 655//246 470//246
f 470//246 655//246 468//246
f 572//247 574//247 662//247
f 662//247 574//247 656//247
f 662//247 656//247 663//247
f 663//247 656//247 657//247
f 663//247 657//247 664//247
f 664//247 657//247 658//247
f 664//247 658//247 665//247
f 665//247 658//247 659//247
f 665//247 659//247 666//247
f 666//247 659//247 660//247
f 666//247 660//247 667//247
f 667//247 660//247 661//247
f 667//247 661//247 472//247
f 472//247 661//247 470//247
f 570//248 572//248 668//248
f 668//248 572//248 662//248
f 668//248 662//248 669//248
f 669//248 662//248 663//248
f 669//248 663//248 670//248
f 670//248 663//248 664//248
f 670//248 664//248 671//248
f 671//248 664//248 665//248
f 671//249 665//249 672//249
f 672//248 665//248 666//248
f 672//249 666//249 673//249
f 673//248 666//248 667//248
f 673//249 667//249 474//249
f 474//248 667//248 472//248
f 568//251 570//251 674//251
f 674//251 570//251 668//251
f 674//251 668//251 675//251
f 675//251 668//251 669//251
f 675//251 669//251 676//251
f 676//251 669//251 670//251
f 676//251 670//251 677//251
f 677//251 670//251 671//251
f 677//251 671//251 678//251
f 678//250 671//250 672//250
f 678//251 672//251 679//251
f 679//250 672//250 673//250
f 679//251 673//251 476//251
f 476//250 673//250 474//250
f 504//252 568//252 680//252
f 680//269 568//269 674//269
f 680//252 674//252 681//252
f 681//269 674//269 675//269
f 681//252 675//252 682//252
f 682//269 675//269 676//269
f 682//252 676//252 683//252
f 683//269 676//269 677//269
f 683//252 677//252 684//252
f 684//252 677//252 678//252
f 684//252 678//252 685//252
f 685//252 678//252 679//252
f 685//252 679//252 478//252
f 478//252 679//252 476//252
f 488//261 490//261 686//261
f 686//261 490//261 492//261
f 686//261 492//261 494//261
f 486//260 488//260 687//260
f 687//260 488//260 686//260
f 687//260 686//260 688//260
f 688//260 686//260 494//260
f 688//260 494//260 496//260
f 484//258 486//258 689//258
f 689//259 486//259 687//259
f 689//258 687//258 690//258
f 690//259 687//259 688//259
f 690//258 688//258 691//258
f 691//259 688//259 496//259
f 691//259 496//259 498//259
f 482//257 484//257 692//257
f 692//257 484//257 689//257
f 692//257 689//257 693//257
f 693//257 689//257 690//257
f 693//257 690//257 694//257
f 694//257 690//257 691//257
f 694//264 691//264 695//264
f 695//257 691//257 498//257
f 695//264 498//264 500//264
f 685//253 478//253 480//253
f 480//255 482//255 696//255
f 696//256 482//256 692//256
f 696//255 692//255 697//255
f 697//256 692//256 693//256
f 697//255 693//255 698//255
f 698//256 693//256 694//256
f 698//256 694//256 699//256
f 699//256 694//256 695//256
f 699//256 695//256 700//256
f 700//256 695//256 500//256
f 700//256 500//256 502//256
f 460//239 604//239 458//239
f 458//238 604//238 614//238
f 458//238 614//238 456//238
f 456//237 614//237 612//237
f 456//237 612//237 454//237
f 454//236 612//236 610//236
f 454//236 610//236 452//236
f 452//235 610//235 608//235
f 452//235 608//235 450//235
f 684//253 685//253 696//253
f 696//254 685//254 480//254
f 684//254 696//254 697//254
f 683//253 684//253 697//253
f 683//254 697//254 698//254
f 682//265 683//265 698//265
f 682//254 698//254 699//254
f 607//235 606//235 615//235
f 607//235 615//235 598//235
f 598//236 615//236 600//236
f 557//261 559//261 616//261
f 616//261 559//261 549//261
f 559//260 550//260 549//260
f 681//265 682//265 699//265
f 681//254 699//254 700//254
f 680//265 681//265 700//265
f 680//254 700//254 502//254
f 504//265 680//265 502//265
f 491//276 701//276 547//276
f 547//276 701//276 702//276
f 702//277 701//277 703//277
f 702//277 703//277 704//277
f 704//278 703//278 705//278
f 704//279 705//279 706//279
f 706//280 705//280 707//280
f 706//280 707//280 708//280
f 708//281 707//281 709//281
f 708//281 709//281 710//281
f 710//282 709//282 711//282
f 710//283 711//283 712//283
f 712//284 711//284 713//284
f 712//285 713//285 714//285
f 714//286 713//286 715//286
f 714//287 715//287 716//287
f 716//288 715//288 717//288
f 716//288 717//288 718//288
f 718//289 717//289 719//289
f 718//289 719//289 720//289
f 720//290 719//290 721//290
f 720//291 721//291 722//291
f 722//292 721//292 723//292
f 722//292 723//292 724//292
f 724//293 723//293 725//293
f 724//294 725//294 726//294
f 726//295 725//295 727//295
f 726//295 727//295 728//295
f 728//296 727//296 729//296
f 728//296 729//296 730//296
f 730//297 729//297 731//297
f 730//297 731//297 732//297
f 732//298 731//298 733//298
f 732//298 733//298 734//298
f 734//299 733//299 735//299
f 734//299 735//299 736//299
f 736//300 735//300 737//300
f 736//301 737//301 738//301
f 738//302 737//302 739//302
f 738//302 739//302 740//302
f 740//303 739//303 741//303
f 740//303 741//303 742//303
f 741//304 743//304 742//304
f 742//304 743//304 744//304
f 744//305 743//305 745//305
f 744//305 745//305 746//305
f 746//306 745//306 747//306
f 746//306 747//306 748//306
f 748//307 747//307 749//307
f 748//307 749//307 750//307
f 750//308 749//308 751//308
f 750//308 751//308 752//308
f 752//309 751//309 753//309
f 752//309 753//309 754//309
f 754//310 753//310 755//310
f 754//310 755//310 756//310
f 756//311 755//311 757//311
f 756//311 757//311 758//311
f 757//312 759//312 758//312
f 758//312 759//312 760//312
f 760//313 759//313 761//313
f 760//314 761//314 762//314
f 762//315 761//315 763//315
f 762//315 763//315 764//315
f 764//316 763//316 765//316
f 764//317 765//317 766//317
f 766//318 765//318 767//318
f 766//319 767//319 768//319
f 768//320 767//320 769//320
f 768//320 769//320 770//320
f 770//321 769//321 771//321
f 770//322 771//322 772//322
f 772//323 771//323 773//323
f 772//323 773//323 774//323
f 774//324 773//324 775//324
f 774//324 775//324 776//324
f 776//325 775//325 777//325
f 776//326 777//326 778//326
f 778//327 777//327 779//327
f 778//328 779//328 780//328
f 780//329 779//329 781//329
f 780//329 781//329 782//329
f 782//330 781//330 29//330
f 782//330 29//330 31//330
f 783//331 784//331 785//331
f 785//331 784//331 786//331
f 786//332 784//332 787//332
f 786//332 787//332 788//332
f 788//333 787//333 789//333
f 788//333 789//333 790//333
f 790//334 789//334 791//334
f 790//334 791//334 792//334
f 792//335 791//335 793//335
f 792//335 793//335 794//335
f 794//336 793//336 795//336
f 794//336 795//336 796//336
f 796//337 795//337 797//337
f 796//337 797//337 798//337
f 798//111 797//111 799//111
f 798//111 799//111 800//111
f 800//338 799//338 801//338
f 800//338 801//338 802//338
f 802//339 801//339 803//339
f 802//339 803//339 804//339
f 804//340 803//340 805//340
f 804//340 805//340 806//340
f 806//341 805//341 807//341
f 806//342 807//342 808//342
f 809//343 810//343 811//343
f 811//343 810//343 812//343
f 812//344 810//344 813//344
f 812//345 813//345 814//345
f 814//346 813//346 815//346
f 814//347 815//347 816//347
f 816//348 815//348 817//348
f 816//348 817//348 818//348
f 818//349 817//349 819//349
f 818//349 819//349 820//349
f 820//350 819//350 821//350
f 820//350 821//350 822//350
f 822//351 821//351 823//351
f 822//351 823//351 824//351
f 824//352 823//352 825//352
f 824//352 825//352 826//352
f 826//353 825//353 827//353
f 826//353 827//353 828//353
f 828//354 827//354 783//354
f 828//354 783//354 785//354
f 829//355 830//355 831//355
f 831//355 830//355 832//355
f 832//356 830//356 833//356
f 832//356 833//356 834//356
f 834//357 833//357 835//357
f 834//357 835//357 836//357
f 836//358 835//358 837//358
f 836//358 837//358 838//358
f 838//359 837//359 839//359
f 838//359 839//359 840//359
f 840//360 839//360 841//360
f 840//360 841//360 842//360
f 842//361 841//361 843//361
f 842//361 843//361 844//361
f 844//362 843//362 809//362
f 844//362 809//362 811//362
f 845//363 846//363 847//363
f 847//364 846//364 848//364
f 848//365 846//365 849//365
f 848//366 849//366 850//366
f 850//367 849//367 851//367
f 850//367 851//367 852//367
f 852//368 851//368 853//368
f 852//368 853//368 854//368
f 854//369 853//369 855//369
f 854//370 855//370 856//370
f 856//371 855//371 857//371
f 856//372 857//372 858//372
f 858//373 857//373 859//373
f 858//373 859//373 860//373
f 860//374 859//374 861//374
f 860//374 861//374 862//374
f 862//375 861//375 863//375
f 862//376 863//376 864//376
f 864//377 863//377 865//377
f 864//377 865//377 866//377
f 866//378 865//378 867//378
f 866//378 867//378 868//378
f 868//379 867//379 869//379
f 868//379 869//379 870//379
f 870//380 869//380 871//380
f 870//380 871//380 872//380
f 872//381 871//381 829//381
f 872//381 829//381 831//381
f 873//382 874//382 875//382
f 875//382 874//382 876//382
f 876//383 874//383 877//383
f 876//383 877//383 878//383
f 878//384 877//384 879//384
f 878//384 879//384 880//384
f 880//385 879//385 881//385
f 880//385 881//385 882//385
f 882//386 881//386 883//386
f 882//386 883//386 884//386
f 884//387 883//387 885//387
f 884//387 885//387 886//387
f 886//388 885//388 887//388
f 886//389 887//389 888//389
f 888//390 887//390 845//390
f 888//391 845//391 847//391
f 889//392 890//392 891//392
f 891//392 890//392 892//392
f 892//393 890//393 893//393
f 892//394 893//394 894//394
f 894//395 893//395 895//395
f 894//396 895//396 896//396
f 896//397 895//397 897//397
f 896//397 897//397 898//397
f 898//398 897//398 899//398
f 898//398 899//398 900//398
f 900//399 899//399 901//399
f 900//400 901//400 902//400
f 902//401 901//401 903//401
f 902//402 903//402 904//402
f 904//403 903//403 905//403
f 904//404 905//404 906//404
f 906//405 905//405 907//405
f 906//405 907//405 908//405
f 908//406 907//406 909//406
f 908//406 909//406 910//406
f 910//407 909//407 911//407
f 910//407 911//407 912//407
f 912//408 911//408 913//408
f 912//408 913//408 914//408
f 914//409 913//409 915//409
f 914//409 915//409 916//409
f 916//410 915//410 917//410
f 916//411 917//411 918//411
f 918//412 917//412 919//412
f 918//412 919//412 920//412
f 920//413 919//413 921//413
f 920//413 921//413 922//413
f 922//414 921//414 923//414
f 922//414 923//414 924//414
f 924//415 923//415 925//415
f 924//415 925//415 926//415
f 926//416 925//416 927//416
f 926//416 927//416 928//416
f 928//417 927//417 929//417
f 928//418 929//418 930//418
f 930//419 929//419 931//419
f 930//419 931//419 932//419
f 932//420 931//420 873//420
f 932//421 873//421 875//421
f 933//422 934//422 935//422
f 935//422 934//422 936//422
f 936//423 934//423 937//423
f 936//423 937//423 938//423
f 938//424 937//424 939//424
f 938//424 939//424 940//424
f 940//425 939//425 941//425
f 940//425 941//425 942//425
f 942//426 941//426 943//426
f 942//426 943//426 944//426
f 944//427 943//427 945//427
f 944//427 945//427 946//427
f 946//428 945//428 947//428
f 946//428 947//428 948//428
f 948//429 947//429 949//429
f 948//429 949//429 950//429
f 950//430 949//430 889//430
f 950//430 889//430 891//430
f 951//431 952//431 953//431
f 953//431 952//431 954//431
f 954//432 952//432 955//432
f 954//432 955//432 956//432
f 956//433 955//433 957//433
f 956//433 957//433 958//433
f 958//434 957//434 959//434
f 958//434 959//434 960//434
f 960//435 959//435 961//435
f 960//435 961//435 962//435
f 962//436 961//436 963//436
f 962//436 963//436 964//436
f 964//437 963//437 933//437
f 964//437 933//437 935//437
f 965//438 966//438 967//438
f 967//438 966//438 968//438
f 968//439 966//439 969//439
f 968//439 969//439 970//439
f 970//440 969//440 971//440
f 970//440 971//440 972//440
f 972//441 971//441 973//441
f 972//441 973//441 974//441
f 974//442 973//442 975//442
f 974//442 975//442 976//442
f 976//443 975//443 977//443
f 976//443 977//443 978//443
f 978//444 977//444 979//444
f 978//444 979//444 980//444
f 980//445 979//445 981//445
f 980//445 981//445 982//445
f 982//446 981//446 983//446
f 982//446 983//446 984//446
f 984//447 983//447 985//447
f 984//447 985//447 986//447
f 986//448 985//448 951//448
f 986//449 951//449 953//449
f 987//450 988//450 989//450
f 989//451 988//451 990//451
f 989//452 990//452 991//452
f 989//453 991//453 992//453
f 992//454 991//454 993//454
f 992//455 993//455 994//455
f 994//456 993//456 995//456
f 994//456 995//456 996//456
f 996//457 995//457 997//457
f 996//457 997//457 998//457
f 998//458 997//458 999//458
f 998//458 999//458 1000//458
f 1000//459 999//459 1001//459
f 1000//460 1001//460 1002//460
f 1002//461 1001//461 1003//461
f 1002//462 1003//462 1004//462
f 1004//463 1003//463 1005//463
f 1004//464 1005//464 1006//464
f 1006//465 1005//465 1007//465
f 1006//465 1007//465 1008//465
f 1008//466 1007//466 1009//466
f 1008//466 1009//466 1010//466
f 1010//467 1009//467 1011//467
f 1010//467 1011//467 1012//467
f 1012//468 1011//468 1013//468
f 1012//468 1013//468 1014//468
f 1014//469 1013//469 1015//469
f 1014//469 1015//469 1016//469
f 1016//470 1015//470 1017//470
f 1016//470 1017//470 1018//470
f 1018//471 1017//471 965//471
f 1018//471 965//471 967//471
f 967//471 1019//471 1018//471
f 1018//470 1019//470 1020//470
f 1018//470 1020//470 1016//470
f 1016//469 1020//469 1021//469
f 1016//469 1021//469 1014//469
f 1014//468 1021//468 1022//468
f 1014//468 1022//468 1012//468
f 1012//467 1022//467 1023//467
f 1012//467 1023//467 1010//467
f 1010//466 1023//466 1024//466
f 1010//466 1024//466 1008//466
f 1008//465 1024//465 1025//465
f 1008//465 1025//465 1006//465
f 1006//464 1025//464 1026//464
f 1006//463 1026//463 1004//463
f 1004//462 1026//462 1027//462
f 1004//461 1027//461 1002//461
f 1002//460 1027//460 1028//460
f 1002//459 1028//459 1000//459
f 1000//458 1028//458 1029//458
f 1000//458 1029//458 998//458
f 998//457 1029//457 1030//457
f 998//457 1030//457 996//457
f 996//456 1030//456 1031//456
f 996//456 1031//456 994//456
f 994//455 1031//455 1032//455
f 994//454 1032//454 992//454
f 992//453 1032//453 1033//453
f 992//452 1033//452 989//452
f 989//451 1033//451 987//451
f 1034//472 1035//472 1036//472
f 1036//472 1035//472 1037//472
f 1036//473 1037//473 1038//473
f 1038//472 1037//472 1039//472
f 1039//474 1037//474 1040//474
f 1039//475 1040//475 1041//475
f 1041//476 1040//476 1042//476
f 1041//476 1042//476 1043//476
f 1043//477 1042//477 1044//477
f 1043//478 1044//478 1045//478
f 1045//479 1044//479 1046//479
f 1045//479 1046//479 1047//479
f 1047//480 1046//480 1048//480
f 1047//480 1048//480 1049//480
f 1049//481 1048//481 1050//481
f 1049//481 1050//481 1051//481
f 1051//482 1050//482 1052//482
f 1051//482 1052//482 1053//482
f 1053//483 1052//483 1054//483
f 1053//483 1054//483 1055//483
f 1055//484 1054//484 1056//484
f 1055//484 1056//484 1057//484
f 1057//485 1056//485 1058//485
f 1057//486 1058//486 1059//486
f 1059//487 1058//487 1060//487
f 1059//487 1060//487 1061//487
f 1061//488 1060//488 1062//488
f 1061//488 1062//488 1063//488
f 1063//489 1062//489 1064//489
f 1063//490 1064//490 1065//490
f 1065//491 1064//491 1066//491
f 1065//491 1066//491 1067//491
f 1067//492 1066//492 1068//492
f 1067//493 1068//493 1069//493
f 1069//494 1068//494 1070//494
f 1069//495 1070//495 1071//495
f 1071//496 1070//496 987//496
f 987//497 1070//497 1072//497
f 987//498 1072//498 988//498
f 988//496 1072//496 1073//496
f 1073//495 1072//495 1074//495
f 1073//494 1074//494 1075//494
f 1075//493 1074//493 1076//493
f 1075//492 1076//492 1077//492
f 1077//491 1076//491 1078//491
f 1077//491 1078//491 1079//491
f 1079//490 1078//490 1080//490
f 1079//489 1080//489 1081//489
f 1081//488 1080//488 1082//488
f 1081//488 1082//488 1083//488
f 1083//487 1082//487 1084//487
f 1083//487 1084//487 1085//487
f 1085//486 1084//486 1086//486
f 1085//485 1086//485 1087//485
f 1087//484 1086//484 1088//484
f 1087//484 1088//484 1089//484
f 1089//483 1088//483 1090//483
f 1089//483 1090//483 1091//483
f 1091//482 1090//482 1092//482
f 1091//482 1092//482 1093//482
f 1093//481 1092//481 1094//481
f 1093//481 1094//481 1095//481
f 1095//480 1094//480 1096//480
f 1095//480 1096//480 1097//480
f 1097//479 1096//479 1098//479
f 1097//479 1098//479 1099//479
f 1099//478 1098//478 1100//478
f 1099//477 1100//477 1101//477
f 1101//476 1100//476 1102//476
f 1101//476 1102//476 1103//476
f 1103//475 1102//475 1035//475
f 1103//474 1035//474 1034//474
f 1070//495 1068//495 1072//495
f 1072//494 1068//494 1074//494
f 1068//493 1066//493 1074//493
f 1074//492 1066//492 1076//492
f 1066//491 1064//491 1076//491
f 1076//491 1064//491 1078//491
f 1064//490 1062//490 1078//490
f 1078//489 1062//489 1080//489
f 1062//488 1060//488 1080//488
f 1080//488 1060//488 1082//488
f 1060//487 1058//487 1082//487
f 1082//487 1058//487 1084//487
f 1058//486 1056//486 1084//486
f 1084//485 1056//485 1086//485
f 1056//484 1054//484 1086//484
f 1086//484 1054//484 1088//484
f 1054//483 1052//483 1088//483
f 1088//483 1052//483 1090//483
f 1052//482 1050//482 1090//482
f 1090//482 1050//482 1092//482
f 1050//481 1048//481 1092//481
f 1092//481 1048//481 1094//481
f 1048//480 1046//480 1094//480
f 1094//480 1046//480 1096//480
f 1046//479 1044//479 1096//479
f 1096//479 1044//479 1098//479
f 1044//478 1042//478 1098//478
f 1098//477 1042//477 1100//477
f 1037//474 1035//474 1102//474
f 1042//476 1040//476 1100//476
f 1100//476 1040//476 1102//476
f 1040//475 1037//475 1102//475
f 1104//499 1105//499 1106//499
f 1106//499 1105//499 1107//499
f 1107//500 1105//500 1108//500
f 1107//500 1108//500 1109//500
f 1109//501 1108//501 1110//501
f 1109//501 1110//501 1111//501
f 1111//502 1110//502 1112//502
f 1111//502 1112//502 1113//502
f 1113//503 1112//503 1114//503
f 1113//503 1114//503 1115//503
f 1115//504 1114//504 1116//504
f 1115//504 1116//504 1117//504
f 1117//505 1116//505 1118//505
f 1117//506 1118//506 1119//506
f 1119//507 1118//507 1120//507
f 1119//507 1120//507 1121//507
f 1121//508 1120//508 1122//508
f 1121//508 1122//508 1123//508
f 1123//509 1122//509 1124//509
f 1123//509 1124//509 1125//509
f 1125//510 1124//510 1126//510
f 1125//510 1126//510 1127//510
f 1127//511 1126//511 1128//511
f 1127//511 1128//511 1129//511
f 1129//512 1128//512 1036//512
f 1129//513 1036//513 1038//513
f 1130//514 1131//514 1132//514
f 1132//514 1131//514 1133//514
f 1132//514 1133//514 1134//514
f 1134//514 1133//514 1135//514
f 1134//514 1135//514 1136//514
f 1136//515 1135//515 1137//515
f 1136//515 1137//515 1138//515
f 1138//516 1137//516 1139//516
f 1138//516 1139//516 1140//516
f 1140//517 1139//517 1141//517
f 1140//517 1141//517 1142//517
f 1142//518 1141//518 1143//518
f 1142//518 1143//518 1144//518
f 1144//519 1143//519 1145//519
f 1144//520 1145//520 1146//520
f 1146//521 1145//521 1147//521
f 1146//522 1147//522 1148//522
f 1148//523 1147//523 1149//523
f 1148//524 1149//524 1150//524
f 1150//525 1149//525 1151//525
f 1150//526 1151//526 1152//526
f 1152//527 1151//527 1153//527
f 1152//528 1153//528 1154//528
f 1154//529 1153//529 1155//529
f 1154//530 1155//530 1156//530
f 1156//531 1155//531 1157//531
f 1156//531 1157//531 1158//531
f 1158//532 1157//532 1159//532
f 1158//532 1159//532 1160//532
f 1160//533 1159//533 1161//533
f 1160//534 1161//534 1162//534
f 1162//535 1161//535 1163//535
f 1162//536 1163//536 1164//536
f 1164//537 1163//537 1165//537
f 1164//537 1165//537 1166//537
f 1166//538 1165//538 1167//538
f 1166//538 1167//538 1168//538
f 1168//539 1167//539 1169//539
f 1168//539 1169//539 1170//539
f 1170//540 1169//540 1171//540
f 1170//540 1171//540 1172//540
f 1172//541 1171//541 1173//541
f 1172//542 1173//542 1174//542
f 1174//543 1173//543 1175//543
f 1174//543 1175//543 1176//543
f 1176//544 1175//544 1177//544
f 1176//544 1177//544 1178//544
f 1178//545 1177//545 1179//545
f 1178//545 1179//545 1180//545
f 1180//546 1179//546 1106//546
f 1106//546 1179//546 1181//546
f 1106//546 1181//546 1104//546
f 1104//546 1181//546 1182//546
f 1104//546 1182//546 1183//546
f 1183//545 1182//545 1184//545
f 1183//545 1184//545 1185//545
f 1185//544 1184//544 1186//544
f 1185//544 1186//544 1187//544
f 1187//543 1186//543 1188//543
f 1187//543 1188//543 1189//543
f 1189//542 1188//542 1190//542
f 1189//541 1190//541 1191//541
f 1191//540 1190//540 1192//540
f 1191//540 1192//540 1193//540
f 1193//539 1192//539 1194//539
f 1193//539 1194//539 1195//539
f 1195//538 1194//538 1196//538
f 1195//538 1196//538 1197//538
f 1197//537 1196//537 1198//537
f 1197//537 1198//537 1199//537
f 1199//536 1198//536 1200//536
f 1199//535 1200//535 1201//535
f 1201//534 1200//534 1202//534
f 1201//533 1202//533 1203//533
f 1203//532 1202//532 1204//532
f 1203//532 1204//532 1205//532
f 1205//531 1204//531 1206//531
f 1205//531 1206//531 1207//531
f 1207//530 1206//530 1208//530
f 1207//529 1208//529 1209//529
f 1209//528 1208//528 1210//528
f 1209//527 1210//527 1211//527
f 1211//526 1210//526 1212//526
f 1211//525 1212//525 1213//525
f 1213//524 1212//524 1214//524
f 1213//523 1214//523 1215//523
f 1215//522 1214//522 1216//522
f 1215//521 1216//521 1217//521
f 1217//520 1216//520 1218//520
f 1217//519 1218//519 1219//519
f 1219//518 1218//518 1220//518
f 1219//518 1220//518 1221//518
f 1221//517 1220//517 1222//517
f 1221//517 1222//517 1223//517
f 1223//516 1222//516 1224//516
f 1223//516 1224//516 1225//516
f 1225//515 1224//515 1131//515
f 1225//515 1131//515 1130//515
f 1184//545 1182//545 1226//545
f 1226//545 1182//545 1181//545
f 1226//545 1181//545 1177//545
f 1177//545 1181//545 1179//545
f 1186//544 1184//544 1227//544
f 1227//544 1184//544 1226//544
f 1227//544 1226//544 1175//544
f 1175//544 1226//544 1177//544
f 1188//543 1186//543 1228//543
f 1228//543 1186//543 1227//543
f 1228//543 1227//543 1173//543
f 1173//543 1227//543 1175//543
f 1190//541 1188//541 1229//541
f 1229//542 1188//542 1228//542
f 1229//541 1228//541 1171//541
f 1171//542 1228//542 1173//542
f 1192//540 1190//540 1230//540
f 1230//540 1190//540 1229//540
f 1230//540 1229//540 1169//540
f 1169//540 1229//540 1171//540
f 1194//539 1192//539 1231//539
f 1231//539 1192//539 1230//539
f 1231//539 1230//539 1167//539
f 1167//539 1230//539 1169//539
f 1196//538 1194//538 1232//538
f 1232//538 1194//538 1231//538
f 1232//538 1231//538 1165//538
f 1165//538 1231//538 1167//538
f 1198//537 1196//537 1233//537
f 1233//537 1196//537 1232//537
f 1233//537 1232//537 1163//537
f 1163//537 1232//537 1165//537
f 1200//535 1198//535 1234//535
f 1234//536 1198//536 1233//536
f 1234//535 1233//535 1161//535
f 1161//536 1233//536 1163//536
f 1202//533 1200//533 1235//533
f 1235//534 1200//534 1234//534
f 1235//533 1234//533 1159//533
f 1159//534 1234//534 1161//534
f 1204//532 1202//532 1236//532
f 1236//532 1202//532 1235//532
f 1236//532 1235//532 1157//532
f 1157//532 1235//532 1159//532
f 1206//531 1204//531 1237//531
f 1237//531 1204//531 1236//531
f 1237//531 1236//531 1155//531
f 1155//531 1236//531 1157//531
f 1208//529 1206//529 1238//529
f 1238//530 1206//530 1237//530
f 1238//529 1237//529 1153//529
f 1153//530 1237//530 1155//530
f 1210//527 1208//527 1239//527
f 1239//528 1208//528 1238//528
f 1239//527 1238//527 1151//527
f 1151//528 1238//528 1153//528
f 1212//525 1210//525 1240//525
f 1240//526 1210//526 1239//526
f 1240//525 1239//525 1149//525
f 1149//526 1239//526 1151//526
f 1214//523 1212//523 1241//523
f 1241//524 1212//524 1240//524
f 1241//523 1240//523 1147//523
f 1147//524 1240//524 1149//524
f 1216//521 1214//521 1242//521
f 1242//522 1214//522 1241//522
f 1242//521 1241//521 1145//521
f 1145//522 1241//522 1147//522
f 1218//519 1216//519 1243//519
f 1243//520 1216//520 1242//520
f 1243//519 1242//519 1143//519
f 1143//520 1242//520 1145//520
f 1220//518 1218//518 1244//518
f 1244//518 1218//518 1243//518
f 1244//518 1243//518 1141//518
f 1141//518 1243//518 1143//518
f 1222//517 1220//517 1245//517
f 1245//517 1220//517 1244//517
f 1245//517 1244//517 1139//517
f 1139//517 1244//517 1141//517
f 1133//515 1131//515 1224//515
f 1224//516 1222//516 1246//516
f 1246//516 1222//516 1245//516
f 1246//516 1245//516 1137//516
f 1137//516 1245//516 1139//516
f 1246//515 1137//515 1135//515
f 1135//515 1133//515 1246//515
f 1246//515 1133//515 1224//515
f 1247//547 1248//547 1249//547
f 1249//548 1248//548 1250//548
f 1250//549 1248//549 1251//549
f 1250//550 1251//550 1252//550
f 1252//551 1251//551 1253//551
f 1252//551 1253//551 1254//551
f 1254//552 1253//552 1255//552
f 1254//552 1255//552 1256//552
f 1256//553 1255//553 1257//553
f 1256//553 1257//553 1258//553
f 1258//554 1257//554 1259//554
f 1258//554 1259//554 1260//554
f 1260//555 1259//555 1261//555
f 1260//555 1261//555 1262//555
f 1262//556 1261//556 1263//556
f 1262//557 1263//557 1264//557
f 1264//558 1263//558 1265//558
f 1264//558 1265//558 1266//558
f 1266//559 1265//559 1267//559
f 1266//559 1267//559 1268//559
f 1268//560 1267//560 1269//560
f 1268//561 1269//561 1270//561
f 1270//562 1269//562 1271//562
f 1270//563 1271//563 1272//563
f 1272//564 1271//564 1132//564
f 1272//564 1132//564 1134//564
f 1273//565 1274//565 1275//565
f 1275//565 1274//565 1276//565
f 1275//566 1276//566 1277//566
f 1277//567 1276//567 1278//567
f 1277//568 1278//568 1279//568
f 1279//569 1278//569 1280//569
f 1279//570 1280//570 1281//570
f 1281//571 1280//571 1282//571
f 1281//571 1282//571 1283//571
f 1283//572 1282//572 1284//572
f 1283//573 1284//573 1285//573
f 1285//574 1284//574 1286//574
f 1285//575 1286//575 1287//575
f 1287//576 1286//576 1288//576
f 1287//576 1288//576 1289//576
f 1289//577 1288//577 1290//577
f 1289//578 1290//578 1291//578
f 1291//579 1290//579 1292//579
f 1291//580 1292//580 1293//580
f 1293//581 1292//581 1294//581
f 1293//582 1294//582 1295//582
f 1295//583 1294//583 1296//583
f 1295//583 1296//583 1297//583
f 1297//584 1296//584 1298//584
f 1297//585 1298//585 1299//585
f 1299//586 1298//586 1300//586
f 1299//586 1300//586 1301//586
f 1301//587 1300//587 1302//587
f 1301//587 1302//587 1303//587
f 1303//588 1302//588 1304//588
f 1303//589 1304//589 1305//589
f 1305//590 1304//590 1306//590
f 1305//590 1306//590 1307//590
f 1307//591 1306//591 1247//591
f 1307//592 1247//592 1308//592
f 1308//593 1247//593 1249//593
f 1308//594 1249//594 1309//594
f 1309//592 1249//592 1310//592
f 1309//595 1310//595 1311//595
f 1311//590 1310//590 1312//590
f 1311//589 1312//589 1313//589
f 1313//588 1312//588 1314//588
f 1313//596 1314//596 1315//596
f 1315//597 1314//597 1316//597
f 1315//586 1316//586 1317//586
f 1273//567 1318//567 1274//567
f 1274//568 1318//568 1319//568
f 1274//567 1319//567 1276//567
f 1276//568 1319//568 1278//568
f 1318//569 1320//569 1319//569
f 1319//570 1320//570 1321//570
f 1319//569 1321//569 1278//569
f 1278//570 1321//570 1280//570
f 1320//598 1322//598 1321//598
f 1321//599 1322//599 1323//599
f 1321//598 1323//598 1280//598
f 1280//599 1323//599 1282//599
f 1322//572 1324//572 1323//572
f 1323//572 1324//572 1325//572
f 1323//572 1325//572 1282//572
f 1282//572 1325//572 1284//572
f 1324//600 1326//600 1325//600
f 1325//575 1326//575 1327//575
f 1325//600 1327//600 1284//600
f 1284//575 1327//575 1286//575
f 1326//601 1328//601 1327//601
f 1327//576 1328//576 1329//576
f 1327//601 1329//601 1286//601
f 1286//576 1329//576 1288//576
f 1328//577 1330//577 1329//577
f 1329//578 1330//578 1331//578
f 1329//577 1331//577 1288//577
f 1288//578 1331//578 1290//578
f 1330//580 1332//580 1331//580
f 1331//580 1332//580 1333//580
f 1331//580 1333//580 1290//580
f 1290//580 1333//580 1292//580
f 1332//602 1334//602 1333//602
f 1333//582 1334//582 1335//582
f 1333//602 1335//602 1292//602
f 1292//582 1335//582 1294//582
f 1334//583 1336//583 1335//583
f 1335//603 1336//603 1337//603
f 1335//583 1337//583 1294//583
f 1294//603 1337//603 1296//603
f 1336//604 1338//604 1337//604
f 1337//585 1338//585 1339//585
f 1337//604 1339//604 1296//604
f 1296//585 1339//585 1298//585
f 1338//586 1340//586 1339//586
f 1339//586 1340//586 1341//586
f 1339//586 1341//586 1298//586
f 1298//586 1341//586 1300//586
f 1340//597 1342//597 1341//597
f 1341//596 1342//596 1343//596
f 1341//597 1343//597 1300//597
f 1300//596 1343//596 1302//596
f 1342//588 1344//588 1343//588
f 1343//589 1344//589 1345//589
f 1343//588 1345//588 1302//588
f 1302//589 1345//589 1304//589
f 1344//590 1346//590 1345//590
f 1345//590 1346//590 1347//590
f 1345//590 1347//590 1304//590
f 1304//590 1347//590 1306//590
f 1346//605 1247//605 1347//605
f 1347//592 1247//592 1306//592
f 1348//592 1349//592 1249//592
f 1249//592 1349//592 1350//592
f 1249//605 1350//605 1310//605
f 1310//595 1350//595 1312//595
f 1348//595 1351//595 1349//595
f 1349//590 1351//590 1352//590
f 1349//595 1352//595 1350//595
f 1350//590 1352//590 1312//590
f 1351//589 1353//589 1352//589
f 1352//588 1353//588 1314//588
f 1352//589 1314//589 1312//589
f 1353//596 1316//596 1314//596
f 1315//586 1317//586 1354//586
f 1354//584 1317//584 1355//584
f 1354//584 1355//584 1356//584
f 1356//603 1355//603 1357//603
f 1356//583 1357//583 1358//583
f 1358//582 1357//582 1359//582
f 1358//602 1359//602 1360//602
f 1360//580 1359//580 1361//580
f 1360//580 1361//580 1362//580
f 1362//578 1361//578 1363//578
f 1362//577 1363//577 1364//577
f 1364//576 1363//576 1365//576
f 1364//601 1365//601 1366//601
f 1366//575 1365//575 1367//575
f 1366//600 1367//600 1368//600
f 1368//572 1367//572 1369//572
f 1368//572 1369//572 1370//572
f 1370//599 1369//599 1371//599
f 1370//598 1371//598 1372//598
f 1372//570 1371//570 1373//570
f 1372//606 1373//606 1374//606
f 1374//567 1373//567 1375//567
f 1374//567 1375//567 1376//567
f 1376//565 1375//565 1377//565
f 1376//565 1377//565 1378//565
f 1378//565 1377//565 1379//565
f 1378//567 1379//567 1380//567
f 1380//567 1379//567 1381//567
f 1380//606 1381//606 1382//606
f 1382//606 1381//606 1383//606
f 1382//571 1383//571 1384//571
f 1384//599 1383//599 1283//599
f 1384//572 1283//572 1285//572
f 1379//565 1377//565 1385//565
f 1385//566 1377//566 1275//566
f 1385//607 1275//607 1386//607
f 1386//565 1275//565 1277//565
f 1386//567 1277//567 1279//567
f 1374//567 1376//567 1387//567
f 1387//567 1376//567 1378//567
f 1387//567 1378//567 1380//567
f 1372//570 1374//570 1388//570
f 1388//606 1374//606 1387//606
f 1388//570 1387//570 1389//570
f 1389//606 1387//606 1380//606
f 1389//570 1380//570 1382//570
f 1370//599 1372//599 1390//599
f 1390//598 1372//598 1388//598
f 1390//599 1388//599 1391//599
f 1391//598 1388//598 1389//598
f 1391//599 1389//599 1392//599
f 1392//598 1389//598 1382//598
f 1392//571 1382//571 1384//571
f 1368//572 1370//572 1393//572
f 1393//572 1370//572 1390//572
f 1393//572 1390//572 1394//572
f 1394//572 1390//572 1391//572
f 1394//572 1391//572 1395//572
f 1395//572 1391//572 1392//572
f 1395//572 1392//572 1396//572
f 1396//573 1392//573 1384//573
f 1396//572 1384//572 1285//572
f 1366//575 1368//575 1397//575
f 1397//600 1368//600 1393//600
f 1397//575 1393//575 1398//575
f 1398//600 1393//600 1394//600
f 1398//575 1394//575 1399//575
f 1399//600 1394//600 1395//600
f 1399//600 1395//600 1400//600
f 1400//600 1395//600 1396//600
f 1400//575 1396//575 1287//575
f 1287//600 1396//600 1285//600
f 1364//576 1366//576 1401//576
f 1401//601 1366//601 1397//601
f 1401//576 1397//576 1402//576
f 1402//601 1397//601 1398//601
f 1402//576 1398//576 1403//576
f 1403//601 1398//601 1399//601
f 1403//576 1399//576 1404//576
f 1404//576 1399//576 1400//576
f 1404//576 1400//576 1289//576
f 1289//601 1400//601 1287//601
f 1362//578 1364//578 1405//578
f 1405//577 1364//577 1401//577
f 1405//578 1401//578 1406//578
f 1406//577 1401//577 1402//577
f 1406//578 1402//578 1407//578
f 1407//577 1402//577 1403//577
f 1407//577 1403//577 1408//577
f 1408//578 1403//578 1404//578
f 1408//578 1404//578 1291//578
f 1291//577 1404//577 1289//577
f 1360//580 1362//580 1409//580
f 1409//580 1362//580 1405//580
f 1409//580 1405//580 1410//580
f 1410//580 1405//580 1406//580
f 1410//580 1406//580 1411//580
f 1411//580 1406//580 1407//580
f 1411//580 1407//580 1412//580
f 1412//580 1407//580 1408//580
f 1412//580 1408//580 1293//580
f 1293//580 1408//580 1291//580
f 1358//582 1360//582 1413//582
f 1413//602 1360//602 1409//602
f 1413//582 1409//582 1414//582
f 1414//602 1409//602 1410//602
f 1414//582 1410//582 1415//582
f 1415//602 1410//602 1411//602
f 1415//581 1411//581 1416//581
f 1416//581 1411//581 1412//581
f 1416//582 1412//582 1295//582
f 1295//602 1412//602 1293//602
f 1356//603 1358//603 1417//603
f 1417//583 1358//583 1413//583
f 1417//603 1413//603 1418//603
f 1418//583 1413//583 1414//583
f 1418//603 1414//603 1419//603
f 1419//583 1414//583 1415//583
f 1419//583 1415//583 1420//583
f 1420//603 1415//603 1416//603
f 1420//603 1416//603 1297//603
f 1297//583 1416//583 1295//583
f 1354//584 1356//584 1421//584
f 1421//584 1356//584 1417//584
f 1421//584 1417//584 1422//584
f 1422//584 1417//584 1418//584
f 1422//584 1418//584 1423//584
f 1423//584 1418//584 1419//584
f 1423//585 1419//585 1424//585
f 1424//584 1419//584 1420//584
f 1424//584 1420//584 1299//584
f 1299//584 1420//584 1297//584
f 1315//586 1354//586 1425//586
f 1425//586 1354//586 1421//586
f 1425//586 1421//586 1426//586
f 1426//586 1421//586 1422//586
f 1426//586 1422//586 1427//586
f 1427//586 1422//586 1423//586
f 1427//586 1423//586 1428//586
f 1428//586 1423//586 1424//586
f 1428//586 1424//586 1301//586
f 1301//586 1424//586 1299//586
f 1305//590 1307//590 1429//590
f 1429//595 1307//595 1308//595
f 1429//595 1308//595 1430//595
f 1430//590 1308//590 1309//590
f 1430//590 1309//590 1311//590
f 1428//597 1301//597 1303//597
f 1303//588 1305//588 1431//588
f 1431//589 1305//589 1429//589
f 1431//589 1429//589 1432//589
f 1432//588 1429//588 1430//588
f 1432//588 1430//588 1433//588
f 1433//589 1430//589 1311//589
f 1433//588 1311//588 1313//588
f 1283//598 1383//598 1281//598
f 1281//570 1383//570 1434//570
f 1281//606 1434//606 1279//606
f 1279//567 1434//567 1386//567
f 1381//567 1379//567 1385//567
f 1427//587 1428//587 1431//587
f 1431//596 1428//596 1303//596
f 1427//596 1431//596 1432//596
f 1385//568 1386//568 1434//568
f 1385//567 1434//567 1381//567
f 1381//606 1434//606 1383//606
f 1426//597 1427//597 1432//597
f 1426//596 1432//596 1433//596
f 1425//597 1426//597 1433//597
f 1425//596 1433//596 1313//596
f 1315//597 1425//597 1313//597
f 1435//608 1436//608 1437//608
f 1437//608 1436//608 1438//608
f 1437//609 1438//609 1439//609
f 1437//610 1439//610 1440//610
f 1440//611 1439//611 1441//611
f 1440//611 1441//611 1442//611
f 1442//612 1441//612 1443//612
f 1442//612 1443//612 1444//612
f 1444//613 1443//613 1445//613
f 1444//613 1445//613 1446//613
f 1446//614 1445//614 1447//614
f 1446//614 1447//614 1448//614
f 1448//615 1447//615 1449//615
f 1448//615 1449//615 1450//615
f 1450//616 1449//616 1451//616
f 1450//616 1451//616 1452//616
f 1452//617 1451//617 1275//617
f 1452//618 1275//618 1377//618
f 1377//617 1453//617 1452//617
f 1452//616 1453//616 1454//616
f 1452//616 1454//616 1450//616
f 1450//615 1454//615 1455//615
f 1450//615 1455//615 1448//615
f 1448//614 1455//614 1456//614
f 1448//614 1456//614 1446//614
f 1446//613 1456//613 1457//613
f 1446//613 1457//613 1444//613
f 1444//612 1457//612 1458//612
f 1444//612 1458//612 1442//612
f 1442//611 1458//611 1459//611
f 1442//611 1459//611 1440//611
f 1440//610 1459//610 1460//610
f 1440//609 1460//609 1437//609
f 1437//608 1460//608 1435//608
f 1461//619 1462//619 1463//619
f 1463//619 1462//619 1464//619
f 1463//620 1464//620 1465//620
f 1465//619 1464//619 1466//619
f 1466//621 1464//621 1467//621
f 1466//621 1467//621 1468//621
f 1468//622 1467//622 1469//622
f 1468//622 1469//622 1470//622
f 1470//623 1469//623 1471//623
f 1470//623 1471//623 1472//623
f 1472//624 1471//624 1473//624
f 1472//625 1473//625 1474//625
f 1474//626 1473//626 1475//626
f 1474//627 1475//627 1476//627
f 1476//628 1475//628 1477//628
f 1476//628 1477//628 1478//628
f 1478//629 1477//629 1479//629
f 1478//630 1479//630 1480//630
f 1480//631 1479//631 1481//631
f 1480//632 1481//632 1482//632
f 1482//633 1481//633 1483//633
f 1482//634 1483//634 1484//634
f 1484//635 1483//635 1485//635
f 1484//635 1485//635 1486//635
f 1486//636 1485//636 1487//636
f 1486//637 1487//637 1488//637
f 1488//638 1487//638 1489//638
f 1488//638 1489//638 1490//638
f 1490//639 1489//639 1435//639
f 1435//640 1489//640 1491//640
f 1435//640 1491//640 1436//640
f 1436//639 1491//639 1492//639
f 1492//638 1491//638 1493//638
f 1492//638 1493//638 1494//638
f 1494//637 1493//637 1495//637
f 1494//636 1495//636 1496//636
f 1496//635 1495//635 1497//635
f 1496//635 1497//635 1498//635
f 1498//634 1497//634 1499//634
f 1498//633 1499//633 1500//633
f 1500//632 1499//632 1501//632
f 1500//631 1501//631 1502//631
f 1502//630 1501//630 1503//630
f 1502//629 1503//629 1504//629
f 1504//628 1503//628 1505//628
f 1504//628 1505//628 1506//628
f 1506//627 1505//627 1507//627
f 1506//626 1507//626 1508//626
f 1508//625 1507//625 1509//625
f 1508//624 1509//624 1510//624
f 1510//623 1509//623 1511//623
f 1510//623 1511//623 1512//623
f 1512//622 1511//622 1513//622
f 1512//622 1513//622 1514//622
f 1514//621 1513//621 1462//621
f 1514//621 1462//621 1461//621
f 1489//638 1487//638 1491//638
f 1491//638 1487//638 1493//638
f 1487//637 1485//637 1493//637
f 1493//636 1485//636 1495//636
f 1485//635 1483//635 1495//635
f 1495//635 1483//635 1497//635
f 1483//634 1481//634 1497//634
f 1497//633 1481//633 1499//633
f 1481//632 1479//632 1499//632
f 1499//631 1479//631 1501//631
f 1479//630 1477//630 1501//630
f 1501//629 1477//629 1503//629
f 1477//628 1475//628 1503//628
f 1503//628 1475//628 1505//628
f 1475//627 1473//627 1505//627
f 1505//626 1473//626 1507//626
f 1473//625 1471//625 1507//625
f 1507//624 1471//624 1509//624
f 1471//623 1469//623 1509//623
f 1509//623 1469//623 1511//623
f 1464//621 1462//621 1513//621
f 1469//622 1467//622 1511//622
f 1511//622 1467//622 1513//622
f 1467//621 1464//621 1513//621
f 1515//641 1516//641 1517//641
f 1517//642 1516//642 1518//642
f 1518//643 1516//643 1519//643
f 1518//643 1519//643 1520//643
f 1520//644 1519//644 1521//644
f 1520//644 1521//644 1522//644
f 1522//645 1521//645 1523//645
f 1522//646 1523//646 1524//646
f 1524//647 1523//647 1525//647
f 1524//647 1525//647 1526//647
f 1526//648 1525//648 1527//648
f 1526//648 1527//648 1528//648
f 1528//649 1527//649 1529//649
f 1528//649 1529//649 1530//649
f 1530//650 1529//650 1531//650
f 1530//650 1531//650 1532//650
f 1532//651 1531//651 1463//651
f 1532//651 1463//651 1465//651
f 1533//652 1534//652 1535//652
f 1535//652 1534//652 1536//652
f 1536//653 1534//653 1537//653
f 1536//653 1537//653 1538//653
f 1538//654 1537//654 1539//654
f 1538//654 1539//654 1540//654
f 1540//655 1539//655 1541//655
f 1540//655 1541//655 1542//655
f 1542//656 1541//656 1543//656
f 1542//657 1543//657 1544//657
f 1544//658 1543//658 1515//658
f 1544//658 1515//658 1517//658
f 1545//659 1546//659 1547//659
f 1547//660 1546//660 1548//660
f 1548//661 1546//661 1549//661
f 1548//661 1549//661 1550//661
f 1550//662 1549//662 1551//662
f 1550//662 1551//662 1552//662
f 1552//663 1551//663 1553//663
f 1552//663 1553//663 1554//663
f 1554//664 1553//664 1555//664
f 1554//664 1555//664 1556//664
f 1556//665 1555//665 1557//665
f 1556//666 1557//666 1558//666
f 1558//667 1557//667 1559//667
f 1558//667 1559//667 1560//667
f 1560//668 1559//668 1561//668
f 1560//668 1561//668 1562//668
f 1562//59 1561//59 1563//59
f 1562//59 1563//59 1564//59
f 1564//669 1563//669 1533//669
f 1564//670 1533//670 1535//670
f 1565//671 1566//671 1567//671
f 1567//671 1566//671 1568//671
f 1568//672 1566//672 1569//672
f 1568//672 1569//672 1570//672
f 1570//673 1569//673 1571//673
f 1570//673 1571//673 1572//673
f 1572//674 1571//674 1573//674
f 1572//674 1573//674 1574//674
f 1574//675 1573//675 1575//675
f 1574//675 1575//675 1576//675
f 1576//676 1575//676 1577//676
f 1576//676 1577//676 1578//676
f 1578//677 1577//677 1579//677
f 1578//677 1579//677 1580//677
f 1580//678 1579//678 1581//678
f 1580//679 1581//679 1582//679
f 1582//680 1581//680 1583//680
f 1582//681 1583//681 1584//681
f 1584//682 1583//682 1585//682
f 1584//682 1585//682 1586//682
f 1586//683 1585//683 1545//683
f 1586//684 1545//684 1547//684
f 1587//685 1588//685 1589//685
f 1589//686 1588//686 1590//686
f 1590//687 1588//687 1591//687
f 1590//687 1591//687 1592//687
f 1592//688 1591//688 1593//688
f 1592//688 1593//688 1594//688
f 1594//689 1593//689 1595//689
f 1594//690 1595//690 1596//690
f 1596//691 1595//691 1597//691
f 1596//691 1597//691 1598//691
f 1598//59 1597//59 1599//59
f 1598//59 1599//59 1600//59
f 1600//692 1599//692 1601//692
f 1600//693 1601//693 1602//693
f 1602//694 1601//694 1603//694
f 1602//695 1603//695 1604//695
f 1604//696 1603//696 1605//696
f 1604//696 1605//696 1606//696
f 1606//697 1605//697 1607//697
f 1606//698 1607//698 1608//698
f 1608//699 1607//699 1609//699
f 1608//700 1609//700 1610//700
f 1610//701 1609//701 1611//701
f 1610//702 1611//702 1612//702
f 1612//703 1611//703 1565//703
f 1612//703 1565//703 1567//703
f 1613//704 1614//704 1615//704
f 1615//704 1614//704 1616//704
f 1616//705 1614//705 1617//705
f 1616//706 1617//706 1618//706
f 1618//707 1617//707 1619//707
f 1618//708 1619//708 1620//708
f 1620//709 1619//709 1621//709
f 1620//710 1621//710 1622//710
f 1622//711 1621//711 1623//711
f 1622//711 1623//711 1624//711
f 1624//712 1623//712 1625//712
f 1624//712 1625//712 1626//712
f 1626//713 1625//713 1627//713
f 1626//714 1627//714 1628//714
f 1628//715 1627//715 1587//715
f 1628//715 1587//715 1589//715
f 1629//716 1630//716 1631//716
f 1631//717 1630//717 1632//717
f 1632//718 1630//718 1633//718
f 1632//719 1633//719 1634//719
f 1634//720 1633//720 1635//720
f 1634//721 1635//721 1636//721
f 1636//722 1635//722 1637//722
f 1636//723 1637//723 1638//723
f 1638//724 1637//724 1639//724
f 1638//724 1639//724 1640//724
f 1640//725 1639//725 1641//725
f 1640//726 1641//726 1642//726
f 1642//381 1641//381 1643//381
f 1642//727 1643//727 1644//727
f 1644//728 1643//728 1645//728
f 1644//728 1645//728 1646//728
f 1646//729 1645//729 1647//729
f 1646//730 1647//730 1648//730
f 1648//731 1647//731 1649//731
f 1648//732 1649//732 1650//732
f 1650//733 1649//733 1651//733
f 1650//733 1651//733 1652//733
f 1652//734 1651//734 1653//734
f 1652//735 1653//735 1654//735
f 1654//736 1653//736 1613//736
f 1654//736 1613//736 1615//736
f 1655//737 1656//737 1657//737
f 1657//737 1656//737 1658//737
f 1658//738 1656//738 1659//738
f 1658//739 1659//739 1660//739
f 1660//740 1659//740 1661//740
f 1660//741 1661//741 1662//741
f 1662//742 1661//742 1663//742
f 1662//742 1663//742 1664//742
f 1664//743 1663//743 1665//743
f 1664//743 1665//743 1666//743
f 1666//744 1665//744 1667//744
f 1666//744 1667//744 1668//744
f 1668//745 1667//745 1669//745
f 1668//746 1669//746 1670//746
f 1670//747 1669//747 1629//747
f 1670//747 1629//747 1631//747
f 1671//748 1672//748 1673//748
f 1673//748 1672//748 1674//748
f 1674//749 1672//749 1675//749
f 1674//749 1675//749 1676//749
f 1676//750 1675//750 1677//750
f 1676//750 1677//750 1678//750
f 1678//751 1677//751 1679//751
f 1678//752 1679//752 1680//752
f 1680//753 1679//753 1681//753
f 1680//753 1681//753 1682//753
f 1682//754 1681//754 1683//754
f 1682//755 1683//755 1684//755
f 1684//756 1683//756 1685//756
f 1684//757 1685//757 1686//757
f 1686//758 1685//758 1687//758
f 1686//759 1687//759 1688//759
f 1688//760 1687//760 1655//760
f 1688//760 1655//760 1657//760
f 1689//761 1690//761 1691//761
f 1691//761 1690//761 1692//761
f 1692//762 1690//762 1693//762
f 1692//762 1693//762 1694//762
f 1694//763 1693//763 1695//763
f 1694//763 1695//763 1696//763
f 1696//764 1695//764 1697//764
f 1696//764 1697//764 1698//764
f 1698//765 1697//765 1699//765
f 1698//765 1699//765 1700//765
f 1700//766 1699//766 1701//766
f 1700//766 1701//766 1702//766
f 1702//767 1701//767 1703//767
f 1702//767 1703//767 1704//767
f 1704//768 1703//768 1705//768
f 1704//768 1705//768 1706//768
f 1706//769 1705//769 1707//769
f 1706//770 1707//770 1708//770
f 1708//771 1707//771 1709//771
f 1708//772 1709//772 1710//772
f 1710//773 1709//773 1711//773
f 1710//774 1711//774 1712//774
f 1712//775 1711//775 1671//775
f 1712//775 1671//775 1673//775
f 1713//776 1714//776 1715//776
f 1715//776 1714//776 1716//776
f 1716//777 1714//777 1717//777
f 1716//778 1717//778 1718//778
f 1718//779 1717//779 1719//779
f 1718//779 1719//779 1720//779
f 1720//780 1719//780 1721//780
f 1720//781 1721//781 1722//781
f 1722//782 1721//782 1723//782
f 1722//782 1723//782 1724//782
f 1724//783 1723//783 1725//783
f 1724//784 1725//784 1726//784
f 1726//785 1725//785 1727//785
f 1726//785 1727//785 1728//785
f 1728//786 1727//786 1689//786
f 1728//786 1689//786 1691//786
f 1729//787 1730//787 1731//787
f 1731//788 1730//788 1732//788
f 1732//789 1730//789 1733//789
f 1732//789 1733//789 1734//789
f 1734//790 1733//790 1735//790
f 1734//790 1735//790 1736//790
f 1736//791 1735//791 1737//791
f 1736//792 1737//792 1738//792
f 1738//793 1737//793 1739//793
f 1738//794 1739//794 1740//794
f 1740//795 1739//795 1741//795
f 1740//796 1741//796 1742//796
f 1742//675 1741//675 1743//675
f 1742//797 1743//797 1744//797
f 1744//798 1743//798 1745//798
f 1744//798 1745//798 1746//798
f 1746//799 1745//799 1747//799
f 1746//799 1747//799 1748//799
f 1748//800 1747//800 1749//800
f 1748//800 1749//800 1750//800
f 1750//801 1749//801 1751//801
f 1750//801 1751//801 1752//801
f 1752//802 1751//802 1713//802
f 1752//802 1713//802 1715//802
f 1753//803 1754//803 1755//803
f 1755//803 1754//803 1756//803
f 1756//804 1754//804 1757//804
f 1756//805 1757//805 1758//805
f 1758//806 1757//806 1759//806
f 1758//807 1759//807 1760//807
f 1760//808 1759//808 1761//808
f 1760//809 1761//809 1762//809
f 1762//810 1761//810 1763//810
f 1762//810 1763//810 1764//810
f 1764//811 1763//811 1765//811
f 1764//811 1765//811 1766//811
f 1766//812 1765//812 1767//812
f 1766//813 1767//813 1768//813
f 1768//814 1767//814 1769//814
f 1768//815 1769//815 1770//815
f 1770//816 1769//816 1729//816
f 1770//816 1729//816 1731//816
f 1771//817 1772//817 1773//817
f 1773//818 1772//818 1774//818
f 1774//819 1772//819 1775//819
f 1774//820 1775//820 1776//820
f 1776//821 1775//821 1777//821
f 1776//822 1777//822 1778//822
f 1778//823 1777//823 1779//823
f 1778//823 1779//823 1780//823
f 1780//824 1779//824 1781//824
f 1780//825 1781//825 1782//825
f 1782//826 1781//826 1783//826
f 1782//826 1783//826 1784//826
f 1784//827 1783//827 1785//827
f 1784//827 1785//827 1786//827
f 1786//828 1785//828 1787//828
f 1786//828 1787//828 1788//828
f 1788//829 1787//829 1789//829
f 1788//830 1789//830 1790//830
f 1790//831 1789//831 1791//831
f 1790//832 1791//832 1792//832
f 1792//833 1791//833 1753//833
f 1792//833 1753//833 1755//833
f 1793//834 1794//834 1795//834
f 1795//834 1794//834 1796//834
f 1796//835 1794//835 1797//835
f 1796//836 1797//836 1798//836
f 1798//837 1797//837 1799//837
f 1798//837 1799//837 1800//837
f 1800//838 1799//838 1801//838
f 1800//839 1801//839 1802//839
f 1802//840 1801//840 1803//840
f 1802//840 1803//840 1804//840
f 1804//841 1803//841 1805//841
f 1804//842 1805//842 1806//842
f 1806//843 1805//843 1807//843
f 1806//843 1807//843 1808//843
f 1808//844 1807//844 1809//844
f 1808//845 1809//845 1810//845
f 1810//846 1809//846 1811//846
f 1810//847 1811//847 1812//847
f 1812//848 1811//848 1813//848
f 1812//848 1813//848 1814//848
f 1814//849 1813//849 1815//849
f 1814//612 1815//612 1816//612
f 1816//850 1815//850 1817//850
f 1816//850 1817//850 1818//850
f 1818//851 1817//851 1819//851
f 1818//852 1819//852 1820//852
f 1820//853 1819//853 1821//853
f 1820//853 1821//853 1822//853
f 1822//854 1821//854 1823//854
f 1822//854 1823//854 1824//854
f 1824//855 1823//855 1825//855
f 1824//856 1825//856 1826//856
f 1826//857 1825//857 1827//857
f 1826//857 1827//857 1828//857
f 1828//858 1827//858 1829//858
f 1828//858 1829//858 1830//858
f 1830//859 1829//859 1831//859
f 1830//859 1831//859 1832//859
f 1832//860 1831//860 1833//860
f 1832//860 1833//860 1834//860
f 1834//861 1833//861 1835//861
f 1834//861 1835//861 1836//861
f 1836//862 1835//862 1837//862
f 1836//862 1837//862 1838//862
f 1838//863 1837//863 1839//863
f 1838//864 1839//864 1840//864
f 1840//865 1839//865 1841//865
f 1840//865 1841//865 1842//865
f 1842//866 1841//866 1843//866
f 1842//866 1843//866 1844//866
f 1844//867 1843//867 1845//867
f 1844//867 1845//867 1846//867
f 1846//868 1845//868 1847//868
f 1846//869 1847//869 1848//869
f 1848//870 1847//870 1849//870
f 1848//870 1849//870 1850//870
f 1850//871 1849//871 1851//871
f 1850//871 1851//871 1852//871
f 1852//872 1851//872 1771//872
f 1852//873 1771//873 1773//873
f 1853//874 1854//874 1855//874
f 1855//874 1854//874 1856//874
f 1856//875 1854//875 1857//875
f 1856//875 1857//875 1858//875
f 1858//876 1857//876 1859//876
f 1858//876 1859//876 1860//876
f 1860//877 1859//877 1861//877
f 1860//877 1861//877 1862//877
f 1862//878 1861//878 1863//878
f 1862//879 1863//879 1864//879
f 1864//880 1863//880 1865//880
f 1864//880 1865//880 1866//880
f 1866//24 1865//24 1867//24
f 1866//881 1867//881 1868//881
f 1868//882 1867//882 1869//882
f 1868//883 1869//883 1870//883
f 1870//884 1869//884 1871//884
f 1870//884 1871//884 1872//884
f 1872//885 1871//885 1873//885
f 1872//886 1873//886 1874//886
f 1874//887 1873//887 1875//887
f 1874//887 1875//887 1876//887
f 1876//888 1875//888 1793//888
f 1876//888 1793//888 1795//888
f 1877//889 1878//889 1879//889
f 1879//889 1878//889 1880//889
f 1880//890 1878//890 1881//890
f 1880//890 1881//890 1882//890
f 1882//891 1881//891 1883//891
f 1882//891 1883//891 1884//891
f 1884//892 1883//892 1885//892
f 1884//893 1885//893 1886//893
f 1886//894 1885//894 1887//894
f 1886//894 1887//894 1888//894
f 1888//895 1887//895 1889//895
f 1888//896 1889//896 1890//896
f 1890//897 1889//897 1891//897
f 1890//898 1891//898 1892//898
f 1892//899 1891//899 1893//899
f 1892//899 1893//899 1894//899
f 1894//900 1893//900 1895//900
f 1894//900 1895//900 1896//900
f 1896//901 1895//901 1897//901
f 1896//901 1897//901 1898//901
f 1898//902 1897//902 1899//902
f 1898//902 1899//902 1900//902
f 1900//903 1899//903 1901//903
f 1900//904 1901//904 1902//904
f 1902//905 1901//905 1853//905
f 1902//905 1853//905 1855//905
f 1903//906 1904//906 1905//906
f 1905//906 1904//906 1906//906
f 1906//907 1904//907 1907//907
f 1906//907 1907//907 1908//907
f 1908//908 1907//908 1909//908
f 1908//908 1909//908 1910//908
f 1910//909 1909//909 1911//909
f 1910//909 1911//909 1912//909
f 1912//910 1911//910 1913//910
f 1912//910 1913//910 1914//910
f 1914//911 1913//911 1915//911
f 1914//912 1915//912 1916//912
f 1916//913 1915//913 1917//913
f 1916//913 1917//913 1918//913
f 1918//914 1917//914 1919//914
f 1918//914 1919//914 1920//914
f 1920//915 1919//915 1921//915
f 1920//915 1921//915 1922//915
f 1922//916 1921//916 1923//916
f 1922//916 1923//916 1924//916
f 1924//917 1923//917 1925//917
f 1924//917 1925//917 1926//917
f 1926//918 1925//918 1927//918
f 1926//918 1927//918 1928//918
f 1928//919 1927//919 1929//919
f 1928//919 1929//919 1930//919
f 1930//920 1929//920 1931//920
f 1930//920 1931//920 1932//920
f 1932//921 1931//921 1933//921
f 1932//921 1933//921 1934//921
f 1934//922 1933//922 1877//922
f 1934//922 1877//922 1879//922
f 1935//923 1936//923 1937//923
f 1937//923 1936//923 1938//923
f 1938//924 1936//924 1939//924
f 1938//925 1939//925 1940//925
f 1940//926 1939//926 1941//926
f 1940//926 1941//926 1942//926
f 1942//927 1941//927 1943//927
f 1942//927 1943//927 1944//927
f 1944//928 1943//928 1945//928
f 1944//928 1945//928 1946//928
f 1946//929 1945//929 1947//929
f 1946//929 1947//929 1948//929
f 1948//930 1947//930 1949//930
f 1948//930 1949//930 1950//930
f 1950//931 1949//931 1951//931
f 1950//931 1951//931 1952//931
f 1952//932 1951//932 1953//932
f 1952//932 1953//932 1954//932
f 1954//933 1953//933 1955//933
f 1954//933 1955//933 1956//933
f 1956//934 1955//934 1957//934
f 1956//934 1957//934 1958//934
f 1958//935 1957//935 1959//935
f 1958//935 1959//935 1960//935
f 1960//936 1959//936 1961//936
f 1960//936 1961//936 1962//936
f 1962//937 1961//937 1963//937
f 1962//937 1963//937 1964//937
f 1964//938 1963//938 1965//938
f 1964//938 1965//938 1966//938
f 1966//939 1965//939 1903//939
f 1966//939 1903//939 1905//939
f 1967//940 1968//940 1969//940
f 1969//940 1968//940 1970//940
f 1970//941 1968//941 1971//941
f 1970//941 1971//941 1972//941
f 1972//942 1971//942 1973//942
f 1972//942 1973//942 1974//942
f 1974//943 1973//943 1975//943
f 1974//943 1975//943 1976//943
f 1976//944 1975//944 1977//944
f 1976//944 1977//944 1978//944
f 1978//945 1977//945 1979//945
f 1978//945 1979//945 1980//945
f 1980//946 1979//946 1981//946
f 1980//946 1981//946 1982//946
f 1982//947 1981//947 1983//947
f 1982//947 1983//947 1984//947
f 1984//948 1983//948 1985//948
f 1984//948 1985//948 1986//948
f 1986//949 1985//949 1987//949
f 1986//949 1987//949 1988//949
f 1988//950 1987//950 1989//950
f 1988//951 1989//951 1990//951
f 1990//952 1989//952 1991//952
f 1990//952 1991//952 1992//952
f 1992//953 1991//953 1993//953
f 1992//953 1993//953 1994//953
f 1994//954 1993//954 1995//954
f 1994//954 1995//954 1996//954
f 1996//955 1995//955 1997//955
f 1996//955 1997//955 1998//955
f 1998//956 1997//956 1999//956
f 1998//957 1999//957 2000//957
f 2000//958 1999//958 2001//958
f 2000//959 2001//959 2002//959
f 2002//960 2001//960 2003//960
f 2002//961 2003//961 2004//961
f 2004//962 2003//962 1935//962
f 2004//962 1935//962 1937//962
f 2005//963 2006//963 2007//963
f 2007//963 2006//963 2008//963
f 2008//964 2006//964 2009//964
f 2008//965 2009//965 2010//965
f 2010//966 2009//966 2011//966
f 2010//966 2011//966 2012//966
f 2012//967 2011//967 2013//967
f 2012//968 2013//968 2014//968
f 2014//969 2013//969 2015//969
f 2014//969 2015//969 2016//969
f 2016//970 2015//970 2017//970
f 2016//970 2017//970 2018//970
f 2018//971 2017//971 2019//971
f 2018//971 2019//971 2020//971
f 2020//972 2019//972 2021//972
f 2020//972 2021//972 2022//972
f 2022//973 2021//973 2023//973
f 2022//973 2023//973 2024//973
f 2024//974 2023//974 2025//974
f 2024//974 2025//974 2026//974
f 2026//975 2025//975 2027//975
f 2026//975 2027//975 2028//975
f 2028//976 2027//976 2029//976
f 2028//976 2029//976 2030//976
f 2030//977 2029//977 2031//977
f 2030//977 2031//977 2032//977
f 2032//978 2031//978 2033//978
f 2032//979 2033//979 2034//979
f 2034//980 2033//980 2035//980
f 2034//980 2035//980 2036//980
f 2036//981 2035//981 1967//981
f 2036//981 1967//981 1969//981
f 2037//982 2038//982 2039//982
f 2039//983 2038//983 2040//983
f 2040//984 2038//984 2005//984
f 2040//984 2005//984 2007//984
f 2041//985 2042//985 2043//985
f 2043//985 2042//985 2044//985
f 2043//986 2044//986 2045//986
f 2045//985 2044//985 2046//985
f 2046//987 2044//987 2047//987
f 2046//988 2047//988 2048//988
f 2048//989 2047//989 2049//989
f 2048//989 2049//989 2050//989
f 2050//990 2049//990 2051//990
f 2050//991 2051//991 2052//991
f 2052//992 2051//992 2053//992
f 2052//992 2053//992 2054//992
f 2054//993 2053//993 2055//993
f 2054//994 2055//994 2056//994
f 2056//995 2055//995 2057//995
f 2056//995 2057//995 2058//995
f 2058//996 2057//996 2059//996
f 2058//108 2059//108 2060//108
f 2060//997 2059//997 2061//997
f 2060//998 2061//998 2062//998
f 2062//999 2061//999 2063//999
f 2062//999 2063//999 2064//999
f 2064//1000 2063//1000 2065//1000
f 2064//1001 2065//1001 2066//1001
f 2066//1002 2065//1002 2067//1002
f 2066//1002 2067//1002 2068//1002
f 2068//1003 2067//1003 2069//1003
f 2068//1004 2069//1004 2070//1004
f 2070//1005 2069//1005 2071//1005
f 2070//1005 2071//1005 2072//1005
f 2072//1006 2071//1006 2073//1006
f 2072//1007 2073//1007 2074//1007
f 2074//1008 2073//1008 2075//1008
f 2074//1009 2075//1009 2076//1009
f 2076//1010 2075//1010 2077//1010
f 2076//1011 2077//1011 2078//1011
f 2078//1012 2077//1012 2079//1012
f 2078//1012 2079//1012 2080//1012
f 2080//1013 2079//1013 2081//1013
f 2080//1014 2081//1014 2082//1014
f 2082//1015 2081//1015 2083//1015
f 2082//1016 2083//1016 2084//1016
f 2084//1017 2083//1017 2085//1017
f 2084//1017 2085//1017 2086//1017
f 2086//1018 2085//1018 2087//1018
f 2086//1018 2087//1018 2088//1018
f 2088//1019 2087//1019 2089//1019
f 2088//1019 2089//1019 2090//1019
f 2090//1020 2089//1020 2039//1020
f 2039//1020 2089//1020 2091//1020
f 2039//1020 2091//1020 2037//1020
f 2037//1020 2091//1020 2092//1020
f 2092//1019 2091//1019 2093//1019
f 2092//1019 2093//1019 2094//1019
f 2094//1018 2093//1018 2095//1018
f 2094//1018 2095//1018 2096//1018
f 2096//1017 2095//1017 2097//1017
f 2096//1017 2097//1017 2098//1017
f 2098//1016 2097//1016 2099//1016
f 2098//1015 2099//1015 2100//1015
f 2100//1014 2099//1014 2101//1014
f 2100//1013 2101//1013 2102//1013
f 2102//1012 2101//1012 2103//1012
f 2102//1012 2103//1012 2104//1012
f 2104//1011 2103//1011 2105//1011
f 2104//1010 2105//1010 2106//1010
f 2106//1009 2105//1009 2107//1009
f 2106//1008 2107//1008 2108//1008
f 2108//1007 2107//1007 2109//1007
f 2108//1006 2109//1006 2110//1006
f 2110//1005 2109//1005 2111//1005
f 2110//1005 2111//1005 2112//1005
f 2112//1004 2111//1004 2113//1004
f 2112//1003 2113//1003 2114//1003
f 2114//1002 2113//1002 2115//1002
f 2114//1002 2115//1002 2116//1002
f 2116//1001 2115//1001 2117//1001
f 2116//1000 2117//1000 2118//1000
f 2118//999 2117//999 2119//999
f 2118//999 2119//999 2120//999
f 2120//1021 2119//1021 2121//1021
f 2120//997 2121//997 2122//997
f 2122//108 2121//108 2123//108
f 2122//996 2123//996 2124//996
f 2124//995 2123//995 2125//995
f 2124//995 2125//995 2126//995
f 2126//994 2125//994 2127//994
f 2126//993 2127//993 2128//993
f 2128//992 2127//992 2129//992
f 2128//992 2129//992 2130//992
f 2130//991 2129//991 2131//991
f 2130//990 2131//990 2132//990
f 2132//989 2131//989 2133//989
f 2132//989 2133//989 2134//989
f 2134//988 2133//988 2042//988
f 2134//987 2042//987 2041//987
f 2089//1019 2087//1019 2091//1019
f 2091//1019 2087//1019 2093//1019
f 2087//1018 2085//1018 2093//1018
f 2093//1018 2085//1018 2095//1018
f 2085//1017 2083//1017 2095//1017
f 2095//1017 2083//1017 2097//1017
f 2083//1016 2081//1016 2097//1016
f 2097//1015 2081//1015 2099//1015
f 2081//1014 2079//1014 2099//1014
f 2099//1013 2079//1013 2101//1013
f 2079//1012 2077//1012 2101//1012
f 2101//1012 2077//1012 2103//1012
f 2077//1011 2075//1011 2103//1011
f 2103//1010 2075//1010 2105//1010
f 2075//1009 2073//1009 2105//1009
f 2105//1008 2073//1008 2107//1008
f 2073//1007 2071//1007 2107//1007
f 2107//1006 2071//1006 2109//1006
f 2071//1005 2069//1005 2109//1005
f 2109//1005 2069//1005 2111//1005
f 2069//1004 2067//1004 2111//1004
f 2111//1003 2067//1003 2113//1003
f 2067//1002 2065//1002 2113//1002
f 2113//1002 2065//1002 2115//1002
f 2065//1001 2063//1001 2115//1001
f 2115//1000 2063//1000 2117//1000
f 2063//999 2061//999 2117//999
f 2117//999 2061//999 2119//999
f 2061//1021 2059//1021 2119//1021
f 2119//997 2059//997 2121//997
f 2059//108 2057//108 2121//108
f 2121//996 2057//996 2123//996
f 2057//995 2055//995 2123//995
f 2123//995 2055//995 2125//995
f 2055//994 2053//994 2125//994
f 2125//993 2053//993 2127//993
f 2053//992 2051//992 2127//992
f 2127//992 2051//992 2129//992
f 2051//991 2049//991 2129//991
f 2129//990 2049//990 2131//990
f 2044//987 2042//987 2133//987
f 2049//989 2047//989 2131//989
f 2131//989 2047//989 2133//989
f 2047//988 2044//988 2133//988
f 2135//1022 2136//1022 2137//1022
f 2137//1022 2136//1022 2138//1022
f 2137//1023 2138//1023 2139//1023
f 2139//1024 2138//1024 2140//1024
f 2139//1025 2140//1025 2141//1025
f 2141//1026 2140//1026 2142//1026
f 2141//1027 2142//1027 2143//1027
f 2143//1028 2142//1028 2144//1028
f 2143//1029 2144//1029 2145//1029
f 2145//1030 2144//1030 2146//1030
f 2145//1031 2146//1031 2147//1031
f 2147//1032 2146//1032 2043//1032
f 2147//1033 2043//1033 2148//1033
f 2148//1034 2043//1034 2045//1034
f 2148//1033 2045//1033 2149//1033
f 2149//1035 2045//1035 2150//1035
f 2149//1031 2150//1031 2151//1031
f 2151//1030 2150//1030 2152//1030
f 2151//1028 2152//1028 2153//1028
f 2153//1029 2152//1029 2154//1029
f 2153//1027 2154//1027 2155//1027
f 2155//1026 2154//1026 2156//1026
f 2155//1025 2156//1025 2157//1025
f 2135//1024 2158//1024 2136//1024
f 2136//1025 2158//1025 2159//1025
f 2136//1024 2159//1024 2138//1024
f 2138//1025 2159//1025 2140//1025
f 2158//1026 2160//1026 2159//1026
f 2159//1027 2160//1027 2161//1027
f 2159//1026 2161//1026 2140//1026
f 2140//1027 2161//1027 2142//1027
f 2160//1028 2162//1028 2161//1028
f 2161//1029 2162//1029 2163//1029
f 2161//1028 2163//1028 2142//1028
f 2142//1029 2163//1029 2144//1029
f 2162//1030 2164//1030 2163//1030
f 2163//1031 2164//1031 2165//1031
f 2163//1030 2165//1030 2144//1030
f 2144//1031 2165//1031 2146//1031
f 2164//1032 2043//1032 2165//1032
f 2165//1032 2043//1032 2146//1032
f 2166//1036 2167//1036 2045//1036
f 2045//1036 2167//1036 2168//1036
f 2045//1033 2168//1033 2150//1033
f 2150//1031 2168//1031 2152//1031
f 2166//1031 2169//1031 2167//1031
f 2167//1030 2169//1030 2170//1030
f 2167//1031 2170//1031 2168//1031
f 2168//1030 2170//1030 2152//1030
f 2169//1028 2171//1028 2170//1028
f 2170//1029 2171//1029 2154//1029
f 2170//1028 2154//1028 2152//1028
f 2171//1027 2156//1027 2154//1027
f 2155//1024 2157//1024 2172//1024
f 2172//1022 2157//1022 2173//1022
f 2172//1022 2173//1022 2174//1022
f 2174//374 2173//374 2175//374
f 2174//1024 2175//1024 2176//1024
f 2176//1025 2175//1025 2177//1025
f 2176//1026 2177//1026 2178//1026
f 2178//1026 2177//1026 2179//1026
f 2178//1029 2179//1029 2180//1029
f 2180//1028 2179//1028 2145//1028
f 2180//1030 2145//1030 2147//1030
f 2175//1037 2173//1037 2181//1037
f 2181//1038 2173//1038 2137//1038
f 2181//374 2137//374 2182//374
f 2182//1037 2137//1037 2139//1037
f 2182//1024 2139//1024 2141//1024
f 2155//1025 2172//1025 2183//1025
f 2183//1024 2172//1024 2174//1024
f 2183//1025 2174//1025 2176//1025
f 2145//1029 2179//1029 2143//1029
f 2143//1027 2179//1027 2184//1027
f 2143//1026 2184//1026 2141//1026
f 2141//1025 2184//1025 2182//1025
f 2177//1024 2175//1024 2181//1024
f 2147//1031 2148//1031 2180//1031
f 2180//1031 2148//1031 2185//1031
f 2180//1029 2185//1029 2178//1029
f 2178//1029 2185//1029 2186//1029
f 2178//1027 2186//1027 2176//1027
f 2176//1026 2186//1026 2183//1026
f 2181//1039 2182//1039 2184//1039
f 2181//1039 2184//1039 2177//1039
f 2177//1027 2184//1027 2179//1027
f 2148//1030 2149//1030 2185//1030
f 2185//1030 2149//1030 2151//1030
f 2185//1028 2151//1028 2186//1028
f 2186//1029 2151//1029 2153//1029
f 2186//1027 2153//1027 2183//1027
f 2183//1026 2153//1026 2155//1026
f 2187//1040 2188//1040 2189//1040
f 2189//1040 2188//1040 2190//1040
f 2190//1041 2188//1041 2191//1041
f 2190//1041 2191//1041 2192//1041
f 2192//1042 2191//1042 2193//1042
f 2192//1042 2193//1042 2194//1042
f 2194//1043 2193//1043 2137//1043
f 2194//1043 2137//1043 2173//1043
f 2187//2 2189//2 2195//2
f 2195//2 2189//2 2196//2
f 2197//1044 2198//1044 2199//1044
f 2199//1044 2198//1044 2200//1044
f 2200//1045 2198//1045 2201//1045
f 2200//1046 2201//1046 2202//1046
f 2202//1047 2201//1047 2203//1047
f 2202//1047 2203//1047 2204//1047
f 2204//1048 2203//1048 2205//1048
f 2204//1048 2205//1048 2206//1048
f 2206//355 2205//355 2207//355
f 2206//355 2207//355 2208//355
f 2208//1049 2207//1049 2209//1049
f 2208//1049 2209//1049 2210//1049
f 2210//1050 2209//1050 2211//1050
f 2210//1050 2211//1050 2212//1050
f 2212//1051 2211//1051 2195//1051
f 2212//1051 2195//1051 2196//1051
f 2213//1052 2214//1052 2215//1052
f 2215//1052 2214//1052 2216//1052
f 2216//1053 2214//1053 2197//1053
f 2216//1053 2197//1053 2199//1053
f 2217//1054 2218//1054 2219//1054
f 2219//1054 2218//1054 2220//1054
f 2219//1054 2220//1054 2221//1054
f 2221//1054 2220//1054 2222//1054
f 2222//1055 2220//1055 2223//1055
f 2222//1056 2223//1056 2224//1056
f 2224//1057 2223//1057 2225//1057
f 2224//1057 2225//1057 2226//1057
f 2226//1058 2225//1058 2227//1058
f 2226//1058 2227//1058 2228//1058
f 2228//1059 2227//1059 2229//1059
f 2228//1059 2229//1059 2230//1059
f 2230//1060 2229//1060 2231//1060
f 2230//1061 2231//1061 2232//1061
f 2232//1062 2231//1062 2233//1062
f 2232//1063 2233//1063 2234//1063
f 2234//1064 2233//1064 2235//1064
f 2234//1065 2235//1065 2236//1065
f 2236//1066 2235//1066 2237//1066
f 2236//1066 2237//1066 2238//1066
f 2238//1067 2237//1067 2239//1067
f 2238//1068 2239//1068 2240//1068
f 2240//1069 2239//1069 2241//1069
f 2240//1069 2241//1069 2242//1069
f 2242//1070 2241//1070 2243//1070
f 2242//1070 2243//1070 2244//1070
f 2244//1071 2243//1071 2245//1071
f 2244//1071 2245//1071 2246//1071
f 2246//1072 2245//1072 2247//1072
f 2246//339 2247//339 2248//339
f 2248//1073 2247//1073 2249//1073
f 2248//1073 2249//1073 2250//1073
f 2250//1074 2249//1074 2251//1074
f 2250//1074 2251//1074 2252//1074
f 2252//1075 2251//1075 2253//1075
f 2252//1075 2253//1075 2254//1075
f 2254//1076 2253//1076 2255//1076
f 2254//1077 2255//1077 2256//1077
f 2256//1078 2255//1078 2257//1078
f 2256//1078 2257//1078 2258//1078
f 2258//1079 2257//1079 2259//1079
f 2258//1080 2259//1080 2260//1080
f 2260//1081 2259//1081 2261//1081
f 2260//1082 2261//1082 2262//1082
f 2262//1083 2261//1083 2263//1083
f 2262//88 2263//88 2264//88
f 2264//1084 2263//1084 2265//1084
f 2264//1085 2265//1085 2266//1085
f 2266//1086 2265//1086 2267//1086
f 2266//1086 2267//1086 2268//1086
f 2268//1087 2267//1087 2269//1087
f 2268//1087 2269//1087 2270//1087
f 2270//1088 2269//1088 2271//1088
f 2270//1088 2271//1088 2272//1088
f 2272//1089 2271//1089 2215//1089
f 2215//1089 2271//1089 2273//1089
f 2215//1089 2273//1089 2213//1089
f 2213//1089 2273//1089 2274//1089
f 2274//1088 2273//1088 2275//1088
f 2274//1088 2275//1088 2276//1088
f 2276//1087 2275//1087 2277//1087
f 2276//1087 2277//1087 2278//1087
f 2278//1086 2277//1086 2279//1086
f 2278//1086 2279//1086 2280//1086
f 2280//1085 2279//1085 2281//1085
f 2280//1084 2281//1084 2282//1084
f 2282//88 2281//88 2283//88
f 2282//1083 2283//1083 2284//1083
f 2284//1082 2283//1082 2285//1082
f 2284//1081 2285//1081 2286//1081
f 2286//1080 2285//1080 2287//1080
f 2286//1079 2287//1079 2288//1079
f 2288//1078 2287//1078 2289//1078
f 2288//1078 2289//1078 2290//1078
f 2290//1077 2289//1077 2291//1077
f 2290//1076 2291//1076 2292//1076
f 2292//1075 2291//1075 2293//1075
f 2292//1075 2293//1075 2294//1075
f 2294//1074 2293//1074 2295//1074
f 2294//1074 2295//1074 2296//1074
f 2296//1073 2295//1073 2297//1073
f 2296//1073 2297//1073 2298//1073
f 2298//339 2297//339 2299//339
f 2298//1072 2299//1072 2300//1072
f 2300//1071 2299//1071 2301//1071
f 2300//1071 2301//1071 2302//1071
f 2302//1070 2301//1070 2303//1070
f 2302//1070 2303//1070 2304//1070
f 2304//1069 2303//1069 2305//1069
f 2304//1069 2305//1069 2306//1069
f 2306//1068 2305//1068 2307//1068
f 2306//1067 2307//1067 2308//1067
f 2308//1066 2307//1066 2309//1066
f 2308//1066 2309//1066 2310//1066
f 2310//1065 2309//1065 2311//1065
f 2310//1064 2311//1064 2312//1064
f 2312//1063 2311//1063 2313//1063
f 2312//1062 2313//1062 2314//1062
f 2314//1061 2313//1061 2315//1061
f 2314//1060 2315//1060 2316//1060
f 2316//1059 2315//1059 2317//1059
f 2316//1059 2317//1059 2318//1059
f 2318//1058 2317//1058 2319//1058
f 2318//1058 2319//1058 2320//1058
f 2320//1057 2319//1057 2321//1057
f 2320//1057 2321//1057 2322//1057
f 2322//1056 2321//1056 2218//1056
f 2322//1055 2218//1055 2217//1055
f 2271//1088 2269//1088 2273//1088
f 2273//1088 2269//1088 2275//1088
f 2269//1087 2267//1087 2275//1087
f 2275//1087 2267//1087 2277//1087
f 2267//1086 2265//1086 2277//1086
f 2277//1086 2265//1086 2279//1086
f 2265//1085 2263//1085 2279//1085
f 2279//1084 2263//1084 2281//1084
f 2263//88 2261//88 2281//88
f 2281//1083 2261//1083 2283//1083
f 2261//1082 2259//1082 2283//1082
f 2283//1081 2259//1081 2285//1081
f 2259//1080 2257//1080 2285//1080
f 2285//1079 2257//1079 2287//1079
f 2257//1078 2255//1078 2287//1078
f 2287//1078 2255//1078 2289//1078
f 2255//1077 2253//1077 2289//1077
f 2289//1076 2253//1076 2291//1076
f 2253//1075 2251//1075 2291//1075
f 2291//1075 2251//1075 2293//1075
f 2251//1074 2249//1074 2293//1074
f 2293//1074 2249//1074 2295//1074
f 2249//1073 2247//1073 2295//1073
f 2295//1073 2247//1073 2297//1073
f 2247//339 2245//339 2297//339
f 2297//1072 2245//1072 2299//1072
f 2245//1071 2243//1071 2299//1071
f 2299//1071 2243//1071 2301//1071
f 2243//1070 2241//1070 2301//1070
f 2301//1070 2241//1070 2303//1070
f 2241//1069 2239//1069 2303//1069
f 2303//1069 2239//1069 2305//1069
f 2239//1068 2237//1068 2305//1068
f 2305//1067 2237//1067 2307//1067
f 2237//1066 2235//1066 2307//1066
f 2307//1066 2235//1066 2309//1066
f 2235//1065 2233//1065 2309//1065
f 2309//1064 2233//1064 2311//1064
f 2233//1063 2231//1063 2311//1063
f 2311//1062 2231//1062 2313//1062
f 2231//1061 2229//1061 2313//1061
f 2313//1060 2229//1060 2315//1060
f 2229//1059 2227//1059 2315//1059
f 2315//1059 2227//1059 2317//1059
f 2227//1058 2225//1058 2317//1058
f 2317//1058 2225//1058 2319//1058
f 2220//1055 2218//1055 2321//1055
f 2225//1057 2223//1057 2319//1057
f 2319//1057 2223//1057 2321//1057
f 2223//1056 2220//1056 2321//1056
f 2323//1090 2324//1090 2325//1090
f 2325//1090 2324//1090 2326//1090
f 2325//1091 2326//1091 2327//1091
f 2327//1092 2326//1092 2328//1092
f 2327//1093 2328//1093 2329//1093
f 2329//1094 2328//1094 2219//1094
f 2329//1095 2219//1095 2330//1095
f 2330//1096 2219//1096 2331//1096
f 2330//1093 2331//1093 2332//1093
f 2332//1092 2331//1092 2333//1092
f 2332//1097 2333//1097 2325//1097
f 2325//1098 2333//1098 2334//1098
f 2334//1097 2333//1097 2335//1097
f 2334//1091 2335//1091 2336//1091
f 2336//1093 2335//1093 2337//1093
f 2336//1093 2337//1093 2338//1093
f 2338//1095 2337//1095 2221//1095
f 2338//1094 2221//1094 2339//1094
f 2339//1094 2221//1094 2340//1094
f 2339//1093 2340//1093 2341//1093
f 2341//1093 2340//1093 2342//1093
f 2341//1097 2342//1097 2334//1097
f 2334//1091 2342//1091 2343//1091
f 2343//1093 2342//1093 2344//1093
f 2343//1093 2344//1093 2345//1093
f 2345//1094 2344//1094 2221//1094
f 2221//1099 2344//1099 2340//1099
f 2323//1092 2346//1092 2324//1092
f 2324//1093 2346//1093 2347//1093
f 2324//1092 2347//1092 2326//1092
f 2326//1093 2347//1093 2328//1093
f 2346//1094 2219//1094 2347//1094
f 2347//1094 2219//1094 2328//1094
f 2331//1095 2219//1095 2348//1095
f 2348//1094 2219//1094 2221//1094
f 2348//1096 2221//1096 2337//1096
f 2330//1093 2332//1093 2349//1093
f 2349//1097 2332//1097 2325//1097
f 2349//1090 2325//1090 2327//1090
f 2334//1090 2336//1090 2350//1090
f 2350//1093 2336//1093 2338//1093
f 2350//1093 2338//1093 2339//1093
f 2342//1093 2340//1093 2344//1093
f 2349//1092 2327//1092 2329//1092
f 2330//1093 2349//1093 2329//1093
f 2339//1093 2341//1093 2350//1093
f 2350//1090 2341//1090 2334//1090
f 2335//1093 2333//1093 2348//1093
f 2348//1093 2333//1093 2331//1093
f 2337//1093 2335//1093 2348//1093
f 2351//1100 2352//1100 2353//1100
f 2353//1100 2352//1100 2354//1100
f 2354//1101 2352//1101 2355//1101
f 2354//1101 2355//1101 2356//1101
f 2356//1102 2355//1102 2357//1102
f 2356//1102 2357//1102 2358//1102
f 2358//1103 2357//1103 2359//1103
f 2358//1103 2359//1103 2360//1103
f 2360//1104 2359//1104 2361//1104
f 2360//1104 2361//1104 2362//1104
f 2362//1105 2361//1105 2363//1105
f 2362//1105 2363//1105 2364//1105
f 2364//1106 2363//1106 2365//1106
f 2364//1106 2365//1106 2366//1106
f 2366//1107 2365//1107 2325//1107
f 2366//1108 2325//1108 2334//1108
f 2367//1109 2368//1109 2369//1109
f 2369//1109 2368//1109 2370//1109
f 2369//1110 2370//1110 2371//1110
f 2371//1109 2370//1109 2372//1109
f 2372//1111 2370//1111 2373//1111
f 2372//1111 2373//1111 2374//1111
f 2374//1112 2373//1112 2375//1112
f 2374//1113 2375//1113 2376//1113
f 2376//1114 2375//1114 2377//1114
f 2376//1114 2377//1114 2378//1114
f 2378//1115 2377//1115 2379//1115
f 2378//1115 2379//1115 2380//1115
f 2380//1116 2379//1116 2381//1116
f 2380//1116 2381//1116 2382//1116
f 2382//1117 2381//1117 2383//1117
f 2382//1117 2383//1117 2384//1117
f 2384//1118 2383//1118 2353//1118
f 2353//1118 2383//1118 2385//1118
f 2353//1119 2385//1119 2351//1119
f 2351//1118 2385//1118 2386//1118
f 2386//1117 2385//1117 2387//1117
f 2386//1117 2387//1117 2388//1117
f 2388//1116 2387//1116 2389//1116
f 2388//1116 2389//1116 2390//1116
f 2390//1115 2389//1115 2391//1115
f 2390//1115 2391//1115 2392//1115
f 2392//1114 2391//1114 2393//1114
f 2392//1114 2393//1114 2394//1114
f 2394//1113 2393//1113 2395//1113
f 2394//1112 2395//1112 2396//1112
f 2396//1111 2395//1111 2368//1111
f 2396//1111 2368//1111 2367//1111
f 2383//1117 2381//1117 2385//1117
f 2385//1117 2381//1117 2387//1117
f 2381//1116 2379//1116 2387//1116
f 2387//1116 2379//1116 2389//1116
f 2379//1115 2377//1115 2389//1115
f 2389//1115 2377//1115 2391//1115
f 2377//1114 2375//1114 2391//1114
f 2391//1114 2375//1114 2393//1114
f 2370//1111 2368//1111 2395//1111
f 2375//1113 2373//1113 2393//1113
f 2393//1112 2373//1112 2395//1112
f 2373//1111 2370//1111 2395//1111
f 2397//1120 2398//1120 2399//1120
f 2399//1120 2398//1120 2400//1120
f 2399//138 2400//138 2401//138
f 2401//1121 2400//1121 2402//1121
f 2401//1121 2402//1121 2403//1121
f 2403//1122 2402//1122 2404//1122
f 2403//1123 2404//1123 2405//1123
f 2405//1124 2404//1124 2406//1124
f 2405//1125 2406//1125 2407//1125
f 2407//1126 2406//1126 2408//1126
f 2407//1127 2408//1127 2409//1127
f 2409//1128 2408//1128 2410//1128
f 2409//1129 2410//1129 2411//1129
f 2411//1130 2410//1130 2412//1130
f 2411//1130 2412//1130 2413//1130
f 2413//1131 2412//1131 2414//1131
f 2413//1132 2414//1132 2415//1132
f 2415//1133 2414//1133 2416//1133
f 2415//1134 2416//1134 2417//1134
f 2417//1135 2416//1135 2418//1135
f 2417//1135 2418//1135 2419//1135
f 2419//1136 2418//1136 2420//1136
f 2419//1137 2420//1137 2421//1137
f 2421//1138 2420//1138 2422//1138
f 2421//1139 2422//1139 2423//1139
f 2423//1140 2422//1140 2424//1140
f 2423//1141 2424//1141 2425//1141
f 2425//1142 2424//1142 2426//1142
f 2425//1143 2426//1143 2427//1143
f 2427//1144 2426//1144 2428//1144
f 2427//1144 2428//1144 2429//1144
f 2429//1145 2428//1145 2430//1145
f 2429//1146 2430//1146 2431//1146
f 2431//1147 2430//1147 2369//1147
f 2431//1148 2369//1148 2371//1148
f 2397//1121 2432//1121 2398//1121
f 2398//1121 2432//1121 2433//1121
f 2398//1121 2433//1121 2400//1121
f 2400//1121 2433//1121 2402//1121
f 2432//1122 2434//1122 2433//1122
f 2433//1123 2434//1123 2435//1123
f 2433//1122 2435//1122 2402//1122
f 2402//1123 2435//1123 2404//1123
f 2434//1124 2436//1124 2435//1124
f 2435//1125 2436//1125 2437//1125
f 2435//1124 2437//1124 2404//1124
f 2404//1125 2437//1125 2406//1125
f 2436//1126 2438//1126 2437//1126
f 2437//1127 2438//1127 2439//1127
f 2437//1126 2439//1126 2406//1126
f 2406//1127 2439//1127 2408//1127
f 2438//1128 2440//1128 2439//1128
f 2439//1129 2440//1129 2441//1129
f 2439//1128 2441//1128 2408//1128
f 2408//1129 2441//1129 2410//1129
f 2440//1130 2442//1130 2441//1130
f 2441//1130 2442//1130 2443//1130
f 2441//1130 2443//1130 2410//1130
f 2410//1130 2443//1130 2412//1130
f 2442//1131 2444//1131 2443//1131
f 2443//1132 2444//1132 2445//1132
f 2443//1131 2445//1131 2412//1131
f 2412//1132 2445//1132 2414//1132
f 2444//1133 2446//1133 2445//1133
f 2445//1134 2446//1134 2447//1134
f 2445//1133 2447//1133 2414//1133
f 2414//1134 2447//1134 2416//1134
f 2446//1135 2448//1135 2447//1135
f 2447//1135 2448//1135 2449//1135
f 2447//1135 2449//1135 2416//1135
f 2416//1135 2449//1135 2418//1135
f 2448//1136 2450//1136 2449//1136
f 2449//1137 2450//1137 2451//1137
f 2449//1136 2451//1136 2418//1136
f 2418//1137 2451//1137 2420//1137
f 2450//1138 2452//1138 2451//1138
f 2451//1139 2452//1139 2453//1139
f 2451//1138 2453//1138 2420//1138
f 2420//1139 2453//1139 2422//1139
f 2452//1140 2454//1140 2453//1140
f 2453//1141 2454//1141 2455//1141
f 2453//1140 2455//1140 2422//1140
f 2422//1141 2455//1141 2424//1141
f 2454//1142 2456//1142 2455//1142
f 2455//1143 2456//1143 2457//1143
f 2455//1142 2457//1142 2424//1142
f 2424//1143 2457//1143 2426//1143
f 2456//1144 2458//1144 2457//1144
f 2457//1144 2458//1144 2459//1144
f 2457//1144 2459//1144 2426//1144
f 2426//1144 2459//1144 2428//1144
f 2458//1145 2460//1145 2459//1145
f 2459//1146 2460//1146 2461//1146
f 2459//1145 2461//1145 2428//1145
f 2428//1146 2461//1146 2430//1146
f 2460//1149 2369//1149 2461//1149
f 2461//1149 2369//1149 2430//1149
f 2462//1150 2463//1150 2371//1150
f 2371//1149 2463//1149 2464//1149
f 2371//1147 2464//1147 2431//1147
f 2431//1146 2464//1146 2465//1146
f 2431//1146 2465//1146 2429//1146
f 2429//1151 2465//1151 2466//1151
f 2429//1152 2466//1152 2427//1152
f 2427//1142 2466//1142 2467//1142
f 2427//1143 2467//1143 2425//1143
f 2425//1140 2467//1140 2468//1140
f 2425//1141 2468//1141 2423//1141
f 2423//1139 2468//1139 2469//1139
f 2423//1139 2469//1139 2421//1139
f 2421//1136 2469//1136 2470//1136
f 2421//1136 2470//1136 2419//1136
f 2419//1153 2470//1153 2471//1153
f 2419//1154 2471//1154 2417//1154
f 2417//1133 2471//1133 2472//1133
f 2417//1134 2472//1134 2415//1134
f 2415//1155 2472//1155 2473//1155
f 2415//1155 2473//1155 2413//1155
f 2413//1130 2473//1130 2474//1130
f 2413//1130 2474//1130 2411//1130
f 2411//1129 2474//1129 2475//1129
f 2411//1128 2475//1128 2409//1128
f 2409//1127 2475//1127 2476//1127
f 2409//1127 2476//1127 2407//1127
f 2407//1124 2476//1124 2477//1124
f 2407//1124 2477//1124 2405//1124
f 2405//1123 2477//1123 2478//1123
f 2405//1123 2478//1123 2403//1123
f 2403//128 2478//128 2479//128
f 2403//1121 2479//1121 2401//1121
f 2401//1120 2479//1120 2480//1120
f 2401//1156 2480//1156 2399//1156
f 2462//1146 2481//1146 2463//1146
f 2463//1146 2481//1146 2482//1146
f 2463//1146 2482//1146 2464//1146
f 2464//1145 2482//1145 2465//1145
f 2481//1151 2483//1151 2482//1151
f 2482//1152 2483//1152 2484//1152
f 2482//1144 2484//1144 2465//1144
f 2465//1144 2484//1144 2466//1144
f 2483//1142 2485//1142 2484//1142
f 2484//1143 2485//1143 2486//1143
f 2484//1143 2486//1143 2466//1143
f 2466//1143 2486//1143 2467//1143
f 2485//1140 2487//1140 2486//1140
f 2486//1141 2487//1141 2488//1141
f 2486//1140 2488//1140 2467//1140
f 2467//1140 2488//1140 2468//1140
f 2487//1139 2489//1139 2488//1139
f 2488//1139 2489//1139 2490//1139
f 2488//1139 2490//1139 2468//1139
f 2468//1138 2490//1138 2469//1138
f 2489//1136 2491//1136 2490//1136
f 2490//1136 2491//1136 2492//1136
f 2490//1136 2492//1136 2469//1136
f 2469//1137 2492//1137 2470//1137
f 2491//1153 2493//1153 2492//1153
f 2492//1154 2493//1154 2494//1154
f 2492//1135 2494//1135 2470//1135
f 2470//1135 2494//1135 2471//1135
f 2493//1133 2495//1133 2494//1133
f 2494//1134 2495//1134 2496//1134
f 2494//1134 2496//1134 2471//1134
f 2471//1134 2496//1134 2472//1134
f 2495//1155 2497//1155 2496//1155
f 2496//1155 2497//1155 2498//1155
f 2496//1155 2498//1155 2472//1155
f 2472//1155 2498//1155 2473//1155
f 2497//1130 2499//1130 2498//1130
f 2498//1130 2499//1130 2500//1130
f 2498//1157 2500//1157 2473//1157
f 2473//58 2500//58 2474//58
f 2499//1129 2501//1129 2500//1129
f 2500//1128 2501//1128 2502//1128
f 2500//1128 2502//1128 2474//1128
f 2474//1128 2502//1128 2475//1128
f 2501//1127 2503//1127 2502//1127
f 2502//1127 2503//1127 2504//1127
f 2502//1126 2504//1126 2475//1126
f 2475//1127 2504//1127 2476//1127
f 2503//1124 2505//1124 2504//1124
f 2504//1124 2505//1124 2506//1124
f 2504//1124 2506//1124 2476//1124
f 2476//1125 2506//1125 2477//1125
f 2505//1123 2507//1123 2506//1123
f 2506//1123 2507//1123 2508//1123
f 2506//1123 2508//1123 2477//1123
f 2477//1122 2508//1122 2478//1122
f 2507//128 2509//128 2508//128
f 2508//1121 2509//1121 2510//1121
f 2508//1121 2510//1121 2478//1121
f 2478//128 2510//128 2479//128
f 2509//138 2480//138 2510//138
f 2510//1120 2480//1120 2479//1120
f 2511//1158 2512//1158 2513//1158
f 2513//1158 2512//1158 2514//1158
f 2513//1158 2514//1158 2515//1158
f 2515//1159 2514//1159 2516//1159
f 2515//1159 2516//1159 2517//1159
f 2517//1160 2516//1160 2518//1160
f 2517//1160 2518//1160 2519//1160
f 2519//1161 2518//1161 2520//1161
f 2519//1161 2520//1161 2521//1161
f 2521//1162 2520//1162 2522//1162
f 2521//1163 2522//1163 2523//1163
f 2523//1164 2522//1164 2524//1164
f 2523//1165 2524//1165 2525//1165
f 2525//1166 2524//1166 2526//1166
f 2525//1166 2526//1166 2527//1166
f 2527//1167 2526//1167 2528//1167
f 2527//1167 2528//1167 2529//1167
f 2529//1168 2528//1168 2530//1168
f 2529//1169 2530//1169 2531//1169
f 2531//1170 2530//1170 2532//1170
f 2531//1170 2532//1170 2533//1170
f 2533//1171 2532//1171 2534//1171
f 2533//1172 2534//1172 2535//1172
f 2535//1173 2534//1173 2399//1173
f 2535//1173 2399//1173 2536//1173
f 2536//1173 2399//1173 2480//1173
f 2536//1174 2480//1174 2537//1174
f 2537//1173 2480//1173 2538//1173
f 2537//1171 2538//1171 2539//1171
f 2539//1172 2538//1172 2540//1172
f 2539//1170 2540//1170 2541//1170
f 2541//1170 2540//1170 2542//1170
f 2541//1169 2542//1169 2543//1169
f 2543//1168 2542//1168 2544//1168
f 2543//1167 2544//1167 2545//1167
f 2511//1159 2546//1159 2512//1159
f 2512//1159 2546//1159 2547//1159
f 2512//1159 2547//1159 2514//1159
f 2514//1159 2547//1159 2516//1159
f 2546//1160 2548//1160 2547//1160
f 2547//1160 2548//1160 2549//1160
f 2547//1160 2549//1160 2516//1160
f 2516//1160 2549//1160 2518//1160
f 2548//1161 2550//1161 2549//1161
f 2549//1161 2550//1161 2551//1161
f 2549//1161 2551//1161 2518//1161
f 2518//1161 2551//1161 2520//1161
f 2550//1162 2552//1162 2551//1162
f 2551//1175 2552//1175 2553//1175
f 2551//1162 2553//1162 2520//1162
f 2520//1175 2553//1175 2522//1175
f 2552//1165 2554//1165 2553//1165
f 2553//1165 2554//1165 2555//1165
f 2553//1165 2555//1165 2522//1165
f 2522//1165 2555//1165 2524//1165
f 2554//1166 2556//1166 2555//1166
f 2555//1166 2556//1166 2557//1166
f 2555//1166 2557//1166 2524//1166
f 2524//1166 2557//1166 2526//1166
f 2556//1167 2558//1167 2557//1167
f 2557//1167 2558//1167 2559//1167
f 2557//1167 2559//1167 2526//1167
f 2526//1167 2559//1167 2528//1167
f 2558//1168 2560//1168 2559//1168
f 2559//1169 2560//1169 2561//1169
f 2559//1168 2561//1168 2528//1168
f 2528//1169 2561//1169 2530//1169
f 2560//1170 2562//1170 2561//1170
f 2561//1170 2562//1170 2563//1170
f 2561//1170 2563//1170 2530//1170
f 2530//1170 2563//1170 2532//1170
f 2562//1172 2564//1172 2563//1172
f 2563//1171 2564//1171 2565//1171
f 2563//1172 2565//1172 2532//1172
f 2532//1171 2565//1171 2534//1171
f 2564//1176 2399//1176 2565//1176
f 2565//1173 2399//1173 2534//1173
f 2566//1176 2567//1176 2480//1176
f 2480//1176 2567//1176 2568//1176
f 2480//1173 2568//1173 2538//1173
f 2538//1171 2568//1171 2540//1171
f 2566//1171 2569//1171 2567//1171
f 2567//1172 2569//1172 2570//1172
f 2567//1171 2570//1171 2568//1171
f 2568//1172 2570//1172 2540//1172
f 2569//1170 2571//1170 2570//1170
f 2570//1170 2571//1170 2542//1170
f 2570//1170 2542//1170 2540//1170
f 2571//1169 2544//1169 2542//1169
f 2543//1167 2545//1167 2572//1167
f 2572//1166 2545//1166 2573//1166
f 2572//1166 2573//1166 2574//1166
f 2574//1165 2573//1165 2575//1165
f 2574//1165 2575//1165 2576//1165
f 2576//1175 2575//1175 2577//1175
f 2576//1162 2577//1162 2578//1162
f 2578//1161 2577//1161 2579//1161
f 2578//1161 2579//1161 2580//1161
f 2580//1160 2579//1160 2581//1160
f 2580//1160 2581//1160 2582//1160
f 2582//1159 2581//1159 2583//1159
f 2582//1159 2583//1159 2584//1159
f 2584//1158 2583//1158 2585//1158
f 2584//1158 2585//1158 2586//1158
f 2586//1158 2585//1158 2587//1158
f 2586//1159 2587//1159 2588//1159
f 2588//1159 2587//1159 2589//1159
f 2588//1160 2589//1160 2590//1160
f 2590//1160 2589//1160 2591//1160
f 2590//1161 2591//1161 2592//1161
f 2592//1161 2591//1161 2521//1161
f 2592//1162 2521//1162 2523//1162
f 2587//1158 2585//1158 2593//1158
f 2593//1158 2585//1158 2513//1158
f 2593//1158 2513//1158 2594//1158
f 2594//1158 2513//1158 2515//1158
f 2594//1159 2515//1159 2517//1159
f 2582//1159 2584//1159 2595//1159
f 2595//1159 2584//1159 2586//1159
f 2595//1159 2586//1159 2588//1159
f 2580//1160 2582//1160 2596//1160
f 2596//1160 2582//1160 2595//1160
f 2596//1160 2595//1160 2597//1160
f 2597//1160 2595//1160 2588//1160
f 2597//1160 2588//1160 2590//1160
f 2578//1161 2580//1161 2598//1161
f 2598//1161 2580//1161 2596//1161
f 2598//1161 2596//1161 2599//1161
f 2599//1161 2596//1161 2597//1161
f 2599//1161 2597//1161 2600//1161
f 2600//1161 2597//1161 2590//1161
f 2600//1161 2590//1161 2592//1161
f 2576//1177 2578//1177 2601//1177
f 2601//1162 2578//1162 2598//1162
f 2601//1175 2598//1175 2602//1175
f 2602//1162 2598//1162 2599//1162
f 2602//1177 2599//1177 2603//1177
f 2603//1162 2599//1162 2600//1162
f 2603//1175 2600//1175 2604//1175
f 2604//1175 2600//1175 2592//1175
f 2604//1175 2592//1175 2523//1175
f 2574//1165 2576//1165 2605//1165
f 2605//1165 2576//1165 2601//1165
f 2605//1165 2601//1165 2606//1165
f 2606//1165 2601//1165 2602//1165
f 2606//1165 2602//1165 2607//1165
f 2607//1165 2602//1165 2603//1165
f 2607//1165 2603//1165 2608//1165
f 2608//1165 2603//1165 2604//1165
f 2608//1165 2604//1165 2525//1165
f 2525//1165 2604//1165 2523//1165
f 2572//1166 2574//1166 2609//1166
f 2609//1166 2574//1166 2605//1166
f 2609//1166 2605//1166 2610//1166
f 2610//1166 2605//1166 2606//1166
f 2610//1166 2606//1166 2611//1166
f 2611//1166 2606//1166 2607//1166
f 2611//1178 2607//1178 2612//1178
f 2612//1166 2607//1166 2608//1166
f 2612//1166 2608//1166 2527//1166
f 2527//1166 2608//1166 2525//1166
f 2543//1167 2572//1167 2613//1167
f 2613//1167 2572//1167 2609//1167
f 2613//1167 2609//1167 2614//1167
f 2614//1167 2609//1167 2610//1167
f 2614//1167 2610//1167 2615//1167
f 2615//1167 2610//1167 2611//1167
f 2615//1167 2611//1167 2616//1167
f 2616//1167 2611//1167 2612//1167
f 2616//1167 2612//1167 2529//1167
f 2529//1167 2612//1167 2527//1167
f 2533//1172 2535//1172 2617//1172
f 2617//1171 2535//1171 2536//1171
f 2617//1171 2536//1171 2618//1171
f 2618//1171 2536//1171 2537//1171
f 2618//1172 2537//1172 2539//1172
f 2616//1168 2529//1168 2531//1168
f 2531//1170 2533//1170 2619//1170
f 2619//1170 2533//1170 2617//1170
f 2619//1179 2617//1179 2620//1179
f 2620//1180 2617//1180 2618//1180
f 2620//1170 2618//1170 2621//1170
f 2621//1170 2618//1170 2539//1170
f 2621//1170 2539//1170 2541//1170
f 2521//1161 2591//1161 2519//1161
f 2519//1160 2591//1160 2622//1160
f 2519//1160 2622//1160 2517//1160
f 2517//1159 2622//1159 2594//1159
f 2589//1159 2587//1159 2593//1159
f 2615//1168 2616//1168 2619//1168
f 2619//1169 2616//1169 2531//1169
f 2615//1169 2619//1169 2620//1169
f 2593//1159 2594//1159 2622//1159
f 2593//1159 2622//1159 2589//1159
f 2589//1160 2622//1160 2591//1160
f 2614//1168 2615//1168 2620//1168
f 2614//1169 2620//1169 2621//1169
f 2613//1168 2614//1168 2621//1168
f 2613//1169 2621//1169 2541//1169
f 2543//1168 2613//1168 2541//1168
f 2623//1181 2624//1181 2625//1181
f 2625//1181 2624//1181 2626//1181
f 2626//1182 2624//1182 2627//1182
f 2626//1182 2627//1182 2628//1182
f 2628//1183 2627//1183 2629//1183
f 2628//1183 2629//1183 2630//1183
f 2630//1184 2629//1184 2631//1184
f 2630//1184 2631//1184 2632//1184
f 2632//1185 2631//1185 2633//1185
f 2632//1185 2633//1185 2634//1185
f 2634//1186 2633//1186 2635//1186
f 2634//1186 2635//1186 2636//1186
f 2636//1187 2635//1187 2637//1187
f 2636//1188 2637//1188 2638//1188
f 2638//1189 2637//1189 2639//1189
f 2638//1190 2639//1190 2640//1190
f 2640//1191 2639//1191 2641//1191
f 2640//1192 2641//1192 2642//1192
f 2642//1193 2641//1193 2643//1193
f 2642//1193 2643//1193 2644//1193
f 2644//1194 2643//1194 2645//1194
f 2644//1194 2645//1194 2646//1194
f 2646//1195 2645//1195 2647//1195
f 2646//1195 2647//1195 2648//1195
f 2648//1196 2647//1196 2649//1196
f 2648//1196 2649//1196 2650//1196
f 2650//1197 2649//1197 2513//1197
f 2650//1197 2513//1197 2585//1197
f 2651//1198 2652//1198 2653//1198
f 2653//1198 2652//1198 2654//1198
f 2654//1199 2652//1199 2655//1199
f 2654//1200 2655//1200 2656//1200
f 2656//1201 2655//1201 2657//1201
f 2656//1201 2657//1201 2658//1201
f 2658//1202 2657//1202 2659//1202
f 2658//1202 2659//1202 2660//1202
f 2660//1203 2659//1203 2661//1203
f 2660//1204 2661//1204 2662//1204
f 2662//1205 2661//1205 2663//1205
f 2662//1206 2663//1206 2664//1206
f 2664//1207 2663//1207 2665//1207
f 2664//1207 2665//1207 2666//1207
f 2666//1208 2665//1208 2667//1208
f 2666//1209 2667//1209 2668//1209
f 2668//1210 2667//1210 2669//1210
f 2668//1210 2669//1210 2670//1210
f 2670//1211 2669//1211 2671//1211
f 2670//1211 2671//1211 2672//1211
f 2672//1212 2671//1212 2673//1212
f 2672//1213 2673//1213 2674//1213
f 2674//1214 2673//1214 2675//1214
f 2674//1214 2675//1214 2676//1214
f 2676//1215 2675//1215 2677//1215
f 2676//1215 2677//1215 2678//1215
f 2678//1216 2677//1216 2679//1216
f 2678//1216 2679//1216 2680//1216
f 2680//1217 2679//1217 2681//1217
f 2680//1217 2681//1217 2682//1217
f 2682//1218 2681//1218 2683//1218
f 2682//1218 2683//1218 2684//1218
f 2684//1219 2683//1219 2685//1219
f 2684//1219 2685//1219 2686//1219
f 2686//1220 2685//1220 2687//1220
f 2686//1220 2687//1220 2688//1220
f 2688//1221 2687//1221 2689//1221
f 2688//1221 2689//1221 2690//1221
f 2690//1222 2689//1222 2623//1222
f 2690//1222 2623//1222 2625//1222
f 2691//1223 2692//1223 2693//1223
f 2693//1224 2692//1224 2694//1224
f 2694//1225 2692//1225 2695//1225
f 2694//1225 2695//1225 2696//1225
f 2696//1226 2695//1226 2697//1226
f 2696//1226 2697//1226 2698//1226
f 2698//531 2697//531 2699//531
f 2698//531 2699//531 2700//531
f 2700//1227 2699//1227 2701//1227
f 2700//1227 2701//1227 2702//1227
f 2702//1228 2701//1228 2703//1228
f 2702//1229 2703//1229 2704//1229
f 2704//1230 2703//1230 2651//1230
f 2704//1231 2651//1231 2653//1231
f 2705//1232 2706//1232 2707//1232
f 2707//1232 2706//1232 2708//1232
f 2708//1233 2706//1233 2709//1233
f 2708//1234 2709//1234 2710//1234
f 2710//1235 2709//1235 2711//1235
f 2710//1235 2711//1235 2712//1235
f 2712//1236 2711//1236 2713//1236
f 2712//1236 2713//1236 2714//1236
f 2714//1237 2713//1237 2715//1237
f 2714//1238 2715//1238 2716//1238
f 2716//1239 2715//1239 2717//1239
f 2716//1239 2717//1239 2718//1239
f 2718//1240 2717//1240 2719//1240
f 2718//1240 2719//1240 2720//1240
f 2720//1241 2719//1241 2721//1241
f 2720//1242 2721//1242 2722//1242
f 2722//1243 2721//1243 2691//1243
f 2722//1244 2691//1244 2693//1244
f 2723//1245 2724//1245 2725//1245
f 2725//1246 2724//1246 2726//1246
f 2726//1247 2724//1247 2727//1247
f 2726//1247 2727//1247 2728//1247
f 2728//1248 2727//1248 2729//1248
f 2728//1249 2729//1249 2730//1249
f 2730//1250 2729//1250 2731//1250
f 2730//1251 2731//1251 2732//1251
f 2732//1252 2731//1252 2733//1252
f 2732//1252 2733//1252 2734//1252
f 2734//1253 2733//1253 2735//1253
f 2734//1253 2735//1253 2736//1253
f 2736//1254 2735//1254 2737//1254
f 2736//1255 2737//1255 2738//1255
f 2738//1256 2737//1256 2739//1256
f 2738//1256 2739//1256 2740//1256
f 2740//1257 2739//1257 2705//1257
f 2740//1258 2705//1258 2707//1258
f 2741//1259 2742//1259 2743//1259
f 2743//1259 2742//1259 2744//1259
f 2743//1260 2744//1260 2745//1260
f 2745//1259 2744//1259 2746//1259
f 2746//1261 2744//1261 2747//1261
f 2746//1262 2747//1262 2748//1262
f 2748//1263 2747//1263 2749//1263
f 2748//1263 2749//1263 2750//1263
f 2750//1264 2749//1264 2751//1264
f 2750//1265 2751//1265 2752//1265
f 2752//1266 2751//1266 2753//1266
f 2752//1267 2753//1267 2754//1267
f 2754//1268 2753//1268 2755//1268
f 2754//1269 2755//1269 2756//1269
f 2756//1270 2755//1270 2757//1270
f 2756//1270 2757//1270 2758//1270
f 2758//1271 2757//1271 2759//1271
f 2758//1271 2759//1271 2760//1271
f 2760//1272 2759//1272 2761//1272
f 2760//1273 2761//1273 2762//1273
f 2762//1274 2761//1274 2763//1274
f 2762//1275 2763//1275 2764//1275
f 2764//1276 2763//1276 2725//1276
f 2725//1277 2763//1277 2765//1277
f 2725//1278 2765//1278 2723//1278
f 2723//1276 2765//1276 2766//1276
f 2766//1275 2765//1275 2767//1275
f 2766//1274 2767//1274 2768//1274
f 2768//1273 2767//1273 2769//1273
f 2768//1272 2769//1272 2770//1272
f 2770//1271 2769//1271 2771//1271
f 2770//1271 2771//1271 2772//1271
f 2772//1270 2771//1270 2773//1270
f 2772//1270 2773//1270 2774//1270
f 2774//1269 2773//1269 2775//1269
f 2774//1268 2775//1268 2776//1268
f 2776//1267 2775//1267 2777//1267
f 2776//1266 2777//1266 2778//1266
f 2778//1265 2777//1265 2779//1265
f 2778//1264 2779//1264 2780//1264
f 2780//1263 2779//1263 2781//1263
f 2780//1263 2781//1263 2782//1263
f 2782//1262 2781//1262 2742//1262
f 2782//1261 2742//1261 2741//1261
f 2763//1275 2761//1275 2765//1275
f 2765//1274 2761//1274 2767//1274
f 2761//1273 2759//1273 2767//1273
f 2767//1272 2759//1272 2769//1272
f 2759//1271 2757//1271 2769//1271
f 2769//1271 2757//1271 2771//1271
f 2757//1270 2755//1270 2771//1270
f 2771//1270 2755//1270 2773//1270
f 2755//1269 2753//1269 2773//1269
f 2773//1268 2753//1268 2775//1268
f 2753//1267 2751//1267 2775//1267
f 2775//1266 2751//1266 2777//1266
f 2751//1265 2749//1265 2777//1265
f 2777//1264 2749//1264 2779//1264
f 2744//1261 2742//1261 2781//1261
f 2749//1263 2747//1263 2779//1263
f 2779//1263 2747//1263 2781//1263
f 2747//1262 2744//1262 2781//1262
f 2783//1279 2784//1279 2785//1279
f 2785//1279 2784//1279 2786//1279
f 2785//1280 2786//1280 2787//1280
f 2787//1281 2786//1281 2788//1281
f 2787//1281 2788//1281 2789//1281
f 2789//1282 2788//1282 2790//1282
f 2789//1283 2790//1283 2791//1283
f 2791//1284 2790//1284 2792//1284
f 2791//1284 2792//1284 2793//1284
f 2793//1285 2792//1285 2794//1285
f 2793//1285 2794//1285 2795//1285
f 2795//1286 2794//1286 2796//1286
f 2795//1287 2796//1287 2797//1287
f 2797//1288 2796//1288 2798//1288
f 2797//1288 2798//1288 2799//1288
f 2799//1289 2798//1289 2800//1289
f 2799//1290 2800//1290 2801//1290
f 2801//1291 2800//1291 2802//1291
f 2801//1291 2802//1291 2803//1291
f 2803//1292 2802//1292 2804//1292
f 2803//1292 2804//1292 2805//1292
f 2805//1293 2804//1293 2806//1293
f 2805//584 2806//584 2807//584
f 2807//1294 2806//1294 2808//1294
f 2807//1294 2808//1294 2809//1294
f 2809//1295 2808//1295 2810//1295
f 2809//272 2810//272 2811//272
f 2811//1296 2810//1296 2812//1296
f 2811//1297 2812//1297 2813//1297
f 2813//1298 2812//1298 2814//1298
f 2813//1298 2814//1298 2815//1298
f 2815//1299 2814//1299 2816//1299
f 2815//1299 2816//1299 2817//1299
f 2817//230 2816//230 2818//230
f 2817//230 2818//230 2819//230
f 2819//1300 2818//1300 2820//1300
f 2819//1300 2820//1300 2821//1300
f 2821//1301 2820//1301 2822//1301
f 2821//1302 2822//1302 2823//1302
f 2823//1303 2822//1303 2824//1303
f 2823//1304 2824//1304 2825//1304
f 2825//1305 2824//1305 2826//1305
f 2825//1306 2826//1306 2827//1306
f 2827//1307 2826//1307 2828//1307
f 2827//1307 2828//1307 2829//1307
f 2829//1308 2828//1308 2830//1308
f 2829//1308 2830//1308 2831//1308
f 2831//1309 2830//1309 2832//1309
f 2831//1310 2832//1310 2833//1310
f 2833//1311 2832//1311 2834//1311
f 2833//1311 2834//1311 2835//1311
f 2835//1312 2834//1312 2836//1312
f 2835//1312 2836//1312 2837//1312
f 2837//1313 2836//1313 2743//1313
f 2837//1313 2743//1313 2838//1313
f 2838//1314 2743//1314 2745//1314
f 2838//1313 2745//1313 2839//1313
f 2839//1313 2745//1313 2840//1313
f 2839//1312 2840//1312 2841//1312
f 2841//1312 2840//1312 2842//1312
f 2841//1311 2842//1311 2843//1311
f 2843//1311 2842//1311 2844//1311
f 2843//1310 2844//1310 2845//1310
f 2783//1281 2846//1281 2784//1281
f 2784//1281 2846//1281 2847//1281
f 2784//1281 2847//1281 2786//1281
f 2786//1281 2847//1281 2788//1281
f 2846//1282 2848//1282 2847//1282
f 2847//1283 2848//1283 2849//1283
f 2847//1282 2849//1282 2788//1282
f 2788//1283 2849//1283 2790//1283
f 2848//1284 2850//1284 2849//1284
f 2849//1284 2850//1284 2851//1284
f 2849//1284 2851//1284 2790//1284
f 2790//1284 2851//1284 2792//1284
f 2850//1285 2852//1285 2851//1285
f 2851//1285 2852//1285 2853//1285
f 2851//1285 2853//1285 2792//1285
f 2792//1285 2853//1285 2794//1285
f 2852//1286 2854//1286 2853//1286
f 2853//1287 2854//1287 2855//1287
f 2853//1286 2855//1286 2794//1286
f 2794//1287 2855//1287 2796//1287
f 2854//1288 2856//1288 2855//1288
f 2855//1288 2856//1288 2857//1288
f 2855//1288 2857//1288 2796//1288
f 2796//1288 2857//1288 2798//1288
f 2856//1289 2858//1289 2857//1289
f 2857//1290 2858//1290 2859//1290
f 2857//1289 2859//1289 2798//1289
f 2798//1290 2859//1290 2800//1290
f 2858//1291 2860//1291 2859//1291
f 2859//1291 2860//1291 2861//1291
f 2859//1291 2861//1291 2800//1291
f 2800//1291 2861//1291 2802//1291
f 2860//1292 2862//1292 2861//1292
f 2861//1292 2862//1292 2863//1292
f 2861//1292 2863//1292 2802//1292
f 2802//1292 2863//1292 2804//1292
f 2862//1293 2864//1293 2863//1293
f 2863//584 2864//584 2865//584
f 2863//1293 2865//1293 2804//1293
f 2804//584 2865//584 2806//584
f 2864//1294 2866//1294 2865//1294
f 2865//1294 2866//1294 2867//1294
f 2865//1294 2867//1294 2806//1294
f 2806//1294 2867//1294 2808//1294
f 2866//1295 2868//1295 2867//1295
f 2867//272 2868//272 2869//272
f 2867//1295 2869//1295 2808//1295
f 2808//272 2869//272 2810//272
f 2868//1296 2870//1296 2869//1296
f 2869//1297 2870//1297 2871//1297
f 2869//1296 2871//1296 2810//1296
f 2810//1297 2871//1297 2812//1297
f 2870//1298 2872//1298 2871//1298
f 2871//1298 2872//1298 2873//1298
f 2871//1298 2873//1298 2812//1298
f 2812//1298 2873//1298 2814//1298
f 2872//1299 2874//1299 2873//1299
f 2873//1299 2874//1299 2875//1299
f 2873//1299 2875//1299 2814//1299
f 2814//1299 2875//1299 2816//1299
f 2874//230 2876//230 2875//230
f 2875//230 2876//230 2877//230
f 2875//230 2877//230 2816//230
f 2816//230 2877//230 2818//230
f 2876//1300 2878//1300 2877//1300
f 2877//1300 2878//1300 2879//1300
f 2877//1300 2879//1300 2818//1300
f 2818//1300 2879//1300 2820//1300
f 2878//1301 2880//1301 2879//1301
f 2879//1302 2880//1302 2881//1302
f 2879//1301 2881//1301 2820//1301
f 2820//1302 2881//1302 2822//1302
f 2880//1303 2882//1303 2881//1303
f 2881//1304 2882//1304 2883//1304
f 2881//1303 2883//1303 2822//1303
f 2822//1304 2883//1304 2824//1304
f 2882//1305 2884//1305 2883//1305
f 2883//1306 2884//1306 2885//1306
f 2883//1305 2885//1305 2824//1305
f 2824//1306 2885//1306 2826//1306
f 2884//1307 2886//1307 2885//1307
f 2885//1307 2886//1307 2887//1307
f 2885//1307 2887//1307 2826//1307
f 2826//1307 2887//1307 2828//1307
f 2886//1308 2888//1308 2887//1308
f 2887//1308 2888//1308 2889//1308
f 2887//1308 2889//1308 2828//1308
f 2828//1308 2889//1308 2830//1308
f 2888//1309 2890//1309 2889//1309
f 2889//1310 2890//1310 2891//1310
f 2889//1309 2891//1309 2830//1309
f 2830//1310 2891//1310 2832//1310
f 2890//1311 2892//1311 2891//1311
f 2891//1311 2892//1311 2893//1311
f 2891//1311 2893//1311 2832//1311
f 2832//1311 2893//1311 2834//1311
f 2892//1312 2894//1312 2893//1312
f 2893//1312 2894//1312 2895//1312
f 2893//1312 2895//1312 2834//1312
f 2834//1312 2895//1312 2836//1312
f 2894//1315 2743//1315 2895//1315
f 2895//1313 2743//1313 2836//1313
f 2840//1315 2745//1315 2896//1315
f 2896//1315 2745//1315 2897//1315
f 2896//1312 2897//1312 2898//1312
f 2896//1312 2898//1312 2842//1312
f 2842//1311 2898//1311 2844//1311
f 2843//1309 2845//1309 2899//1309
f 2899//1308 2845//1308 2900//1308
f 2899//1308 2900//1308 2901//1308
f 2901//1307 2900//1307 2902//1307
f 2901//1307 2902//1307 2903//1307
f 2903//1306 2902//1306 2904//1306
f 2903//1305 2904//1305 2905//1305
f 2905//1304 2904//1304 2906//1304
f 2905//1303 2906//1303 2907//1303
f 2907//1302 2906//1302 2908//1302
f 2907//1301 2908//1301 2909//1301
f 2909//1300 2908//1300 2910//1300
f 2909//1300 2910//1300 2911//1300
f 2911//230 2910//230 2912//230
f 2911//230 2912//230 2913//230
f 2913//1299 2912//1299 2914//1299
f 2913//1299 2914//1299 2915//1299
f 2915//1298 2914//1298 2916//1298
f 2915//1298 2916//1298 2917//1298
f 2917//1297 2916//1297 2918//1297
f 2917//1296 2918//1296 2919//1296
f 2919//272 2918//272 2920//272
f 2919//1295 2920//1295 2921//1295
f 2921//1294 2920//1294 2922//1294
f 2921//1294 2922//1294 2923//1294
f 2923//584 2922//584 2924//584
f 2923//1293 2924//1293 2925//1293
f 2925//1292 2924//1292 2926//1292
f 2925//1292 2926//1292 2927//1292
f 2927//1291 2926//1291 2928//1291
f 2927//1291 2928//1291 2929//1291
f 2929//1290 2928//1290 2930//1290
f 2929//1289 2930//1289 2931//1289
f 2931//1288 2930//1288 2932//1288
f 2931//1288 2932//1288 2933//1288
f 2933//1287 2932//1287 2934//1287
f 2933//1286 2934//1286 2935//1286
f 2935//1285 2934//1285 2936//1285
f 2935//1285 2936//1285 2937//1285
f 2937//1284 2936//1284 2938//1284
f 2937//1284 2938//1284 2939//1284
f 2939//1283 2938//1283 2940//1283
f 2939//1282 2940//1282 2941//1282
f 2941//1281 2940//1281 2942//1281
f 2941//1281 2942//1281 2943//1281
f 2943//1279 2942//1279 2944//1279
f 2943//1316 2944//1316 2945//1316
f 2945//1316 2944//1316 2946//1316
f 2945//1281 2946//1281 2947//1281
f 2947//1281 2946//1281 2948//1281
f 2947//1282 2948//1282 2949//1282
f 2949//1283 2948//1283 2791//1283
f 2949//1284 2791//1284 2793//1284
f 2946//1317 2944//1317 2950//1317
f 2950//1318 2944//1318 2785//1318
f 2950//1317 2785//1317 2787//1317
f 2948//1281 2946//1281 2950//1281
f 2842//1312 2840//1312 2896//1312
f 2941//1281 2943//1281 2951//1281
f 2951//1281 2943//1281 2945//1281
f 2951//1281 2945//1281 2947//1281
f 2939//1283 2941//1283 2952//1283
f 2952//1282 2941//1282 2951//1282
f 2952//1283 2951//1283 2953//1283
f 2953//1282 2951//1282 2947//1282
f 2953//1283 2947//1283 2949//1283
f 2937//1284 2939//1284 2954//1284
f 2954//1284 2939//1284 2952//1284
f 2954//1284 2952//1284 2955//1284
f 2955//1284 2952//1284 2953//1284
f 2955//1284 2953//1284 2956//1284
f 2956//1284 2953//1284 2949//1284
f 2956//1284 2949//1284 2793//1284
f 2935//1285 2937//1285 2957//1285
f 2957//1285 2937//1285 2954//1285
f 2957//1285 2954//1285 2958//1285
f 2958//1285 2954//1285 2955//1285
f 2958//1285 2955//1285 2959//1285
f 2959//1285 2955//1285 2956//1285
f 2959//1285 2956//1285 2795//1285
f 2795//1285 2956//1285 2793//1285
f 2933//1287 2935//1287 2960//1287
f 2960//1286 2935//1286 2957//1286
f 2960//1287 2957//1287 2961//1287
f 2961//1286 2957//1286 2958//1286
f 2961//1287 2958//1287 2962//1287
f 2962//1286 2958//1286 2959//1286
f 2962//1287 2959//1287 2797//1287
f 2797//1286 2959//1286 2795//1286
f 2931//1288 2933//1288 2963//1288
f 2963//1288 2933//1288 2960//1288
f 2963//1288 2960//1288 2964//1288
f 2964//1288 2960//1288 2961//1288
f 2964//1288 2961//1288 2965//1288
f 2965//1288 2961//1288 2962//1288
f 2965//1288 2962//1288 2799//1288
f 2799//1288 2962//1288 2797//1288
f 2929//1290 2931//1290 2966//1290
f 2966//1289 2931//1289 2963//1289
f 2966//1290 2963//1290 2967//1290
f 2967//1289 2963//1289 2964//1289
f 2967//1290 2964//1290 2968//1290
f 2968//1289 2964//1289 2965//1289
f 2968//1290 2965//1290 2801//1290
f 2801//1289 2965//1289 2799//1289
f 2927//1291 2929//1291 2969//1291
f 2969//1291 2929//1291 2966//1291
f 2969//1291 2966//1291 2970//1291
f 2970//1291 2966//1291 2967//1291
f 2970//1291 2967//1291 2971//1291
f 2971//1291 2967//1291 2968//1291
f 2971//1291 2968//1291 2803//1291
f 2803//1291 2968//1291 2801//1291
f 2925//1292 2927//1292 2972//1292
f 2972//1292 2927//1292 2969//1292
f 2972//1292 2969//1292 2973//1292
f 2973//1292 2969//1292 2970//1292
f 2973//1292 2970//1292 2974//1292
f 2974//1292 2970//1292 2971//1292
f 2974//1292 2971//1292 2805//1292
f 2805//1292 2971//1292 2803//1292
f 2923//584 2925//584 2975//584
f 2975//1293 2925//1293 2972//1293
f 2975//584 2972//584 2976//584
f 2976//1293 2972//1293 2973//1293
f 2976//584 2973//584 2977//584
f 2977//1293 2973//1293 2974//1293
f 2977//584 2974//584 2807//584
f 2807//1293 2974//1293 2805//1293
f 2921//1294 2923//1294 2978//1294
f 2978//1294 2923//1294 2975//1294
f 2978//1294 2975//1294 2979//1294
f 2979//1294 2975//1294 2976//1294
f 2979//1294 2976//1294 2980//1294
f 2980//1294 2976//1294 2977//1294
f 2980//1294 2977//1294 2809//1294
f 2809//1294 2977//1294 2807//1294
f 2919//272 2921//272 2981//272
f 2981//1295 2921//1295 2978//1295
f 2981//272 2978//272 2982//272
f 2982//1295 2978//1295 2979//1295
f 2982//272 2979//272 2983//272
f 2983//1295 2979//1295 2980//1295
f 2983//272 2980//272 2811//272
f 2811//1295 2980//1295 2809//1295
f 2917//1297 2919//1297 2984//1297
f 2984//1296 2919//1296 2981//1296
f 2984//1297 2981//1297 2985//1297
f 2985//1296 2981//1296 2982//1296
f 2985//1297 2982//1297 2986//1297
f 2986//1296 2982//1296 2983//1296
f 2986//1297 2983//1297 2813//1297
f 2813//1296 2983//1296 2811//1296
f 2915//1298 2917//1298 2987//1298
f 2987//1298 2917//1298 2984//1298
f 2987//1298 2984//1298 2988//1298
f 2988//1298 2984//1298 2985//1298
f 2988//1298 2985//1298 2989//1298
f 2989//1298 2985//1298 2986//1298
f 2989//1298 2986//1298 2815//1298
f 2815//1298 2986//1298 2813//1298
f 2913//1299 2915//1299 2990//1299
f 2990//1299 2915//1299 2987//1299
f 2990//1299 2987//1299 2991//1299
f 2991//1299 2987//1299 2988//1299
f 2991//1299 2988//1299 2992//1299
f 2992//1299 2988//1299 2989//1299
f 2992//1299 2989//1299 2817//1299
f 2817//1299 2989//1299 2815//1299
f 2911//230 2913//230 2993//230
f 2993//230 2913//230 2990//230
f 2993//230 2990//230 2994//230
f 2994//230 2990//230 2991//230
f 2994//230 2991//230 2995//230
f 2995//230 2991//230 2992//230
f 2995//230 2992//230 2819//230
f 2819//230 2992//230 2817//230
f 2909//1300 2911//1300 2996//1300
f 2996//1300 2911//1300 2993//1300
f 2996//1300 2993//1300 2997//1300
f 2997//1300 2993//1300 2994//1300
f 2997//1300 2994//1300 2998//1300
f 2998//1300 2994//1300 2995//1300
f 2998//1300 2995//1300 2821//1300
f 2821//1300 2995//1300 2819//1300
f 2907//1302 2909//1302 2999//1302
f 2999//1301 2909//1301 2996//1301
f 2999//1302 2996//1302 3000//1302
f 3000//1301 2996//1301 2997//1301
f 3000//1302 2997//1302 3001//1302
f 3001//1301 2997//1301 2998//1301
f 3001//1302 2998//1302 2823//1302
f 2823//1301 2998//1301 2821//1301
f 2905//1304 2907//1304 3002//1304
f 3002//1303 2907//1303 2999//1303
f 3002//1304 2999//1304 3003//1304
f 3003//1303 2999//1303 3000//1303
f 3003//1304 3000//1304 3004//1304
f 3004//1303 3000//1303 3001//1303
f 3004//1304 3001//1304 2825//1304
f 2825//1303 3001//1303 2823//1303
f 2903//1306 2905//1306 3005//1306
f 3005//1305 2905//1305 3002//1305
f 3005//1306 3002//1306 3006//1306
f 3006//1305 3002//1305 3003//1305
f 3006//1306 3003//1306 3007//1306
f 3007//1305 3003//1305 3004//1305
f 3007//1306 3004//1306 2827//1306
f 2827//1305 3004//1305 2825//1305
f 2901//1307 2903//1307 3008//1307
f 3008//1307 2903//1307 3005//1307
f 3008//1307 3005//1307 3009//1307
f 3009//1307 3005//1307 3006//1307
f 3009//1307 3006//1307 3010//1307
f 3010//1307 3006//1307 3007//1307
f 3010//1307 3007//1307 2829//1307
f 2829//1307 3007//1307 2827//1307
f 2899//1308 2901//1308 3011//1308
f 3011//1308 2901//1308 3008//1308
f 3011//1308 3008//1308 3012//1308
f 3012//1308 3008//1308 3009//1308
f 3012//1308 3009//1308 3013//1308
f 3013//1308 3009//1308 3010//1308
f 3013//1308 3010//1308 2831//1308
f 2831//1308 3010//1308 2829//1308
f 2843//1310 2899//1310 3014//1310
f 3014//1309 2899//1309 3011//1309
f 3014//1310 3011//1310 3015//1310
f 3015//1309 3011//1309 3012//1309
f 3015//1310 3012//1310 3016//1310
f 3016//1309 3012//1309 3013//1309
f 3016//1310 3013//1310 2833//1310
f 2833//1309 3013//1309 2831//1309
f 3016//1311 2833//1311 2835//1311
f 2835//1312 2837//1312 3017//1312
f 3017//1312 2837//1312 2838//1312
f 3017//1312 2838//1312 3018//1312
f 3018//1312 2838//1312 2839//1312
f 3018//1312 2839//1312 2841//1312
f 2950//1281 2787//1281 2789//1281
f 2950//1281 2789//1281 2948//1281
f 2948//1282 2789//1282 2791//1282
f 3015//1311 3016//1311 3017//1311
f 3017//1311 3016//1311 2835//1311
f 3015//1311 3017//1311 3018//1311
f 3014//1311 3015//1311 3018//1311
f 3014//1311 3018//1311 2841//1311
f 2843//1311 3014//1311 2841//1311
f 3019//1319 3020//1319 3021//1319
f 3021//1319 3020//1319 3022//1319
f 3022//1320 3020//1320 3023//1320
f 3022//1320 3023//1320 3024//1320
f 3024//1321 3023//1321 3025//1321
f 3024//1321 3025//1321 3026//1321
f 3026//1322 3025//1322 3027//1322
f 3026//1322 3027//1322 3028//1322
f 3028//1323 3027//1323 3029//1323
f 3028//1323 3029//1323 3030//1323
f 3030//1324 3029//1324 3031//1324
f 3030//1324 3031//1324 3032//1324
f 3032//1325 3031//1325 3033//1325
f 3032//1325 3033//1325 3034//1325
f 3034//1326 3033//1326 3035//1326
f 3034//1326 3035//1326 3036//1326
f 3036//1327 3035//1327 3037//1327
f 3036//1327 3037//1327 3038//1327
f 3038//1328 3037//1328 3039//1328
f 3038//1328 3039//1328 3040//1328
f 3040//1329 3039//1329 3041//1329
f 3040//1329 3041//1329 3042//1329
f 3042//1330 3041//1330 3043//1330
f 3042//1330 3043//1330 3044//1330
f 3044//1331 3043//1331 2785//1331
f 3044//1332 2785//1332 2944//1332
f 3045//1333 3046//1333 3047//1333
f 3047//1334 3046//1334 3048//1334
f 3048//1335 3046//1335 3049//1335
f 3048//1336 3049//1336 3050//1336
f 3050//1337 3049//1337 3051//1337
f 3050//1337 3051//1337 3052//1337
f 3052//1338 3051//1338 3053//1338
f 3052//1338 3053//1338 3054//1338
f 3054//1339 3053//1339 3055//1339
f 3054//1339 3055//1339 3056//1339
f 3056//1340 3055//1340 3057//1340
f 3056//1340 3057//1340 3058//1340
f 3058//1341 3057//1341 3059//1341
f 3058//1342 3059//1342 3060//1342
f 3060//1343 3059//1343 3061//1343
f 3060//1344 3061//1344 3062//1344
f 3062//1345 3061//1345 3063//1345
f 3062//1345 3063//1345 3064//1345
f 3064//1346 3063//1346 3065//1346
f 3064//1346 3065//1346 3066//1346
f 3066//1347 3065//1347 3067//1347
f 3066//1347 3067//1347 3068//1347
f 3068//1348 3067//1348 3069//1348
f 3068//1348 3069//1348 3070//1348
f 3070//1349 3069//1349 3071//1349
f 3070//1349 3071//1349 3072//1349
f 3072//1350 3071//1350 3073//1350
f 3072//1350 3073//1350 3074//1350
f 3074//1351 3073//1351 3075//1351
f 3074//1351 3075//1351 3076//1351
f 3076//1352 3075//1352 3019//1352
f 3076//1352 3019//1352 3021//1352
f 3077//1353 3078//1353 3079//1353
f 3079//1353 3078//1353 3080//1353
f 3080//1354 3078//1354 3081//1354
f 3080//1354 3081//1354 3082//1354
f 3082//1355 3081//1355 3083//1355
f 3082//1356 3083//1356 3084//1356
f 3084//1357 3083//1357 3085//1357
f 3084//1357 3085//1357 3086//1357
f 3086//1358 3085//1358 3087//1358
f 3086//1358 3087//1358 3088//1358
f 3088//1359 3087//1359 3089//1359
f 3088//1359 3089//1359 3090//1359
f 3090//1360 3089//1360 3091//1360
f 3090//1360 3091//1360 3092//1360
f 3092//1361 3091//1361 3093//1361
f 3092//1361 3093//1361 3094//1361
f 3094//1362 3093//1362 3095//1362
f 3094//1363 3095//1363 3096//1363
f 3096//1364 3095//1364 3097//1364
f 3096//1365 3097//1365 3098//1365
f 3098//1366 3097//1366 3099//1366
f 3098//1367 3099//1367 3100//1367
f 3100//1368 3099//1368 3101//1368
f 3100//1368 3101//1368 3102//1368
f 3102//1369 3101//1369 3103//1369
f 3102//1370 3103//1370 3104//1370
f 3104//358 3103//358 3105//358
f 3104//358 3105//358 3106//358
f 3106//106 3105//106 3107//106
f 3106//106 3107//106 3108//106
f 3108//1371 3107//1371 3045//1371
f 3108//1371 3045//1371 3047//1371
f 3109//1372 3110//1372 3111//1372
f 3111//1372 3110//1372 3112//1372
f 3112//1373 3110//1373 3113//1373
f 3112//1373 3113//1373 3114//1373
f 3114//1374 3113//1374 3115//1374
f 3114//1374 3115//1374 3116//1374
f 3116//1375 3115//1375 3117//1375
f 3116//1376 3117//1376 3118//1376
f 3118//1377 3117//1377 3119//1377
f 3118//1378 3119//1378 3120//1378
f 3120//1379 3119//1379 3121//1379
f 3120//1380 3121//1380 3122//1380
f 3122//1381 3121//1381 3123//1381
f 3122//1381 3123//1381 3124//1381
f 3124//1382 3123//1382 3125//1382
f 3124//1382 3125//1382 3126//1382
f 3126//1383 3125//1383 3127//1383
f 3126//1383 3127//1383 3128//1383
f 3128//1384 3127//1384 3129//1384
f 3128//1385 3129//1385 3130//1385
f 3130//755 3129//755 3131//755
f 3130//755 3131//755 3132//755
f 3132//1386 3131//1386 3133//1386
f 3132//1386 3133//1386 3134//1386
f 3134//1387 3133//1387 3135//1387
f 3134//1387 3135//1387 3136//1387
f 3136//1388 3135//1388 3137//1388
f 3136//1388 3137//1388 3138//1388
f 3138//1389 3137//1389 3139//1389
f 3138//1390 3139//1390 3140//1390
f 3140//1391 3139//1391 3141//1391
f 3140//1392 3141//1392 3142//1392
f 3142//1393 3141//1393 3143//1393
f 3142//1393 3143//1393 3144//1393
f 3144//1394 3143//1394 3145//1394
f 3144//1394 3145//1394 3146//1394
f 3146//1395 3145//1395 3147//1395
f 3146//1395 3147//1395 3148//1395
f 3148//1396 3147//1396 3149//1396
f 3148//1396 3149//1396 3150//1396
f 3150//1397 3149//1397 3151//1397
f 3150//1397 3151//1397 3152//1397
f 3152//692 3151//692 3153//692
f 3152//692 3153//692 3154//692
f 3154//1398 3153//1398 3155//1398
f 3154//1398 3155//1398 3156//1398
f 3156//1399 3155//1399 3157//1399
f 3156//1399 3157//1399 3158//1399
f 3158//1400 3157//1400 3159//1400
f 3158//1401 3159//1401 3160//1401
f 3160//1402 3159//1402 3161//1402
f 3160//1402 3161//1402 3162//1402
f 3162//1403 3161//1403 3163//1403
f 3162//1403 3163//1403 3164//1403
f 3164//1404 3163//1404 3077//1404
f 3164//1405 3077//1405 3079//1405
f 3165//1406 3166//1406 3167//1406
f 3167//1406 3166//1406 3168//1406
f 3167//1407 3168//1407 3169//1407
f 3169//1408 3168//1408 3170//1408
f 3169//1408 3170//1408 3171//1408
f 3171//1409 3170//1409 3172//1409
f 3171//1410 3172//1410 3173//1410
f 3173//1411 3172//1411 3174//1411
f 3173//1411 3174//1411 3175//1411
f 3175//1412 3174//1412 3176//1412
f 3175//1412 3176//1412 3177//1412
f 3177//1413 3176//1413 3178//1413
f 3177//1413 3178//1413 3179//1413
f 3179//1414 3178//1414 3180//1414
f 3179//1415 3180//1415 3181//1415
f 3181//1416 3180//1416 3182//1416
f 3181//1416 3182//1416 3183//1416
f 3183//1417 3182//1417 3184//1417
f 3183//1418 3184//1418 3185//1418
f 3185//1419 3184//1419 3186//1419
f 3185//1420 3186//1420 3187//1420
f 3187//1421 3186//1421 3188//1421
f 3187//1422 3188//1422 3189//1422
f 3189//1423 3188//1423 3190//1423
f 3189//1424 3190//1424 3191//1424
f 3191//1425 3190//1425 3192//1425
f 3191//1425 3192//1425 3193//1425
f 3193//1426 3192//1426 3194//1426
f 3193//1426 3194//1426 3195//1426
f 3195//1427 3194//1427 3111//1427
f 3195//1428 3111//1428 3196//1428
f 3196//1428 3111//1428 3197//1428
f 3196//1426 3197//1426 3198//1426
f 3165//1429 3199//1429 3166//1429
f 3166//1430 3199//1430 3200//1430
f 3166//1429 3200//1429 3168//1429
f 3168//1430 3200//1430 3170//1430
f 3199//1410 3201//1410 3200//1410
f 3200//1409 3201//1409 3202//1409
f 3200//1410 3202//1410 3170//1410
f 3170//1409 3202//1409 3172//1409
f 3201//1411 3203//1411 3202//1411
f 3202//1411 3203//1411 3204//1411
f 3202//1411 3204//1411 3172//1411
f 3172//1411 3204//1411 3174//1411
f 3203//1412 3205//1412 3204//1412
f 3204//1412 3205//1412 3206//1412
f 3204//1412 3206//1412 3174//1412
f 3174//1412 3206//1412 3176//1412
f 3205//1413 3207//1413 3206//1413
f 3206//1413 3207//1413 3208//1413
f 3206//1413 3208//1413 3176//1413
f 3176//1413 3208//1413 3178//1413
f 3207//1431 3209//1431 3208//1431
f 3208//1431 3209//1431 3210//1431
f 3208//1431 3210//1431 3178//1431
f 3178//1431 3210//1431 3180//1431
f 3209//1416 3211//1416 3210//1416
f 3210//1416 3211//1416 3212//1416
f 3210//1416 3212//1416 3180//1416
f 3180//1416 3212//1416 3182//1416
f 3211//1417 3213//1417 3212//1417
f 3212//1417 3213//1417 3214//1417
f 3212//1417 3214//1417 3182//1417
f 3182//1417 3214//1417 3184//1417
f 3213//1420 3215//1420 3214//1420
f 3214//1420 3215//1420 3216//1420
f 3214//1420 3216//1420 3184//1420
f 3184//1420 3216//1420 3186//1420
f 3215//1421 3217//1421 3216//1421
f 3216//1421 3217//1421 3218//1421
f 3216//1421 3218//1421 3186//1421
f 3186//1421 3218//1421 3188//1421
f 3217//1423 3219//1423 3218//1423
f 3218//1424 3219//1424 3220//1424
f 3218//1423 3220//1423 3188//1423
f 3188//1424 3220//1424 3190//1424
f 3219//1425 3221//1425 3220//1425
f 3220//1432 3221//1432 3222//1432
f 3220//1425 3222//1425 3190//1425
f 3190//1432 3222//1432 3192//1432
f 3221//1426 3223//1426 3222//1426
f 3222//1433 3223//1433 3224//1433
f 3222//1426 3224//1426 3192//1426
f 3192//1433 3224//1433 3194//1433
f 3223//1428 3109//1428 3224//1428
f 3224//1428 3109//1428 3194//1428
f 3109//1434 3111//1434 3194//1434
f 3196//1433 3198//1433 3225//1433
f 3225//1432 3198//1432 3226//1432
f 3225//1425 3226//1425 3227//1425
f 3227//1424 3226//1424 3228//1424
f 3227//1423 3228//1423 3229//1423
f 3229//1421 3228//1421 3230//1421
f 3229//1422 3230//1422 3231//1422
f 3231//1419 3230//1419 3232//1419
f 3231//1420 3232//1420 3233//1420
f 3233//1417 3232//1417 3234//1417
f 3233//1417 3234//1417 3235//1417
f 3235//1416 3234//1416 3236//1416
f 3235//1435 3236//1435 3237//1435
f 3237//1415 3236//1415 3238//1415
f 3237//1431 3238//1431 3239//1431
f 3239//1436 3238//1436 3240//1436
f 3239//1437 3240//1437 3241//1437
f 3241//1412 3240//1412 3242//1412
f 3241//1412 3242//1412 3243//1412
f 3243//1411 3242//1411 3244//1411
f 3243//1411 3244//1411 3245//1411
f 3245//1409 3244//1409 3246//1409
f 3245//1410 3246//1410 3247//1410
f 3247//1430 3246//1430 3248//1430
f 3247//1429 3248//1429 3249//1429
f 3249//1406 3248//1406 3250//1406
f 3249//1406 3250//1406 3169//1406
f 3169//1438 3250//1438 3167//1438
f 3169//1429 3171//1429 3249//1429
f 3249//1430 3171//1430 3247//1430
f 3171//1410 3173//1410 3247//1410
f 3247//1409 3173//1409 3245//1409
f 3173//1411 3175//1411 3245//1411
f 3245//1411 3175//1411 3243//1411
f 3175//1412 3177//1412 3243//1412
f 3243//1412 3177//1412 3241//1412
f 3177//1437 3179//1437 3241//1437
f 3241//1436 3179//1436 3239//1436
f 3179//1431 3181//1431 3239//1431
f 3239//1415 3181//1415 3237//1415
f 3181//1435 3183//1435 3237//1435
f 3237//1416 3183//1416 3235//1416
f 3183//1417 3185//1417 3235//1417
f 3235//1417 3185//1417 3233//1417
f 3185//1420 3187//1420 3233//1420
f 3233//1419 3187//1419 3231//1419
f 3187//1422 3189//1422 3231//1422
f 3231//1421 3189//1421 3229//1421
f 3189//1423 3191//1423 3229//1423
f 3229//1424 3191//1424 3227//1424
f 3195//1426 3196//1426 3225//1426
f 3191//1425 3193//1425 3227//1425
f 3227//1432 3193//1432 3225//1432
f 3193//1433 3195//1433 3225//1433
f 3251//1439 3252//1439 3253//1439
f 3253//1439 3252//1439 3254//1439
f 3253//1440 3254//1440 3255//1440
f 3255//1441 3254//1441 3256//1441
f 3255//1441 3256//1441 3257//1441
f 3257//1442 3256//1442 3258//1442
f 3257//1443 3258//1443 3259//1443
f 3259//56 3258//56 3260//56
f 3259//1444 3260//1444 3261//1444
f 3261//114 3260//114 3262//114
f 3261//1445 3262//1445 3263//1445
f 3263//1446 3262//1446 3264//1446
f 3263//1447 3264//1447 3265//1447
f 3265//1448 3264//1448 3266//1448
f 3265//1448 3266//1448 3267//1448
f 3267//1449 3266//1449 3268//1449
f 3267//1450 3268//1450 3269//1450
f 3269//1451 3268//1451 3270//1451
f 3269//1452 3270//1452 3271//1452
f 3271//411 3270//411 3272//411
f 3271//411 3272//411 3273//411
f 3273//1453 3272//1453 3274//1453
f 3273//1453 3274//1453 3275//1453
f 3275//1454 3274//1454 3276//1454
f 3275//1455 3276//1455 3277//1455
f 3277//1456 3276//1456 3278//1456
f 3277//1456 3278//1456 3279//1456
f 3279//1457 3278//1457 3280//1457
f 3279//1457 3280//1457 3281//1457
f 3281//1458 3280//1458 3282//1458
f 3281//1458 3282//1458 3283//1458
f 3283//1459 3282//1459 3284//1459
f 3283//1386 3284//1386 3285//1386
f 3285//1460 3284//1460 3286//1460
f 3285//1461 3286//1461 3287//1461
f 3287//1462 3286//1462 3288//1462
f 3287//1463 3288//1463 3289//1463
f 3289//1464 3288//1464 3290//1464
f 3289//1465 3290//1465 3291//1465
f 3291//1466 3290//1466 3167//1466
f 3291//62 3167//62 3292//62
f 3292//1466 3167//1466 3293//1466
f 3292//1465 3293//1465 3294//1465
f 3294//1464 3293//1464 3295//1464
f 3294//1462 3295//1462 3296//1462
f 3296//1463 3295//1463 3297//1463
f 3296//1461 3297//1461 3298//1461
f 3298//1461 3297//1461 3299//1461
f 3298//1459 3299//1459 3300//1459
f 3300//1459 3299//1459 3301//1459
f 3300//1458 3301//1458 3302//1458
f 3302//1458 3301//1458 3303//1458
f 3302//1457 3303//1457 3304//1457
f 3251//1441 3305//1441 3252//1441
f 3252//1441 3305//1441 3306//1441
f 3252//1441 3306//1441 3254//1441
f 3254//1441 3306//1441 3256//1441
f 3305//1443 3307//1443 3306//1443
f 3306//1442 3307//1442 3308//1442
f 3306//1443 3308//1443 3256//1443
f 3256//1442 3308//1442 3258//1442
f 3307//1444 3309//1444 3308//1444
f 3308//1444 3309//1444 3310//1444
f 3308//1444 3310//1444 3258//1444
f 3258//1444 3310//1444 3260//1444
f 3309//114 3311//114 3310//114
f 3310//114 3311//114 3312//114
f 3310//114 3312//114 3260//114
f 3260//114 3312//114 3262//114
f 3311//1467 3313//1467 3312//1467
f 3312//1467 3313//1467 3314//1467
f 3312//1467 3314//1467 3262//1467
f 3262//1467 3314//1467 3264//1467
f 3313//1468 3315//1468 3314//1468
f 3314//1469 3315//1469 3316//1469
f 3314//1468 3316//1468 3264//1468
f 3264//1469 3316//1469 3266//1469
f 3315//1450 3317//1450 3316//1450
f 3316//1450 3317//1450 3318//1450
f 3316//1450 3318//1450 3266//1450
f 3266//1450 3318//1450 3268//1450
f 3317//1452 3319//1452 3318//1452
f 3318//1452 3319//1452 3320//1452
f 3318//1452 3320//1452 3268//1452
f 3268//1452 3320//1452 3270//1452
f 3319//411 3321//411 3320//411
f 3320//411 3321//411 3322//411
f 3320//411 3322//411 3270//411
f 3270//411 3322//411 3272//411
f 3321//1470 3323//1470 3322//1470
f 3322//1453 3323//1453 3324//1453
f 3322//1470 3324//1470 3272//1470
f 3272//1453 3324//1453 3274//1453
f 3323//1454 3325//1454 3324//1454
f 3324//1455 3325//1455 3326//1455
f 3324//1454 3326//1454 3274//1454
f 3274//1455 3326//1455 3276//1455
f 3325//1456 3327//1456 3326//1456
f 3326//1456 3327//1456 3328//1456
f 3326//1456 3328//1456 3276//1456
f 3276//1456 3328//1456 3278//1456
f 3327//1457 3329//1457 3328//1457
f 3328//1457 3329//1457 3330//1457
f 3328//1457 3330//1457 3278//1457
f 3278//1457 3330//1457 3280//1457
f 3329//1458 3331//1458 3330//1458
f 3330//1471 3331//1471 3332//1471
f 3330//1458 3332//1458 3280//1458
f 3280//1471 3332//1471 3282//1471
f 3331//1386 3333//1386 3332//1386
f 3332//1459 3333//1459 3334//1459
f 3332//1386 3334//1386 3282//1386
f 3282//1459 3334//1459 3284//1459
f 3333//1461 3335//1461 3334//1461
f 3334//1460 3335//1460 3336//1460
f 3334//1461 3336//1461 3284//1461
f 3284//1460 3336//1460 3286//1460
f 3335//1462 3337//1462 3336//1462
f 3336//1462 3337//1462 3338//1462
f 3336//1462 3338//1462 3286//1462
f 3286//1462 3338//1462 3288//1462
f 3337//1464 3339//1464 3338//1464
f 3338//1465 3339//1465 3340//1465
f 3338//1464 3340//1464 3288//1464
f 3288//1465 3340//1465 3290//1465
f 3339//1358 3167//1358 3340//1358
f 3340//62 3167//62 3290//62
f 3167//1472 3250//1472 3293//1472
f 3293//1466 3250//1466 3341//1466
f 3293//1465 3341//1465 3295//1465
f 3295//1464 3341//1464 3342//1464
f 3295//1462 3342//1462 3297//1462
f 3297//1462 3342//1462 3343//1462
f 3297//1460 3343//1460 3299//1460
f 3299//1460 3343//1460 3344//1460
f 3299//1386 3344//1386 3301//1386
f 3301//1386 3344//1386 3345//1386
f 3301//1471 3345//1471 3303//1471
f 3346//1358 3347//1358 3250//1358
f 3250//1358 3347//1358 3348//1358
f 3250//1473 3348//1473 3349//1473
f 3349//1465 3348//1465 3350//1465
f 3349//1464 3350//1464 3342//1464
f 3342//1462 3350//1462 3343//1462
f 3346//1465 3351//1465 3347//1465
f 3347//1464 3351//1464 3352//1464
f 3347//1465 3352//1465 3348//1465
f 3348//1464 3352//1464 3350//1464
f 3351//1462 3353//1462 3352//1462
f 3352//1462 3353//1462 3354//1462
f 3352//1462 3354//1462 3350//1462
f 3350//1463 3354//1463 3343//1463
f 3353//1460 3355//1460 3354//1460
f 3354//1461 3355//1461 3344//1461
f 3354//1461 3344//1461 3343//1461
f 3355//1459 3345//1459 3344//1459
f 3302//1457 3304//1457 3356//1457
f 3356//1456 3304//1456 3357//1456
f 3356//1456 3357//1456 3358//1456
f 3358//1455 3357//1455 3359//1455
f 3358//1454 3359//1454 3360//1454
f 3360//1453 3359//1453 3361//1453
f 3360//1470 3361//1470 3362//1470
f 3362//411 3361//411 3363//411
f 3362//411 3363//411 3364//411
f 3364//1452 3363//1452 3365//1452
f 3364//1452 3365//1452 3366//1452
f 3366//1450 3365//1450 3367//1450
f 3366//1450 3367//1450 3368//1450
f 3368//1469 3367//1469 3369//1469
f 3368//1468 3369//1468 3370//1468
f 3370//1467 3369//1467 3371//1467
f 3370//1467 3371//1467 3372//1467
f 3372//114 3371//114 3373//114
f 3372//114 3373//114 3374//114
f 3374//1444 3373//1444 3375//1444
f 3374//1444 3375//1444 3376//1444
f 3376//1442 3375//1442 3377//1442
f 3376//1443 3377//1443 3378//1443
f 3378//1441 3377//1441 3379//1441
f 3378//1441 3379//1441 3380//1441
f 3380//1439 3379//1439 3381//1439
f 3380//1474 3381//1474 3382//1474
f 3382//1475 3381//1475 3383//1475
f 3382//1441 3383//1441 3384//1441
f 3384//1441 3383//1441 3385//1441
f 3384//1442 3385//1442 3386//1442
f 3386//1442 3385//1442 3387//1442
f 3386//1444 3387//1444 3388//1444
f 3388//1444 3387//1444 3389//1444
f 3388//114 3389//114 3390//114
f 3390//114 3389//114 3263//114
f 3390//1467 3263//1467 3265//1467
f 3253//1439 3391//1439 3381//1439
f 3381//1475 3391//1475 3392//1475
f 3381//1476 3392//1476 3383//1476
f 3383//1441 3392//1441 3385//1441
f 3253//1440 3393//1440 3391//1440
f 3391//1441 3393//1441 3394//1441
f 3391//1441 3394//1441 3395//1441
f 3395//1443 3394//1443 3396//1443
f 3395//1442 3396//1442 3387//1442
f 3387//1444 3396//1444 3389//1444
f 3393//1474 3253//1474 3255//1474
f 3378//1441 3380//1441 3397//1441
f 3397//1441 3380//1441 3382//1441
f 3397//1441 3382//1441 3384//1441
f 3376//1442 3378//1442 3398//1442
f 3398//1442 3378//1442 3397//1442
f 3398//1442 3397//1442 3399//1442
f 3399//1443 3397//1443 3384//1443
f 3399//1442 3384//1442 3386//1442
f 3374//1444 3376//1444 3400//1444
f 3400//1444 3376//1444 3398//1444
f 3400//1444 3398//1444 3401//1444
f 3401//1444 3398//1444 3399//1444
f 3401//1444 3399//1444 3402//1444
f 3402//1444 3399//1444 3386//1444
f 3402//1444 3386//1444 3388//1444
f 3372//114 3374//114 3403//114
f 3403//114 3374//114 3400//114
f 3403//114 3400//114 3404//114
f 3404//114 3400//114 3401//114
f 3404//114 3401//114 3405//114
f 3405//114 3401//114 3402//114
f 3405//114 3402//114 3406//114
f 3406//114 3402//114 3388//114
f 3406//114 3388//114 3390//114
f 3370//1447 3372//1447 3407//1447
f 3407//1467 3372//1467 3403//1467
f 3407//1467 3403//1467 3408//1467
f 3408//1467 3403//1467 3404//1467
f 3408//1447 3404//1447 3409//1447
f 3409//1467 3404//1467 3405//1467
f 3409//1467 3405//1467 3410//1467
f 3410//1467 3405//1467 3406//1467
f 3410//1447 3406//1447 3411//1447
f 3411//1467 3406//1467 3390//1467
f 3411//1447 3390//1447 3265//1447
f 3368//1469 3370//1469 3412//1469
f 3412//1448 3370//1448 3407//1448
f 3412//1469 3407//1469 3413//1469
f 3413//1468 3407//1468 3408//1468
f 3413//1469 3408//1469 3414//1469
f 3414//1448 3408//1448 3409//1448
f 3414//1469 3409//1469 3415//1469
f 3415//1468 3409//1468 3410//1468
f 3415//1469 3410//1469 3416//1469
f 3416//1448 3410//1448 3411//1448
f 3416//1469 3411//1469 3267//1469
f 3267//1448 3411//1448 3265//1448
f 3366//1450 3368//1450 3417//1450
f 3417//1450 3368//1450 3412//1450
f 3417//1450 3412//1450 3418//1450
f 3418//1450 3412//1450 3413//1450
f 3418//1450 3413//1450 3419//1450
f 3419//1450 3413//1450 3414//1450
f 3419//1450 3414//1450 3420//1450
f 3420//1450 3414//1450 3415//1450
f 3420//1450 3415//1450 3421//1450
f 3421//1450 3415//1450 3416//1450
f 3421//1450 3416//1450 3269//1450
f 3269//1450 3416//1450 3267//1450
f 3364//1477 3366//1477 3422//1477
f 3422//1451 3366//1451 3417//1451
f 3422//1452 3417//1452 3423//1452
f 3423//1452 3417//1452 3418//1452
f 3423//1477 3418//1477 3424//1477
f 3424//1451 3418//1451 3419//1451
f 3424//1452 3419//1452 3425//1452
f 3425//1452 3419//1452 3420//1452
f 3425//1452 3420//1452 3426//1452
f 3426//1452 3420//1452 3421//1452
f 3426//1452 3421//1452 3271//1452
f 3271//1452 3421//1452 3269//1452
f 3362//411 3364//411 3427//411
f 3427//410 3364//410 3422//410
f 3427//411 3422//411 3428//411
f 3428//411 3422//411 3423//411
f 3428//411 3423//411 3429//411
f 3429//410 3423//410 3424//410
f 3429//411 3424//411 3430//411
f 3430//411 3424//411 3425//411
f 3430//410 3425//410 3431//410
f 3431//411 3425//411 3426//411
f 3431//410 3426//410 3273//410
f 3273//411 3426//411 3271//411
f 3360//1453 3362//1453 3432//1453
f 3432//1453 3362//1453 3427//1453
f 3432//1453 3427//1453 3433//1453
f 3433//1470 3427//1470 3428//1470
f 3433//1453 3428//1453 3434//1453
f 3434//1453 3428//1453 3429//1453
f 3434//1453 3429//1453 3435//1453
f 3435//1470 3429//1470 3430//1470
f 3435//1453 3430//1453 3436//1453
f 3436//1453 3430//1453 3431//1453
f 3436//1453 3431//1453 3275//1453
f 3275//1453 3431//1453 3273//1453
f 3358//1455 3360//1455 3437//1455
f 3437//1454 3360//1454 3432//1454
f 3437//1455 3432//1455 3438//1455
f 3438//1454 3432//1454 3433//1454
f 3438//1455 3433//1455 3439//1455
f 3439//1454 3433//1454 3434//1454
f 3439//1455 3434//1455 3440//1455
f 3440//1454 3434//1454 3435//1454
f 3440//1455 3435//1455 3441//1455
f 3441//1454 3435//1454 3436//1454
f 3441//1455 3436//1455 3277//1455
f 3277//1454 3436//1454 3275//1454
f 3356//1456 3358//1456 3442//1456
f 3442//1456 3358//1456 3437//1456
f 3442//1456 3437//1456 3443//1456
f 3443//1456 3437//1456 3438//1456
f 3443//1456 3438//1456 3444//1456
f 3444//1456 3438//1456 3439//1456
f 3444//1456 3439//1456 3445//1456
f 3445//1456 3439//1456 3440//1456
f 3445//1456 3440//1456 3446//1456
f 3446//1456 3440//1456 3441//1456
f 3446//1456 3441//1456 3279//1456
f 3279//1456 3441//1456 3277//1456
f 3302//1457 3356//1457 3447//1457
f 3447//1457 3356//1457 3442//1457
f 3447//1457 3442//1457 3448//1457
f 3448//1457 3442//1457 3443//1457
f 3448//1457 3443//1457 3449//1457
f 3449//1457 3443//1457 3444//1457
f 3449//1457 3444//1457 3450//1457
f 3450//1457 3444//1457 3445//1457
f 3450//1457 3445//1457 3451//1457
f 3451//1457 3445//1457 3446//1457
f 3451//1457 3446//1457 3281//1457
f 3281//1457 3446//1457 3279//1457
f 3341//1478 3250//1478 3349//1478
f 3289//1464 3291//1464 3452//1464
f 3452//1465 3291//1465 3292//1465
f 3452//1464 3292//1464 3294//1464
f 3287//1462 3289//1462 3453//1462
f 3453//1462 3289//1462 3452//1462
f 3453//1462 3452//1462 3454//1462
f 3454//1462 3452//1462 3294//1462
f 3454//1462 3294//1462 3296//1462
f 3285//1460 3287//1460 3455//1460
f 3455//1460 3287//1460 3453//1460
f 3455//1460 3453//1460 3456//1460
f 3456//1460 3453//1460 3454//1460
f 3456//1461 3454//1461 3457//1461
f 3457//1460 3454//1460 3296//1460
f 3457//1460 3296//1460 3298//1460
f 3451//1458 3281//1458 3283//1458
f 3283//1386 3285//1386 3458//1386
f 3458//1386 3285//1386 3455//1386
f 3458//1386 3455//1386 3459//1386
f 3459//1386 3455//1386 3456//1386
f 3459//1386 3456//1386 3460//1386
f 3460//1459 3456//1459 3457//1459
f 3460//1459 3457//1459 3461//1459
f 3461//1386 3457//1386 3298//1386
f 3461//1386 3298//1386 3300//1386
f 3263//114 3389//114 3261//114
f 3261//1444 3389//1444 3396//1444
f 3261//1444 3396//1444 3259//1444
f 3259//1442 3396//1442 3394//1442
f 3259//1443 3394//1443 3257//1443
f 3257//1441 3394//1441 3393//1441
f 3257//1441 3393//1441 3255//1441
f 3450//1458 3451//1458 3458//1458
f 3458//1471 3451//1471 3283//1471
f 3450//1471 3458//1471 3459//1471
f 3449//1458 3450//1458 3459//1458
f 3449//1471 3459//1471 3460//1471
f 3392//1441 3391//1441 3395//1441
f 3392//1441 3395//1441 3385//1441
f 3385//1443 3395//1443 3387//1443
f 3349//1465 3342//1465 3341//1465
f 3448//1458 3449//1458 3460//1458
f 3448//1458 3460//1458 3461//1458
f 3447//1458 3448//1458 3461//1458
f 3447//1471 3461//1471 3300//1471
f 3302//1458 3447//1458 3300//1458
f 3462//1479 3463//1479 3464//1479
f 3464//1479 3463//1479 3465//1479
f 3464//1480 3465//1480 3466//1480
f 3466//1480 3465//1480 3467//1480
f 3467//1481 3465//1481 3468//1481
f 3467//1481 3468//1481 3469//1481
f 3469//1482 3468//1482 3470//1482
f 3469//1483 3470//1483 3471//1483
f 3471//1484 3470//1484 3472//1484
f 3471//1484 3472//1484 3473//1484
f 3473//1485 3472//1485 3474//1485
f 3473//1485 3474//1485 3475//1485
f 3475//1486 3474//1486 3476//1486
f 3475//1486 3476//1486 3477//1486
f 3477//1487 3476//1487 3478//1487
f 3477//1487 3478//1487 3479//1487
f 3479//1488 3478//1488 3480//1488
f 3479//1488 3480//1488 3481//1488
f 3481//1489 3480//1489 3482//1489
f 3481//1490 3482//1490 3483//1490
f 3483//1491 3482//1491 3484//1491
f 3483//1492 3484//1492 3485//1492
f 3485//1493 3484//1493 3486//1493
f 3485//1494 3486//1494 3487//1494
f 3487//1495 3486//1495 3488//1495
f 3487//1496 3488//1496 3489//1496
f 3489//1497 3488//1497 3490//1497
f 3489//1498 3490//1498 3491//1498
f 3491//1499 3490//1499 3492//1499
f 3491//1499 3492//1499 3493//1499
f 3493//1500 3492//1500 3381//1500
f 3381//1501 3492//1501 3494//1501
f 3381//1502 3494//1502 3253//1502
f 3253//1500 3494//1500 3495//1500
f 3495//1499 3494//1499 3496//1499
f 3495//1499 3496//1499 3497//1499
f 3497//1497 3496//1497 3498//1497
f 3497//1497 3498//1497 3499//1497
f 3499//1503 3498//1503 3500//1503
f 3499//1495 3500//1495 3501//1495
f 3501//1493 3500//1493 3502//1493
f 3501//1493 3502//1493 3503//1493
f 3503//1492 3502//1492 3504//1492
f 3503//1492 3504//1492 3505//1492
f 3505//1504 3504//1504 3506//1504
f 3505//1504 3506//1504 3507//1504
f 3507//1505 3506//1505 3508//1505
f 3507//108 3508//108 3509//108
f 3509//1506 3508//1506 3510//1506
f 3509//1507 3510//1507 3511//1507
f 3511//1486 3510//1486 3512//1486
f 3511//1486 3512//1486 3513//1486
f 3513//1485 3512//1485 3514//1485
f 3513//1485 3514//1485 3515//1485
f 3515//1508 3514//1508 3516//1508
f 3515//1484 3516//1484 3517//1484
f 3517//1482 3516//1482 3518//1482
f 3517//1483 3518//1483 3519//1483
f 3519//1481 3518//1481 3463//1481
f 3519//1481 3463//1481 3462//1481
f 3492//1499 3490//1499 3494//1499
f 3494//1499 3490//1499 3496//1499
f 3490//1497 3488//1497 3496//1497
f 3496//1497 3488//1497 3498//1497
f 3488//1503 3486//1503 3498//1503
f 3498//1495 3486//1495 3500//1495
f 3486//1493 3484//1493 3500//1493
f 3500//1493 3484//1493 3502//1493
f 3484//1492 3482//1492 3502//1492
f 3502//1492 3482//1492 3504//1492
f 3482//1504 3480//1504 3504//1504
f 3504//1504 3480//1504 3506//1504
f 3480//1505 3478//1505 3506//1505
f 3506//108 3478//108 3508//108
f 3478//1506 3476//1506 3508//1506
f 3508//1507 3476//1507 3510//1507
f 3476//1486 3474//1486 3510//1486
f 3510//1486 3474//1486 3512//1486
f 3474//1485 3472//1485 3512//1485
f 3512//1485 3472//1485 3514//1485
f 3472//1508 3470//1508 3514//1508
f 3514//1484 3470//1484 3516//1484
f 3465//1481 3463//1481 3518//1481
f 3470//1482 3468//1482 3516//1482
f 3516//1483 3468//1483 3518//1483
f 3468//1481 3465//1481 3518//1481
f 3520//1509 3521//1509 3522//1509
f 3522//1509 3521//1509 3523//1509
f 3523//1510 3521//1510 3524//1510
f 3523//1510 3524//1510 3525//1510
f 3525//1511 3524//1511 3526//1511
f 3525//1511 3526//1511 3527//1511
f 3527//1512 3526//1512 3528//1512
f 3527//1513 3528//1513 3529//1513
f 3529//1514 3528//1514 3530//1514
f 3529//1514 3530//1514 3531//1514
f 3531//1515 3530//1515 3532//1515
f 3531//1515 3532//1515 3533//1515
f 3533//1516 3532//1516 3534//1516
f 3533//1516 3534//1516 3535//1516
f 3535//1517 3534//1517 3464//1517
f 3535//1517 3464//1517 3466//1517
f 3536//1518 3537//1518 3538//1518
f 3538//1518 3537//1518 3539//1518
f 3538//1518 3539//1518 3540//1518
f 3540//1518 3539//1518 3541//1518
f 3540//1518 3541//1518 3542//1518
f 3542//1519 3541//1519 3543//1519
f 3542//1519 3543//1519 3544//1519
f 3544//1520 3543//1520 3545//1520
f 3544//1521 3545//1521 3546//1521
f 3546//1410 3545//1410 3547//1410
f 3546//1410 3547//1410 3548//1410
f 3548//1430 3547//1430 3549//1430
f 3548//1522 3549//1522 3550//1522
f 3550//831 3549//831 3551//831
f 3550//831 3551//831 3552//831
f 3552//1523 3551//1523 3553//1523
f 3552//1523 3553//1523 3554//1523
f 3554//1524 3553//1524 3555//1524
f 3554//1524 3555//1524 3556//1524
f 3556//1525 3555//1525 3557//1525
f 3556//1525 3557//1525 3558//1525
f 3558//1526 3557//1526 3559//1526
f 3558//1526 3559//1526 3560//1526
f 3560//1527 3559//1527 3561//1527
f 3560//1527 3561//1527 3562//1527
f 3562//1528 3561//1528 3563//1528
f 3562//1528 3563//1528 3564//1528
f 3564//1529 3563//1529 3522//1529
f 3522//1529 3563//1529 3565//1529
f 3522//1530 3565//1530 3520//1530
f 3520//1529 3565//1529 3566//1529
f 3520//1529 3566//1529 3567//1529
f 3567//1528 3566//1528 3568//1528
f 3567//1528 3568//1528 3569//1528
f 3569//1527 3568//1527 3570//1527
f 3569//1527 3570//1527 3571//1527
f 3571//1526 3570//1526 3572//1526
f 3571//1526 3572//1526 3573//1526
f 3573//1525 3572//1525 3574//1525
f 3573//1525 3574//1525 3575//1525
f 3575//1524 3574//1524 3576//1524
f 3575//1524 3576//1524 3577//1524
f 3577//1523 3576//1523 3578//1523
f 3577//1523 3578//1523 3579//1523
f 3579//831 3578//831 3580//831
f 3579//831 3580//831 3581//831
f 3581//1522 3580//1522 3582//1522
f 3581//1430 3582//1430 3583//1430
f 3583//1410 3582//1410 3584//1410
f 3583//1410 3584//1410 3585//1410
f 3585//1521 3584//1521 3586//1521
f 3585//1520 3586//1520 3587//1520
f 3587//1519 3586//1519 3537//1519
f 3587//1519 3537//1519 3536//1519
f 3568//1528 3566//1528 3588//1528
f 3588//1528 3566//1528 3565//1528
f 3588//1528 3565//1528 3561//1528
f 3561//1528 3565//1528 3563//1528
f 3570//1527 3568//1527 3589//1527
f 3589//1527 3568//1527 3588//1527
f 3589//1527 3588//1527 3559//1527
f 3559//1527 3588//1527 3561//1527
f 3572//1526 3570//1526 3590//1526
f 3590//1526 3570//1526 3589//1526
f 3590//1526 3589//1526 3557//1526
f 3557//1526 3589//1526 3559//1526
f 3574//1525 3572//1525 3591//1525
f 3591//1525 3572//1525 3590//1525
f 3591//1525 3590//1525 3555//1525
f 3555//1525 3590//1525 3557//1525
f 3576//1524 3574//1524 3592//1524
f 3592//1524 3574//1524 3591//1524
f 3592//1524 3591//1524 3553//1524
f 3553//1524 3591//1524 3555//1524
f 3578//1523 3576//1523 3593//1523
f 3593//1523 3576//1523 3592//1523
f 3593//1523 3592//1523 3551//1523
f 3551//1523 3592//1523 3553//1523
f 3580//831 3578//831 3594//831
f 3594//831 3578//831 3593//831
f 3594//831 3593//831 3549//831
f 3549//831 3593//831 3551//831
f 3582//1430 3580//1430 3595//1430
f 3595//1522 3580//1522 3594//1522
f 3595//1430 3594//1430 3547//1430
f 3547//1522 3594//1522 3549//1522
f 3584//1410 3582//1410 3596//1410
f 3596//1410 3582//1410 3595//1410
f 3596//1410 3595//1410 3545//1410
f 3545//1410 3595//1410 3547//1410
f 3539//1519 3537//1519 3586//1519
f 3586//1520 3584//1520 3597//1520
f 3597//1521 3584//1521 3596//1521
f 3597//1520 3596//1520 3543//1520
f 3543//1521 3596//1521 3545//1521
f 3597//1519 3543//1519 3541//1519
f 3541//1519 3539//1519 3597//1519
f 3597//1519 3539//1519 3586//1519
f 3598//1531 3599//1531 3600//1531
f 3600//1531 3599//1531 3601//1531
f 3600//380 3601//380 3602//380
f 3602//1531 3601//1531 3603//1531
f 3602//1531 3603//1531 3604//1531
f 3604//1532 3603//1532 3605//1532
f 3604//1386 3605//1386 3606//1386
f 3606//1533 3605//1533 3607//1533
f 3606//1533 3607//1533 3608//1533
f 3608//1534 3607//1534 3609//1534
f 3608//1535 3609//1535 3610//1535
f 3610//782 3609//782 3611//782
f 3610//782 3611//782 3612//782
f 3612//1536 3611//1536 3613//1536
f 3612//1536 3613//1536 3614//1536
f 3614//1537 3613//1537 3615//1537
f 3614//1538 3615//1538 3616//1538
f 3616//1539 3615//1539 3617//1539
f 3616//1540 3617//1540 3618//1540
f 3618//1541 3617//1541 3619//1541
f 3618//1542 3619//1542 3620//1542
f 3620//1543 3619//1543 3621//1543
f 3620//1543 3621//1543 3622//1543
f 3622//1544 3621//1544 3623//1544
f 3622//1544 3623//1544 3624//1544
f 3624//1545 3623//1545 3625//1545
f 3624//1545 3625//1545 3626//1545
f 3626//1546 3625//1546 3540//1546
f 3540//1546 3625//1546 3627//1546
f 3540//1547 3627//1547 3538//1547
f 3538//1546 3627//1546 3628//1546
f 3538//1546 3628//1546 3629//1546
f 3629//1545 3628//1545 3630//1545
f 3629//1545 3630//1545 3631//1545
f 3631//1544 3630//1544 3632//1544
f 3631//1544 3632//1544 3633//1544
f 3633//1543 3632//1543 3634//1543
f 3633//1543 3634//1543 3635//1543
f 3635//1542 3634//1542 3636//1542
f 3635//1541 3636//1541 3637//1541
f 3637//1540 3636//1540 3638//1540
f 3637//1539 3638//1539 3639//1539
f 3639//1538 3638//1538 3640//1538
f 3639//1537 3640//1537 3641//1537
f 3641//1536 3640//1536 3642//1536
f 3641//1536 3642//1536 3643//1536
f 3643//782 3642//782 3644//782
f 3643//782 3644//782 3645//782
f 3645//1535 3644//1535 3646//1535
f 3645//1534 3646//1534 3647//1534
f 3647//1533 3646//1533 3648//1533
f 3647//1533 3648//1533 3649//1533
f 3649//1386 3648//1386 3599//1386
f 3649//1532 3599//1532 3598//1532
f 3630//1545 3628//1545 3650//1545
f 3650//1545 3628//1545 3627//1545
f 3650//1545 3627//1545 3623//1545
f 3623//1545 3627//1545 3625//1545
f 3632//1544 3630//1544 3651//1544
f 3651//1544 3630//1544 3650//1544
f 3651//1544 3650//1544 3621//1544
f 3621//1544 3650//1544 3623//1544
f 3634//1543 3632//1543 3652//1543
f 3652//1543 3632//1543 3651//1543
f 3652//1543 3651//1543 3619//1543
f 3619//1543 3651//1543 3621//1543
f 3636//1541 3634//1541 3653//1541
f 3653//1542 3634//1542 3652//1542
f 3653//1541 3652//1541 3617//1541
f 3617//1542 3652//1542 3619//1542
f 3638//1539 3636//1539 3654//1539
f 3654//1540 3636//1540 3653//1540
f 3654//1539 3653//1539 3615//1539
f 3615//1540 3653//1540 3617//1540
f 3640//1537 3638//1537 3655//1537
f 3655//1538 3638//1538 3654//1538
f 3655//1537 3654//1537 3613//1537
f 3613//1538 3654//1538 3615//1538
f 3642//1536 3640//1536 3656//1536
f 3656//1536 3640//1536 3655//1536
f 3656//1536 3655//1536 3611//1536
f 3611//1536 3655//1536 3613//1536
f 3644//782 3642//782 3657//782
f 3657//782 3642//782 3656//782
f 3657//782 3656//782 3609//782
f 3609//782 3656//782 3611//782
f 3646//1534 3644//1534 3658//1534
f 3658//1535 3644//1535 3657//1535
f 3658//1534 3657//1534 3607//1534
f 3607//1535 3657//1535 3609//1535
f 3601//1532 3599//1532 3648//1532
f 3648//1533 3646//1533 3659//1533
f 3659//1533 3646//1533 3658//1533
f 3659//1533 3658//1533 3605//1533
f 3605//1533 3658//1533 3607//1533
f 3659//1386 3605//1386 3603//1386
f 3603//1532 3601//1532 3659//1532
f 3659//1386 3601//1386 3648//1386
f 3660//1548 3600//1548 3661//1548
f 3661//1549 3600//1549 3602//1549
f 26//1550 3662//1550 25//1550
f 25//1550 3662//1550 3663//1550
f 3663//1551 3662//1551 3664//1551
f 3663//1551 3664//1551 3665//1551
f 3665//1552 3664//1552 3666//1552
f 3665//1553 3666//1553 3667//1553
f 3667//1554 3666//1554 3668//1554
f 3667//1554 3668//1554 3669//1554
f 3669//1555 3668//1555 3670//1555
f 3669//1555 3670//1555 3671//1555
f 3671//1556 3670//1556 3672//1556
f 3671//1556 3672//1556 3673//1556
f 3673//1557 3672//1557 3674//1557
f 3673//1557 3674//1557 3675//1557
f 3675//1558 3674//1558 3676//1558
f 3675//1558 3676//1558 3677//1558
f 3677//1559 3676//1559 3678//1559
f 3677//1559 3678//1559 3679//1559
f 3679//1560 3678//1560 3680//1560
f 3679//1560 3680//1560 3681//1560
f 3681//1561 3680//1561 3682//1561
f 3681//1561 3682//1561 3683//1561
f 3683//1562 3682//1562 3684//1562
f 3683//1563 3684//1563 3685//1563
f 3685//1564 3684//1564 3660//1564
f 3685//1564 3660//1564 3661//1564
f 3686//1565 3687//1565 3688//1565
f 3688//1565 3687//1565 3689//1565
f 3689//1566 3687//1566 3690//1566
f 3689//1566 3690//1566 3691//1566
f 3691//1567 3690//1567 3692//1567
f 3691//1567 3692//1567 3693//1567
f 3693//1568 3692//1568 3694//1568
f 3693//1569 3694//1569 3695//1569
f 3695//1570 3694//1570 3696//1570
f 3695//1570 3696//1570 3697//1570
f 3697//1571 3696//1571 3698//1571
f 3697//1571 3698//1571 3699//1571
f 3699//1572 3698//1572 3700//1572
f 3699//1572 3700//1572 3701//1572
f 3701//1573 3700//1573 3702//1573
f 3701//1574 3702//1574 3703//1574
f 3703//1575 3702//1575 3704//1575
f 3703//1575 3704//1575 3705//1575
f 3705//1576 3704//1576 3706//1576
f 3705//1576 3706//1576 3707//1576
f 3707//1577 3706//1577 3708//1577
f 3707//1577 3708//1577 3709//1577
f 3709//1578 3708//1578 3710//1578
f 3709//1579 3710//1579 3711//1579
f 3711//1580 3710//1580 3712//1580
f 3711//1580 3712//1580 3713//1580
f 3713//1581 3712//1581 28//1581
f 3713//1581 28//1581 27//1581
f 3714//1582 3715//1582 3716//1582
f 3716//1582 3715//1582 3717//1582
f 3717//1583 3715//1583 3718//1583
f 3717//1584 3718//1584 3719//1584
f 3719//257 3718//257 3720//257
f 3719//1585 3720//1585 3721//1585
f 3721//1586 3720//1586 3722//1586
f 3721//1587 3722//1587 3723//1587
f 3723//1588 3722//1588 3724//1588
f 3723//1588 3724//1588 3725//1588
f 3725//1589 3724//1589 3726//1589
f 3725//1590 3726//1590 3727//1590
f 3727//1591 3726//1591 3728//1591
f 3727//1592 3728//1592 3729//1592
f 3729//1593 3728//1593 3730//1593
f 3729//1593 3730//1593 3731//1593
f 3731//1594 3730//1594 3686//1594
f 3731//1594 3686//1594 3688//1594
f 3732//1595 3733//1595 3734//1595
f 3734//1595 3733//1595 3735//1595
f 3735//1596 3733//1596 3736//1596
f 3735//1596 3736//1596 3737//1596
f 3737//1597 3736//1597 3738//1597
f 3737//1597 3738//1597 3739//1597
f 3739//1598 3738//1598 3740//1598
f 3739//1598 3740//1598 3741//1598
f 3741//1599 3740//1599 3742//1599
f 3741//1599 3742//1599 3743//1599
f 3743//1600 3742//1600 3744//1600
f 3743//1600 3744//1600 3745//1600
f 3745//1601 3744//1601 3746//1601
f 3745//1602 3746//1602 3747//1602
f 3747//1603 3746//1603 3748//1603
f 3747//1604 3748//1604 3749//1604
f 3749//1605 3748//1605 3714//1605
f 3749//1605 3714//1605 3716//1605
f 3750//1606 3751//1606 3752//1606
f 3752//1607 3751//1607 3753//1607
f 3753//1608 3751//1608 3754//1608
f 3753//1608 3754//1608 3755//1608
f 3755//1609 3754//1609 3756//1609
f 3755//1609 3756//1609 3757//1609
f 3757//1610 3756//1610 3758//1610
f 3757//1610 3758//1610 3759//1610
f 3759//1611 3758//1611 3760//1611
f 3759//1611 3760//1611 3761//1611
f 3761//1612 3760//1612 3762//1612
f 3761//1612 3762//1612 3763//1612
f 3763//1613 3762//1613 3764//1613
f 3763//1614 3764//1614 3765//1614
f 3765//1615 3764//1615 3766//1615
f 3765//1615 3766//1615 3767//1615
f 3767//1616 3766//1616 3732//1616
f 3767//1616 3732//1616 3734//1616
f 3768//1617 3769//1617 3770//1617
f 3770//1617 3769//1617 3771//1617
f 3771//1618 3769//1618 3772//1618
f 3771//1619 3772//1619 3773//1619
f 3773//1620 3772//1620 3774//1620
f 3773//1620 3774//1620 3775//1620
f 3775//1621 3774//1621 3776//1621
f 3775//1622 3776//1622 3777//1622
f 3777//1623 3776//1623 3778//1623
f 3777//1623 3778//1623 3779//1623
f 3779//1624 3778//1624 3780//1624
f 3779//1624 3780//1624 3781//1624
f 3781//1625 3780//1625 3782//1625
f 3781//1625 3782//1625 3783//1625
f 3783//1626 3782//1626 3784//1626
f 3783//1626 3784//1626 3785//1626
f 3785//1627 3784//1627 3786//1627
f 3785//1627 3786//1627 3787//1627
f 3787//1628 3786//1628 3788//1628
f 3787//1628 3788//1628 3789//1628
f 3789//1629 3788//1629 3750//1629
f 3789//1629 3750//1629 3752//1629
f 3790//1630 3791//1630 3792//1630
f 3792//1630 3791//1630 3793//1630
f 3792//1631 3793//1631 3794//1631
f 3792//1632 3794//1632 3795//1632
f 3795//1633 3794//1633 3796//1633
f 3795//1634 3796//1634 3797//1634
f 3797//1635 3796//1635 3798//1635
f 3797//1636 3798//1636 3799//1636
f 3799//1637 3798//1637 3800//1637
f 3799//1637 3800//1637 3801//1637
f 3801//1638 3800//1638 3802//1638
f 3801//1638 3802//1638 3803//1638
f 3803//1639 3802//1639 3804//1639
f 3803//1640 3804//1640 3805//1640
f 3805//1641 3804//1641 3806//1641
f 3805//1641 3806//1641 3807//1641
f 3807//1642 3806//1642 3808//1642
f 3807//1642 3808//1642 3809//1642
f 3809//1643 3808//1643 3810//1643
f 3809//1643 3810//1643 3811//1643
f 3811//1644 3810//1644 3768//1644
f 3811//1645 3768//1645 3770//1645
f 3770//1644 3812//1644 3811//1644
f 3811//1643 3812//1643 3813//1643
f 3811//1643 3813//1643 3809//1643
f 3809//1642 3813//1642 3814//1642
f 3809//1642 3814//1642 3807//1642
f 3807//1641 3814//1641 3815//1641
f 3807//1641 3815//1641 3805//1641
f 3805//1640 3815//1640 3816//1640
f 3805//1639 3816//1639 3803//1639
f 3803//1638 3816//1638 3817//1638
f 3803//1638 3817//1638 3801//1638
f 3801//1637 3817//1637 3818//1637
f 3801//1637 3818//1637 3799//1637
f 3799//1636 3818//1636 3819//1636
f 3799//1635 3819//1635 3797//1635
f 3797//1634 3819//1634 3820//1634
f 3797//1633 3820//1633 3795//1633
f 3795//1632 3820//1632 3821//1632
f 3795//1631 3821//1631 3792//1631
f 3792//1630 3821//1630 3790//1630
f 3822//1646 3823//1646 3824//1646
f 3824//1646 3823//1646 3825//1646
f 3824//1646 3825//1646 3826//1646
f 3826//1647 3825//1647 3827//1647
f 3826//1648 3827//1648 3828//1648
f 3828//1649 3827//1649 3829//1649
f 3828//1649 3829//1649 3830//1649
f 3830//1650 3829//1650 3831//1650
f 3830//1650 3831//1650 3832//1650
f 3832//1651 3831//1651 3833//1651
f 3832//1651 3833//1651 3834//1651
f 3834//1652 3833//1652 3835//1652
f 3834//1653 3835//1653 3836//1653
f 3836//1654 3835//1654 3837//1654
f 3836//524 3837//524 3838//524
f 3838//1655 3837//1655 3839//1655
f 3838//1656 3839//1656 3840//1656
f 3840//1657 3839//1657 3841//1657
f 3840//1658 3841//1658 3842//1658
f 3842//1659 3841//1659 3843//1659
f 3842//1660 3843//1660 3844//1660
f 3844//1661 3843//1661 3845//1661
f 3844//1661 3845//1661 3846//1661
f 3846//1662 3845//1662 3847//1662
f 3846//1662 3847//1662 3848//1662
f 3848//1663 3847//1663 3849//1663
f 3848//1664 3849//1664 3850//1664
f 3850//1665 3849//1665 3851//1665
f 3850//1666 3851//1666 3852//1666
f 3852//1667 3851//1667 3791//1667
f 3852//1668 3791//1668 3790//1668
f 3822//1669 3853//1669 3823//1669
f 3823//1648 3853//1648 3854//1648
f 3823//1669 3854//1669 3825//1669
f 3825//1648 3854//1648 3827//1648
f 3853//1649 3855//1649 3854//1649
f 3854//1670 3855//1670 3856//1670
f 3854//1649 3856//1649 3827//1649
f 3827//1670 3856//1670 3829//1670
f 3855//273 3857//273 3856//273
f 3856//1671 3857//1671 3858//1671
f 3856//273 3858//273 3829//273
f 3829//1671 3858//1671 3831//1671
f 3857//1651 3859//1651 3858//1651
f 3858//1651 3859//1651 3860//1651
f 3858//1651 3860//1651 3831//1651
f 3831//1651 3860//1651 3833//1651
f 3859//1652 3861//1652 3860//1652
f 3860//1672 3861//1672 3862//1672
f 3860//1652 3862//1652 3833//1652
f 3833//1672 3862//1672 3835//1672
f 3861//1673 3863//1673 3862//1673
f 3862//524 3863//524 3864//524
f 3862//1673 3864//1673 3835//1673
f 3835//524 3864//524 3837//524
f 3863//1655 3865//1655 3864//1655
f 3864//1674 3865//1674 3866//1674
f 3864//1655 3866//1655 3837//1655
f 3837//1674 3866//1674 3839//1674
f 3865//1657 3867//1657 3866//1657
f 3866//1658 3867//1658 3868//1658
f 3866//1657 3868//1657 3839//1657
f 3839//1658 3868//1658 3841//1658
f 3867//1675 3869//1675 3868//1675
f 3868//1660 3869//1660 3870//1660
f 3868//1675 3870//1675 3841//1675
f 3841//1660 3870//1660 3843//1660
f 3869//1661 3871//1661 3870//1661
f 3870//1661 3871//1661 3872//1661
f 3870//1661 3872//1661 3843//1661
f 3843//1661 3872//1661 3845//1661
f 3871//1676 3873//1676 3872//1676
f 3872//1677 3873//1677 3874//1677
f 3872//1676 3874//1676 3845//1676
f 3845//1677 3874//1677 3847//1677
f 3873//1664 3875//1664 3874//1664
f 3874//1664 3875//1664 3876//1664
f 3874//1664 3876//1664 3847//1664
f 3847//1664 3876//1664 3849//1664
f 3875//1666 3877//1666 3876//1666
f 3876//1665 3877//1665 3878//1665
f 3876//1666 3878//1666 3849//1666
f 3849//1665 3878//1665 3851//1665
f 3877//1678 3791//1678 3878//1678
f 3878//1668 3791//1668 3851//1668
f 3879//1678 3880//1678 3790//1678
f 3790//1667 3880//1667 3881//1667
f 3790//1668 3881//1668 3852//1668
f 3852//1665 3881//1665 3882//1665
f 3852//1665 3882//1665 3850//1665
f 3850//1663 3882//1663 3883//1663
f 3850//1664 3883//1664 3848//1664
f 3848//1677 3883//1677 3884//1677
f 3848//1676 3884//1676 3846//1676
f 3846//1661 3884//1661 3885//1661
f 3846//1661 3885//1661 3844//1661
f 3844//1660 3885//1660 3886//1660
f 3844//1675 3886//1675 3842//1675
f 3842//1679 3886//1679 3887//1679
f 3842//1657 3887//1657 3840//1657
f 3840//1656 3887//1656 3888//1656
f 3840//1655 3888//1655 3838//1655
f 3838//524 3888//524 3889//524
f 3838//1654 3889//1654 3836//1654
f 3836//1653 3889//1653 3890//1653
f 3836//1652 3890//1652 3834//1652
f 3834//1651 3890//1651 3891//1651
f 3834//1651 3891//1651 3832//1651
f 3832//1671 3891//1671 3892//1671
f 3832//273 3892//273 3830//273
f 3830//1649 3892//1649 3893//1649
f 3830//1670 3893//1670 3828//1670
f 3828//1648 3893//1648 3894//1648
f 3828//1669 3894//1669 3826//1669
f 3826//1646 3894//1646 3895//1646
f 3826//1646 3895//1646 3824//1646
f 3879//1665 3896//1665 3880//1665
f 3880//1665 3896//1665 3897//1665
f 3880//1665 3897//1665 3881//1665
f 3881//1666 3897//1666 3882//1666
f 3896//1663 3898//1663 3897//1663
f 3897//1664 3898//1664 3899//1664
f 3897//1664 3899//1664 3882//1664
f 3882//1664 3899//1664 3883//1664
f 3898//1677 3900//1677 3899//1677
f 3899//1676 3900//1676 3901//1676
f 3899//1677 3901//1677 3883//1677
f 3883//1676 3901//1676 3884//1676
f 3900//1661 3902//1661 3901//1661
f 3901//1661 3902//1661 3903//1661
f 3901//1661 3903//1661 3884//1661
f 3884//1661 3903//1661 3885//1661
f 3902//1660 3904//1660 3903//1660
f 3903//1675 3904//1675 3905//1675
f 3903//1660 3905//1660 3885//1660
f 3885//1675 3905//1675 3886//1675
f 3904//1679 3906//1679 3905//1679
f 3905//1657 3906//1657 3907//1657
f 3905//1658 3907//1658 3886//1658
f 3886//1657 3907//1657 3887//1657
f 3906//1656 3908//1656 3907//1656
f 3907//1655 3908//1655 3909//1655
f 3907//1674 3909//1674 3887//1674
f 3887//1655 3909//1655 3888//1655
f 3908//524 3910//524 3909//524
f 3909//1654 3910//1654 3911//1654
f 3909//524 3911//524 3888//524
f 3888//1673 3911//1673 3889//1673
f 3910//1653 3912//1653 3911//1653
f 3911//1652 3912//1652 3913//1652
f 3911//1672 3913//1672 3889//1672
f 3889//1652 3913//1652 3890//1652
f 3912//1651 3914//1651 3913//1651
f 3913//1651 3914//1651 3915//1651
f 3913//1651 3915//1651 3890//1651
f 3890//1651 3915//1651 3891//1651
f 3914//1671 3916//1671 3915//1671
f 3915//273 3916//273 3917//273
f 3915//1671 3917//1671 3891//1671
f 3891//273 3917//273 3892//273
f 3916//1649 3918//1649 3917//1649
f 3917//1670 3918//1670 3919//1670
f 3917//1670 3919//1670 3892//1670
f 3892//1649 3919//1649 3893//1649
f 3918//1648 3920//1648 3919//1648
f 3919//1669 3920//1669 3921//1669
f 3919//1648 3921//1648 3893//1648
f 3893//1669 3921//1669 3894//1669
f 3920//1646 3895//1646 3921//1646
f 3921//1646 3895//1646 3894//1646
f 3922//254 3923//254 3924//254
f 3924//1680 3923//1680 3925//1680
f 3925//1681 3923//1681 3926//1681
f 3925//1682 3926//1682 3927//1682
f 3927//1683 3926//1683 3928//1683
f 3927//1684 3928//1684 3929//1684
f 3929//1685 3928//1685 3930//1685
f 3929//1686 3930//1686 3931//1686
f 3931//1687 3930//1687 3932//1687
f 3931//1687 3932//1687 3933//1687
f 3933//1688 3932//1688 3934//1688
f 3933//1688 3934//1688 3935//1688
f 3935//1689 3934//1689 3936//1689
f 3935//1690 3936//1690 3937//1690
f 3937//1691 3936//1691 3938//1691
f 3937//1692 3938//1692 3939//1692
f 3939//1693 3938//1693 3940//1693
f 3939//1694 3940//1694 3941//1694
f 3941//1695 3940//1695 3824//1695
f 3941//1696 3824//1696 3895//1696
f 3942//1697 3943//1697 3944//1697
f 3944//1697 3943//1697 3945//1697
f 3944//1697 3945//1697 3946//1697
f 3946//1697 3945//1697 3947//1697
f 3946//1697 3947//1697 3948//1697
f 3948//1698 3947//1698 3949//1698
f 3948//1698 3949//1698 3950//1698
f 3950//1699 3949//1699 3951//1699
f 3950//1699 3951//1699 3952//1699
f 3952//1700 3951//1700 3953//1700
f 3952//1700 3953//1700 3954//1700
f 3954//1701 3953//1701 3955//1701
f 3954//1702 3955//1702 3956//1702
f 3956//1703 3955//1703 3957//1703
f 3956//1703 3957//1703 3958//1703
f 3958//1704 3957//1704 3959//1704
f 3958//1704 3959//1704 3960//1704
f 3960//1705 3959//1705 3961//1705
f 3960//1706 3961//1706 3962//1706
f 3962//1707 3961//1707 3963//1707
f 3962//1708 3963//1708 3964//1708
f 3964//1709 3963//1709 3965//1709
f 3964//1710 3965//1710 3966//1710
f 3966//1711 3965//1711 3967//1711
f 3966//1711 3967//1711 3968//1711
f 3968//1712 3967//1712 3969//1712
f 3968//1713 3969//1713 3970//1713
f 3970//1714 3969//1714 3971//1714
f 3970//1715 3971//1715 3972//1715
f 3972//1716 3971//1716 3973//1716
f 3972//1716 3973//1716 3974//1716
f 3974//1717 3973//1717 3975//1717
f 3974//1718 3975//1718 3976//1718
f 3976//1719 3975//1719 3977//1719
f 3976//1720 3977//1720 3978//1720
f 3978//1721 3977//1721 3979//1721
f 3978//1721 3979//1721 3980//1721
f 3980//1722 3979//1722 3981//1722
f 3980//1723 3981//1723 3982//1723
f 3982//1724 3981//1724 3983//1724
f 3982//1725 3983//1725 3984//1725
f 3984//1726 3983//1726 3985//1726
f 3984//1727 3985//1727 3986//1727
f 3986//1728 3985//1728 3987//1728
f 3986//1729 3987//1729 3988//1729
f 3988//1730 3987//1730 3924//1730
f 3924//1730 3987//1730 3989//1730
f 3924//1730 3989//1730 3922//1730
f 3922//1730 3989//1730 3990//1730
f 3922//1730 3990//1730 3991//1730
f 3991//1729 3990//1729 3992//1729
f 3991//1728 3992//1728 3993//1728
f 3993//1727 3992//1727 3994//1727
f 3993//1726 3994//1726 3995//1726
f 3995//1725 3994//1725 3996//1725
f 3995//1724 3996//1724 3997//1724
f 3997//1723 3996//1723 3998//1723
f 3997//1722 3998//1722 3999//1722
f 3999//1721 3998//1721 4000//1721
f 3999//1721 4000//1721 4001//1721
f 4001//1720 4000//1720 4002//1720
f 4001//1719 4002//1719 4003//1719
f 4003//1718 4002//1718 4004//1718
f 4003//1717 4004//1717 4005//1717
f 4005//1716 4004//1716 4006//1716
f 4005//1716 4006//1716 4007//1716
f 4007//1715 4006//1715 4008//1715
f 4007//1714 4008//1714 4009//1714
f 4009//1713 4008//1713 4010//1713
f 4009//1712 4010//1712 4011//1712
f 4011//1711 4010//1711 4012//1711
f 4011//1711 4012//1711 4013//1711
f 4013//1710 4012//1710 4014//1710
f 4013//1709 4014//1709 4015//1709
f 4015//1708 4014//1708 4016//1708
f 4015//1707 4016//1707 4017//1707
f 4017//1706 4016//1706 4018//1706
f 4017//1705 4018//1705 4019//1705
f 4019//1704 4018//1704 4020//1704
f 4019//1704 4020//1704 4021//1704
f 4021//1703 4020//1703 4022//1703
f 4021//1703 4022//1703 4023//1703
f 4023//1702 4022//1702 4024//1702
f 4023//1701 4024//1701 4025//1701
f 4025//1700 4024//1700 4026//1700
f 4025//1700 4026//1700 4027//1700
f 4027//1699 4026//1699 4028//1699
f 4027//1699 4028//1699 4029//1699
f 4029//1698 4028//1698 3943//1698
f 4029//1698 3943//1698 3942//1698
f 3992//1728 3990//1728 4030//1728
f 4030//1729 3990//1729 3989//1729
f 4030//1728 3989//1728 3985//1728
f 3985//1729 3989//1729 3987//1729
f 3994//1726 3992//1726 4031//1726
f 4031//1727 3992//1727 4030//1727
f 4031//1726 4030//1726 3983//1726
f 3983//1727 4030//1727 3985//1727
f 3996//1724 3994//1724 4032//1724
f 4032//1725 3994//1725 4031//1725
f 4032//1724 4031//1724 3981//1724
f 3981//1725 4031//1725 3983//1725
f 3998//1722 3996//1722 4033//1722
f 4033//1723 3996//1723 4032//1723
f 4033//1722 4032//1722 3979//1722
f 3979//1723 4032//1723 3981//1723
f 4000//1721 3998//1721 4034//1721
f 4034//1721 3998//1721 4033//1721
f 4034//1721 4033//1721 3977//1721
f 3977//1721 4033//1721 3979//1721
f 4002//1719 4000//1719 4035//1719
f 4035//1720 4000//1720 4034//1720
f 4035//1719 4034//1719 3975//1719
f 3975//1720 4034//1720 3977//1720
f 4004//1717 4002//1717 4036//1717
f 4036//1718 4002//1718 4035//1718
f 4036//1717 4035//1717 3973//1717
f 3973//1718 4035//1718 3975//1718
f 4006//1716 4004//1716 4037//1716
f 4037//1716 4004//1716 4036//1716
f 4037//1716 4036//1716 3971//1716
f 3971//1716 4036//1716 3973//1716
f 4008//1714 4006//1714 4038//1714
f 4038//1715 4006//1715 4037//1715
f 4038//1714 4037//1714 3969//1714
f 3969//1715 4037//1715 3971//1715
f 4010//1712 4008//1712 4039//1712
f 4039//1713 4008//1713 4038//1713
f 4039//1712 4038//1712 3967//1712
f 3967//1713 4038//1713 3969//1713
f 4012//1711 4010//1711 4040//1711
f 4040//1711 4010//1711 4039//1711
f 4040//1711 4039//1711 3965//1711
f 3965//1711 4039//1711 3967//1711
f 4014//1709 4012//1709 4041//1709
f 4041//1710 4012//1710 4040//1710
f 4041//1709 4040//1709 3963//1709
f 3963//1710 4040//1710 3965//1710
f 4016//1707 4014//1707 4042//1707
f 4042//1708 4014//1708 4041//1708
f 4042//1707 4041//1707 3961//1707
f 3961//1708 4041//1708 3963//1708
f 4018//1705 4016//1705 4043//1705
f 4043//1706 4016//1706 4042//1706
f 4043//1705 4042//1705 3959//1705
f 3959//1706 4042//1706 3961//1706
f 4020//1704 4018//1704 4044//1704
f 4044//1704 4018//1704 4043//1704
f 4044//1704 4043//1704 3957//1704
f 3957//1704 4043//1704 3959//1704
f 4022//1703 4020//1703 4045//1703
f 4045//1703 4020//1703 4044//1703
f 4045//1703 4044//1703 3955//1703
f 3955//1703 4044//1703 3957//1703
f 4024//1701 4022//1701 4046//1701
f 4046//1702 4022//1702 4045//1702
f 4046//1701 4045//1701 3953//1701
f 3953//1702 4045//1702 3955//1702
f 4026//1700 4024//1700 4047//1700
f 4047//1700 4024//1700 4046//1700
f 4047//1700 4046//1700 3951//1700
f 3951//1700 4046//1700 3953//1700
f 3945//1698 3943//1698 4028//1698
f 4028//1699 4026//1699 4048//1699
f 4048//1699 4026//1699 4047//1699
f 4048//1699 4047//1699 3949//1699
f 3949//1699 4047//1699 3951//1699
f 4048//1698 3949//1698 3947//1698
f 3947//1698 3945//1698 4048//1698
f 4048//1698 3945//1698 4028//1698
f 4049//1731 4050//1731 4051//1731
f 4051//1731 4050//1731 4052//1731
f 4052//1732 4050//1732 4053//1732
f 4052//1732 4053//1732 4054//1732
f 4054//1733 4053//1733 4055//1733
f 4054//1733 4055//1733 4056//1733
f 4056//1734 4055//1734 4057//1734
f 4056//1734 4057//1734 4058//1734
f 4058//1735 4057//1735 4059//1735
f 4058//1735 4059//1735 4060//1735
f 4060//1736 4059//1736 4061//1736
f 4060//1736 4061//1736 4062//1736
f 4062//1733 4061//1733 4063//1733
f 4062//1733 4063//1733 4064//1733
f 4064//1737 4063//1737 4065//1737
f 4064//1738 4065//1738 4066//1738
f 4066//1739 4065//1739 4067//1739
f 4066//1739 4067//1739 4068//1739
f 4068//1740 4067//1740 4069//1740
f 4068//1740 4069//1740 4070//1740
f 4070//1741 4069//1741 4071//1741
f 4070//1741 4071//1741 4072//1741
f 4072//1742 4071//1742 4073//1742
f 4072//1743 4073//1743 4074//1743
f 4074//1744 4073//1744 3944//1744
f 4074//1744 3944//1744 3946//1744
f 4075//1745 4076//1745 4077//1745
f 4077//1745 4076//1745 4078//1745
f 4078//1746 4076//1746 4079//1746
f 4078//1747 4079//1747 4080//1747
f 4080//1748 4079//1748 4081//1748
f 4080//1748 4081//1748 4082//1748
f 4082//1749 4081//1749 4083//1749
f 4082//1749 4083//1749 4084//1749
f 4084//1750 4083//1750 4085//1750
f 4084//1751 4085//1751 4086//1751
f 4086//1752 4085//1752 4087//1752
f 4086//1752 4087//1752 4088//1752
f 4088//1753 4087//1753 4089//1753
f 4088//1753 4089//1753 4090//1753
f 4090//1754 4089//1754 4091//1754
f 4090//1754 4091//1754 4092//1754
f 4092//1755 4091//1755 4093//1755
f 4092//1756 4093//1756 4094//1756
f 4094//1757 4093//1757 4095//1757
f 4094//1758 4095//1758 4096//1758
f 4096//1759 4095//1759 4097//1759
f 4096//1759 4097//1759 4098//1759
f 4098//1760 4097//1760 4099//1760
f 4098//1760 4099//1760 4100//1760
f 4100//1761 4099//1761 4101//1761
f 4100//1761 4101//1761 4102//1761
f 4102//1762 4101//1762 4103//1762
f 4102//1762 4103//1762 4104//1762
f 4104//1763 4103//1763 4105//1763
f 4104//1763 4105//1763 4106//1763
f 4106//1764 4105//1764 4049//1764
f 4106//1765 4049//1765 4051//1765
f 4107//1766 4108//1766 4109//1766
f 4109//1767 4108//1767 4110//1767
f 4110//1768 4108//1768 4111//1768
f 4110//1768 4111//1768 4112//1768
f 4112//1769 4111//1769 4113//1769
f 4112//1770 4113//1770 4114//1770
f 4114//1771 4113//1771 4115//1771
f 4114//1771 4115//1771 4116//1771
f 4116//1772 4115//1772 4117//1772
f 4116//1773 4117//1773 4118//1773
f 4118//1774 4117//1774 4119//1774
f 4118//1774 4119//1774 4120//1774
f 4120//1775 4119//1775 4121//1775
f 4120//1775 4121//1775 4122//1775
f 4122//1776 4121//1776 4075//1776
f 4122//1777 4075//1777 4077//1777
f 4123//1778 4124//1778 4125//1778
f 4125//1778 4124//1778 4126//1778
f 4125//1779 4126//1779 4127//1779
f 4127//1780 4126//1780 4128//1780
f 4127//1780 4128//1780 4129//1780
f 4129//1781 4128//1781 4130//1781
f 4129//1782 4130//1782 4131//1782
f 4131//1783 4130//1783 4132//1783
f 4131//1784 4132//1784 4133//1784
f 4133//1785 4132//1785 4134//1785
f 4133//1785 4134//1785 4135//1785
f 4135//1786 4134//1786 4136//1786
f 4135//1786 4136//1786 4137//1786
f 4137//1787 4136//1787 4138//1787
f 4137//1788 4138//1788 4139//1788
f 4139//1789 4138//1789 4140//1789
f 4139//1789 4140//1789 4141//1789
f 4141//1790 4140//1790 4142//1790
f 4141//1791 4142//1791 4143//1791
f 4143//1792 4142//1792 4144//1792
f 4143//1792 4144//1792 4145//1792
f 4145//1793 4144//1793 4146//1793
f 4145//1794 4146//1794 4147//1794
f 4147//1795 4146//1795 4148//1795
f 4147//1796 4148//1796 4149//1796
f 4149//1797 4148//1797 4150//1797
f 4149//1798 4150//1798 4151//1798
f 4151//1799 4150//1799 4152//1799
f 4151//1799 4152//1799 4153//1799
f 4153//1800 4152//1800 4154//1800
f 4153//1800 4154//1800 4155//1800
f 4155//1801 4154//1801 4156//1801
f 4155//1801 4156//1801 4157//1801
f 4157//1802 4156//1802 4158//1802
f 4157//1803 4158//1803 4159//1803
f 4159//1804 4158//1804 4160//1804
f 4159//1805 4160//1805 4161//1805
f 4161//1271 4160//1271 4162//1271
f 4161//1806 4162//1806 4163//1806
f 4163//1807 4162//1807 4164//1807
f 4163//1808 4164//1808 4165//1808
f 4165//1809 4164//1809 4109//1809
f 4165//588 4109//588 4166//588
f 4166//588 4109//588 4167//588
f 4166//1807 4167//1807 4168//1807
f 4123//1780 4169//1780 4124//1780
f 4124//1780 4169//1780 4170//1780
f 4124//1780 4170//1780 4126//1780
f 4126//1780 4170//1780 4128//1780
f 4169//1782 4171//1782 4170//1782
f 4170//1781 4171//1781 4172//1781
f 4170//1782 4172//1782 4128//1782
f 4128//1781 4172//1781 4130//1781
f 4171//1784 4173//1784 4172//1784
f 4172//1783 4173//1783 4174//1783
f 4172//1784 4174//1784 4130//1784
f 4130//1783 4174//1783 4132//1783
f 4173//1785 4175//1785 4174//1785
f 4174//1785 4175//1785 4176//1785
f 4174//1785 4176//1785 4132//1785
f 4132//1785 4176//1785 4134//1785
f 4175//1786 4177//1786 4176//1786
f 4176//1786 4177//1786 4178//1786
f 4176//1786 4178//1786 4134//1786
f 4134//1786 4178//1786 4136//1786
f 4177//1788 4179//1788 4178//1788
f 4178//1787 4179//1787 4180//1787
f 4178//1788 4180//1788 4136//1788
f 4136//1787 4180//1787 4138//1787
f 4179//1789 4181//1789 4180//1789
f 4180//1810 4181//1810 4182//1810
f 4180//1789 4182//1789 4138//1789
f 4138//1810 4182//1810 4140//1810
f 4181//1791 4183//1791 4182//1791
f 4182//1790 4183//1790 4184//1790
f 4182//1791 4184//1791 4140//1791
f 4140//1790 4184//1790 4142//1790
f 4183//1811 4185//1811 4184//1811
f 4184//1792 4185//1792 4186//1792
f 4184//1811 4186//1811 4142//1811
f 4142//1792 4186//1792 4144//1792
f 4185//1812 4187//1812 4186//1812
f 4186//1812 4187//1812 4188//1812
f 4186//1812 4188//1812 4144//1812
f 4144//1812 4188//1812 4146//1812
f 4187//1813 4189//1813 4188//1813
f 4188//1813 4189//1813 4190//1813
f 4188//1813 4190//1813 4146//1813
f 4146//1813 4190//1813 4148//1813
f 4189//1814 4191//1814 4190//1814
f 4190//1814 4191//1814 4192//1814
f 4190//1814 4192//1814 4148//1814
f 4148//1814 4192//1814 4150//1814
f 4191//1799 4193//1799 4192//1799
f 4192//1815 4193//1815 4194//1815
f 4192//1799 4194//1799 4150//1799
f 4150//1815 4194//1815 4152//1815
f 4193//1816 4195//1816 4194//1816
f 4194//1817 4195//1817 4196//1817
f 4194//1816 4196//1816 4152//1816
f 4152//1817 4196//1817 4154//1817
f 4195//1818 4197//1818 4196//1818
f 4196//1819 4197//1819 4198//1819
f 4196//1818 4198//1818 4154//1818
f 4154//1819 4198//1819 4156//1819
f 4197//1802 4199//1802 4198//1802
f 4198//1802 4199//1802 4200//1802
f 4198//1802 4200//1802 4156//1802
f 4156//1802 4200//1802 4158//1802
f 4199//1804 4201//1804 4200//1804
f 4200//1805 4201//1805 4202//1805
f 4200//1804 4202//1804 4158//1804
f 4158//1805 4202//1805 4160//1805
f 4201//1271 4203//1271 4202//1271
f 4202//1820 4203//1820 4204//1820
f 4202//1271 4204//1271 4160//1271
f 4160//1820 4204//1820 4162//1820
f 4203//1821 4205//1821 4204//1821
f 4204//1808 4205//1808 4206//1808
f 4204//1821 4206//1821 4162//1821
f 4162//1808 4206//1808 4164//1808
f 4205//588 4107//588 4206//588
f 4206//1822 4107//1822 4164//1822
f 4107//1269 4109//1269 4164//1269
f 4166//1807 4168//1807 4207//1807
f 4207//1806 4168//1806 4208//1806
f 4207//1806 4208//1806 4209//1806
f 4209//1805 4208//1805 4210//1805
f 4209//1804 4210//1804 4211//1804
f 4211//1802 4210//1802 4212//1802
f 4211//1802 4212//1802 4213//1802
f 4213//1801 4212//1801 4214//1801
f 4213//1801 4214//1801 4215//1801
f 4215//1800 4214//1800 4216//1800
f 4215//1800 4216//1800 4217//1800
f 4217//1799 4216//1799 4218//1799
f 4217//1815 4218//1815 4219//1815
f 4219//1814 4218//1814 4220//1814
f 4219//1814 4220//1814 4221//1814
f 4221//1813 4220//1813 4222//1813
f 4221//1813 4222//1813 4223//1813
f 4223//1812 4222//1812 4224//1812
f 4223//1812 4224//1812 4225//1812
f 4225//1792 4224//1792 4226//1792
f 4225//1811 4226//1811 4227//1811
f 4227//1790 4226//1790 4228//1790
f 4227//1791 4228//1791 4229//1791
f 4229//1789 4228//1789 4230//1789
f 4229//1810 4230//1810 4231//1810
f 4231//1787 4230//1787 4232//1787
f 4231//1787 4232//1787 4233//1787
f 4233//1823 4232//1823 4234//1823
f 4233//1824 4234//1824 4235//1824
f 4235//1785 4234//1785 4236//1785
f 4235//1785 4236//1785 4237//1785
f 4237//1784 4236//1784 4238//1784
f 4237//1784 4238//1784 4239//1784
f 4239//1781 4238//1781 4240//1781
f 4239//1781 4240//1781 4241//1781
f 4241//1825 4240//1825 4242//1825
f 4241//1780 4242//1780 4243//1780
f 4243//1778 4242//1778 4244//1778
f 4243//1826 4244//1826 4127//1826
f 4127//1779 4244//1779 4125//1779
f 4127//1780 4129//1780 4243//1780
f 4243//1825 4129//1825 4241//1825
f 4129//1781 4131//1781 4241//1781
f 4241//1781 4131//1781 4239//1781
f 4131//1784 4133//1784 4239//1784
f 4239//1784 4133//1784 4237//1784
f 4133//1785 4135//1785 4237//1785
f 4237//1785 4135//1785 4235//1785
f 4135//1824 4137//1824 4235//1824
f 4235//1823 4137//1823 4233//1823
f 4137//1787 4139//1787 4233//1787
f 4233//1787 4139//1787 4231//1787
f 4139//1810 4141//1810 4231//1810
f 4231//1789 4141//1789 4229//1789
f 4141//1791 4143//1791 4229//1791
f 4229//1790 4143//1790 4227//1790
f 4143//1811 4145//1811 4227//1811
f 4227//1792 4145//1792 4225//1792
f 4145//1812 4147//1812 4225//1812
f 4225//1812 4147//1812 4223//1812
f 4147//1813 4149//1813 4223//1813
f 4223//1813 4149//1813 4221//1813
f 4149//1814 4151//1814 4221//1814
f 4221//1814 4151//1814 4219//1814
f 4151//1815 4153//1815 4219//1815
f 4219//1799 4153//1799 4217//1799
f 4153//1800 4155//1800 4217//1800
f 4217//1800 4155//1800 4215//1800
f 4155//1801 4157//1801 4215//1801
f 4215//1801 4157//1801 4213//1801
f 4157//1802 4159//1802 4213//1802
f 4213//1802 4159//1802 4211//1802
f 4159//1804 4161//1804 4211//1804
f 4211//1805 4161//1805 4209//1805
f 4165//1807 4166//1807 4207//1807
f 4161//1806 4163//1806 4209//1806
f 4209//1806 4163//1806 4207//1806
f 4163//1807 4165//1807 4207//1807
f 4245//1827 4246//1827 4247//1827
f 4247//1827 4246//1827 4248//1827
f 4247//1828 4248//1828 4249//1828
f 4249//1829 4248//1829 4250//1829
f 4250//1830 4248//1830 4251//1830
f 4250//1831 4251//1831 4252//1831
f 4252//1832 4251//1832 4253//1832
f 4252//1832 4253//1832 4254//1832
f 4254//1833 4253//1833 4255//1833
f 4254//1834 4255//1834 4256//1834
f 4256//1835 4255//1835 4257//1835
f 4256//1836 4257//1836 4258//1836
f 4258//1837 4257//1837 4259//1837
f 4258//1837 4259//1837 4260//1837
f 4260//1838 4259//1838 4261//1838
f 4260//1838 4261//1838 4262//1838
f 4262//1839 4261//1839 4263//1839
f 4262//1840 4263//1840 4264//1840
f 4264//1841 4263//1841 4265//1841
f 4264//1841 4265//1841 4266//1841
f 4266//1842 4265//1842 4267//1842
f 4266//1842 4267//1842 4268//1842
f 4268//1843 4267//1843 4269//1843
f 4268//1844 4269//1844 4270//1844
f 4270//1845 4269//1845 4244//1845
f 4244//1846 4269//1846 4271//1846
f 4244//1847 4271//1847 4125//1847
f 4125//1845 4271//1845 4272//1845
f 4272//1844 4271//1844 4273//1844
f 4272//1843 4273//1843 4274//1843
f 4274//1842 4273//1842 4275//1842
f 4274//1848 4275//1848 4276//1848
f 4276//1841 4275//1841 4277//1841
f 4276//1841 4277//1841 4278//1841
f 4278//1849 4277//1849 4279//1849
f 4278//1849 4279//1849 4280//1849
f 4280//1850 4279//1850 4281//1850
f 4280//1851 4281//1851 4282//1851
f 4282//1852 4281//1852 4283//1852
f 4282//1837 4283//1837 4284//1837
f 4284//1836 4283//1836 4285//1836
f 4284//1835 4285//1835 4286//1835
f 4286//1833 4285//1833 4287//1833
f 4286//1834 4287//1834 4288//1834
f 4288//1832 4287//1832 4289//1832
f 4288//1832 4289//1832 4290//1832
f 4290//1831 4289//1831 4246//1831
f 4290//1830 4246//1830 4245//1830
f 4269//1844 4267//1844 4271//1844
f 4271//1843 4267//1843 4273//1843
f 4267//1842 4265//1842 4273//1842
f 4273//1848 4265//1848 4275//1848
f 4265//1841 4263//1841 4275//1841
f 4275//1841 4263//1841 4277//1841
f 4263//1849 4261//1849 4277//1849
f 4277//1849 4261//1849 4279//1849
f 4261//1850 4259//1850 4279//1850
f 4279//1851 4259//1851 4281//1851
f 4259//1852 4257//1852 4281//1852
f 4281//1837 4257//1837 4283//1837
f 4257//1836 4255//1836 4283//1836
f 4283//1835 4255//1835 4285//1835
f 4255//1833 4253//1833 4285//1833
f 4285//1834 4253//1834 4287//1834
f 4248//1830 4246//1830 4289//1830
f 4253//1832 4251//1832 4287//1832
f 4287//1832 4251//1832 4289//1832
f 4251//1831 4248//1831 4289//1831
f 4291//1853 4292//1853 4293//1853
f 4293//1853 4292//1853 4294//1853
f 4293//451 4294//451 4295//451
f 4293//451 4295//451 4296//451
f 4296//1854 4295//1854 4297//1854
f 4296//1854 4297//1854 4298//1854
f 4298//1855 4297//1855 4299//1855
f 4298//1855 4299//1855 4300//1855
f 4300//1856 4299//1856 4301//1856
f 4300//1856 4301//1856 4302//1856
f 4302//1857 4301//1857 4303//1857
f 4302//1858 4303//1858 4304//1858
f 4304//1859 4303//1859 4305//1859
f 4304//1860 4305//1860 4306//1860
f 4306//1861 4305//1861 4247//1861
f 4306//1862 4247//1862 4249//1862
f 4249//1861 4307//1861 4306//1861
f 4306//1860 4307//1860 4308//1860
f 4306//1859 4308//1859 4304//1859
f 4304//1858 4308//1858 4309//1858
f 4304//1857 4309//1857 4302//1857
f 4302//1856 4309//1856 4310//1856
f 4302//1856 4310//1856 4300//1856
f 4300//1855 4310//1855 4311//1855
f 4300//1855 4311//1855 4298//1855
f 4298//1854 4311//1854 4312//1854
f 4298//1854 4312//1854 4296//1854
f 4296//451 4312//451 4313//451
f 4296//451 4313//451 4293//451
f 4293//1853 4313//1853 4291//1853
f 4314//1863 4315//1863 4316//1863
f 4316//1863 4315//1863 4317//1863
f 4316//1864 4317//1864 4318//1864
f 4318//1865 4317//1865 4319//1865
f 4318//1866 4319//1866 4320//1866
f 4320//1867 4319//1867 4321//1867
f 4320//1868 4321//1868 4322//1868
f 4322//1869 4321//1869 4323//1869
f 4322//1870 4323//1870 4324//1870
f 4324//1871 4323//1871 4325//1871
f 4324//1871 4325//1871 4326//1871
f 4326//1872 4325//1872 4327//1872
f 4326//1872 4327//1872 4328//1872
f 4328//1873 4327//1873 4329//1873
f 4328//1873 4329//1873 4330//1873
f 4330//1874 4329//1874 4331//1874
f 4330//1875 4331//1875 4332//1875
f 4332//1876 4331//1876 4333//1876
f 4332//1877 4333//1877 4334//1877
f 4334//743 4333//743 4335//743
f 4334//743 4335//743 4336//743
f 4336//1878 4335//1878 4337//1878
f 4336//1878 4337//1878 4338//1878
f 4338//843 4337//843 4339//843
f 4338//843 4339//843 4340//843
f 4340//1879 4339//1879 4341//1879
f 4340//1880 4341//1880 4342//1880
f 4342//1881 4341//1881 4343//1881
f 4342//1881 4343//1881 4344//1881
f 4344//1882 4343//1882 4345//1882
f 4344//1882 4345//1882 4346//1882
f 4346//1883 4345//1883 4347//1883
f 4346//1883 4347//1883 4348//1883
f 4348//1884 4347//1884 4349//1884
f 4348//828 4349//828 4350//828
f 4350//1885 4349//1885 4351//1885
f 4350//1886 4351//1886 4352//1886
f 4352//1887 4351//1887 4353//1887
f 4352//1888 4353//1888 4354//1888
f 4354//1889 4353//1889 4355//1889
f 4354//1890 4355//1890 4356//1890
f 4356//1891 4355//1891 4357//1891
f 4356//1892 4357//1892 4358//1892
f 4358//1893 4357//1893 4359//1893
f 4358//1893 4359//1893 4360//1893
f 4360//1894 4359//1894 4361//1894
f 4360//1895 4361//1895 4362//1895
f 4362//1896 4361//1896 4363//1896
f 4362//1897 4363//1897 4364//1897
f 4364//1898 4363//1898 4365//1898
f 4364//1899 4365//1899 4366//1899
f 4366//1900 4365//1900 4367//1900
f 4366//1900 4367//1900 4368//1900
f 4368//1901 4367//1901 4369//1901
f 4368//1901 4369//1901 4370//1901
f 4370//1902 4369//1902 4371//1902
f 4370//1903 4371//1903 4372//1903
f 4372//1904 4371//1904 4292//1904
f 4372//1905 4292//1905 4373//1905
f 4373//1906 4292//1906 4291//1906
f 4373//1904 4291//1904 4374//1904
f 4374//1904 4291//1904 4375//1904
f 4374//1903 4375//1903 4376//1903
f 4376//1902 4375//1902 4377//1902
f 4376//1901 4377//1901 4378//1901
f 4378//1901 4377//1901 4379//1901
f 4378//1900 4379//1900 4380//1900
f 4380//1900 4379//1900 4381//1900
f 4380//1898 4381//1898 4382//1898
f 4314//1865 4383//1865 4315//1865
f 4315//1907 4383//1907 4384//1907
f 4315//1865 4384//1865 4317//1865
f 4317//1907 4384//1907 4319//1907
f 4383//1908 4385//1908 4384//1908
f 4384//1868 4385//1868 4386//1868
f 4384//1908 4386//1908 4319//1908
f 4319//1868 4386//1868 4321//1868
f 4385//1870 4387//1870 4386//1870
f 4386//1869 4387//1869 4388//1869
f 4386//1870 4388//1870 4321//1870
f 4321//1869 4388//1869 4323//1869
f 4387//1871 4389//1871 4388//1871
f 4388//1909 4389//1909 4390//1909
f 4388//1871 4390//1871 4323//1871
f 4323//1909 4390//1909 4325//1909
f 4389//1910 4391//1910 4390//1910
f 4390//1911 4391//1911 4392//1911
f 4390//1910 4392//1910 4325//1910
f 4325//1911 4392//1911 4327//1911
f 4391//1873 4393//1873 4392//1873
f 4392//1912 4393//1912 4394//1912
f 4392//1873 4394//1873 4327//1873
f 4327//1912 4394//1912 4329//1912
f 4393//1874 4395//1874 4394//1874
f 4394//1875 4395//1875 4396//1875
f 4394//1874 4396//1874 4329//1874
f 4329//1875 4396//1875 4331//1875
f 4395//1876 4397//1876 4396//1876
f 4396//1877 4397//1877 4398//1877
f 4396//1876 4398//1876 4331//1876
f 4331//1877 4398//1877 4333//1877
f 4397//743 4399//743 4398//743
f 4398//743 4399//743 4400//743
f 4398//743 4400//743 4333//743
f 4333//743 4400//743 4335//743
f 4399//1878 4401//1878 4400//1878
f 4400//1878 4401//1878 4402//1878
f 4400//1878 4402//1878 4335//1878
f 4335//1878 4402//1878 4337//1878
f 4401//1913 4403//1913 4402//1913
f 4402//1914 4403//1914 4404//1914
f 4402//1913 4404//1913 4337//1913
f 4337//1914 4404//1914 4339//1914
f 4403//1879 4405//1879 4404//1879
f 4404//1879 4405//1879 4406//1879
f 4404//1879 4406//1879 4339//1879
f 4339//1879 4406//1879 4341//1879
f 4405//1915 4407//1915 4406//1915
f 4406//1881 4407//1881 4408//1881
f 4406//1915 4408//1915 4341//1915
f 4341//1881 4408//1881 4343//1881
f 4407//1882 4409//1882 4408//1882
f 4408//1916 4409//1916 4410//1916
f 4408//1882 4410//1882 4343//1882
f 4343//1916 4410//1916 4345//1916
f 4409//1917 4411//1917 4410//1917
f 4410//1883 4411//1883 4412//1883
f 4410//1917 4412//1917 4345//1917
f 4345//1883 4412//1883 4347//1883
f 4411//1884 4413//1884 4412//1884
f 4412//1884 4413//1884 4414//1884
f 4412//1884 4414//1884 4347//1884
f 4347//1884 4414//1884 4349//1884
f 4413//1918 4415//1918 4414//1918
f 4414//1886 4415//1886 4416//1886
f 4414//1918 4416//1918 4349//1918
f 4349//1886 4416//1886 4351//1886
f 4415//1919 4417//1919 4416//1919
f 4416//1920 4417//1920 4418//1920
f 4416//1887 4418//1887 4351//1887
f 4351//1887 4418//1887 4353//1887
f 4417//1921 4419//1921 4418//1921
f 4418//1922 4419//1922 4420//1922
f 4418//1923 4420//1923 4421//1923
f 4418//1924 4421//1924 4422//1924
f 4422//1925 4421//1925 4423//1925
f 4422//1926 4423//1926 4424//1926
f 4424//1927 4425//1927 4422//1927
f 4422//1928 4425//1928 4426//1928
f 4422//1929 4426//1929 4427//1929
f 4427//1930 4426//1930 4428//1930
f 4427//1931 4428//1931 4429//1931
f 4429//1932 4430//1932 4427//1932
f 4427//1933 4430//1933 4431//1933
f 4427//1934 4431//1934 4432//1934
f 4432//1935 4431//1935 4433//1935
f 4432//1936 4433//1936 4434//1936
f 4432//1937 4434//1937 4435//1937
f 4435//1938 4434//1938 4436//1938
f 4435//1896 4436//1896 4437//1896
f 4435//1897 4437//1897 4438//1897
f 4438//1898 4437//1898 4439//1898
f 4438//1899 4439//1899 4440//1899
f 4440//1939 4439//1939 4441//1939
f 4440//1940 4441//1940 4442//1940
f 4442//1941 4441//1941 4443//1941
f 4442//1942 4443//1942 4444//1942
f 4444//1943 4443//1943 4445//1943
f 4444//1943 4445//1943 4446//1943
f 4446//1944 4445//1944 4292//1944
f 4446//1904 4292//1904 4371//1904
f 4447//1944 4448//1944 4291//1944
f 4291//1944 4448//1944 4449//1944
f 4291//1945 4449//1945 4375//1945
f 4375//1903 4449//1903 4377//1903
f 4447//1903 4450//1903 4448//1903
f 4448//1902 4450//1902 4451//1902
f 4448//1903 4451//1903 4449//1903
f 4449//1902 4451//1902 4377//1902
f 4450//1901 4452//1901 4451//1901
f 4451//1901 4452//1901 4379//1901
f 4451//1901 4379//1901 4377//1901
f 4452//1900 4381//1900 4379//1900
f 4380//1898 4382//1898 4453//1898
f 4453//1897 4382//1897 4454//1897
f 4453//1896 4454//1896 4455//1896
f 4455//1946 4454//1946 4456//1946
f 4455//1947 4456//1947 4457//1947
f 4457//1936 4456//1936 4458//1936
f 4457//1935 4458//1935 4459//1935
f 4457//1948 4459//1948 4460//1948
f 4460//1949 4459//1949 4461//1949
f 4460//1932 4461//1932 4462//1932
f 4462//1931 4463//1931 4460//1931
f 4460//1950 4463//1950 4464//1950
f 4460//1951 4464//1951 4465//1951
f 4465//1928 4464//1928 4466//1928
f 4465//763 4466//763 4467//763
f 4467//1926 4468//1926 4465//1926
f 4465//1952 4468//1952 4469//1952
f 4465//1953 4469//1953 4470//1953
f 4470//1954 4469//1954 4471//1954
f 4470//1922 4471//1922 4472//1922
f 4472//1921 4473//1921 4470//1921
f 4470//1955 4473//1955 4474//1955
f 4470//1888 4474//1888 4475//1888
f 4475//1956 4474//1956 4476//1956
f 4475//1888 4476//1888 4477//1888
f 4477//1956 4476//1956 4478//1956
f 4477//1888 4478//1888 4479//1888
f 4479//1956 4478//1956 4480//1956
f 4479//1887 4480//1887 4481//1887
f 4481//1887 4480//1887 4482//1887
f 4481//1888 4482//1888 4354//1888
f 4354//1956 4482//1956 4352//1956
f 4473//1919 4483//1919 4474//1919
f 4474//1885 4483//1885 4484//1885
f 4474//1885 4484//1885 4485//1885
f 4485//828 4484//828 4486//828
f 4485//1957 4486//1957 4487//1957
f 4487//1883 4486//1883 4488//1883
f 4487//1917 4488//1917 4489//1917
f 4489//1916 4488//1916 4490//1916
f 4489//1958 4490//1958 4491//1958
f 4491//1959 4490//1959 4492//1959
f 4491//1915 4492//1915 4493//1915
f 4493//1880 4492//1880 4494//1880
f 4493//1879 4494//1879 4495//1879
f 4495//843 4494//843 4496//843
f 4495//843 4496//843 4497//843
f 4497//1878 4496//1878 4498//1878
f 4497//1960 4498//1960 4499//1960
f 4499//1961 4498//1961 4500//1961
f 4499//743 4500//743 4501//743
f 4501//1877 4500//1877 4502//1877
f 4501//1876 4502//1876 4503//1876
f 4503//1875 4502//1875 4504//1875
f 4503//1874 4504//1874 4505//1874
f 4505//1873 4504//1873 4506//1873
f 4505//1873 4506//1873 4507//1873
f 4507//1872 4506//1872 4508//1872
f 4507//1872 4508//1872 4509//1872
f 4509//1909 4508//1909 4510//1909
f 4509//1871 4510//1871 4511//1871
f 4511//1869 4510//1869 4512//1869
f 4511//1870 4512//1870 4513//1870
f 4513//1867 4512//1867 4514//1867
f 4513//1867 4514//1867 4515//1867
f 4515//1907 4514//1907 4516//1907
f 4515//1865 4516//1865 4517//1865
f 4517//1863 4516//1863 4518//1863
f 4517//1863 4518//1863 4519//1863
f 4519//1863 4518//1863 4520//1863
f 4519//1865 4520//1865 4521//1865
f 4521//1907 4520//1907 4522//1907
f 4521//1867 4522//1867 4523//1867
f 4523//1868 4522//1868 4524//1868
f 4523//1869 4524//1869 4525//1869
f 4525//1869 4524//1869 4324//1869
f 4525//1871 4324//1871 4326//1871
f 4520//1863 4518//1863 4526//1863
f 4526//1864 4518//1864 4316//1864
f 4526//1962 4316//1962 4527//1962
f 4527//1863 4316//1863 4318//1863
f 4527//1865 4318//1865 4320//1865
f 4371//1943 4369//1943 4446//1943
f 4446//1943 4369//1943 4444//1943
f 4369//1942 4367//1942 4444//1942
f 4444//1941 4367//1941 4442//1941
f 4367//1940 4365//1940 4442//1940
f 4442//1939 4365//1939 4440//1939
f 4365//1899 4363//1899 4440//1899
f 4440//1898 4363//1898 4438//1898
f 4363//1897 4361//1897 4438//1897
f 4438//1896 4361//1896 4435//1896
f 4361//1895 4359//1895 4435//1895
f 4435//1963 4359//1963 4432//1963
f 4359//1893 4357//1893 4432//1893
f 4432//1964 4357//1964 4427//1964
f 4353//1890 4418//1890 4422//1890
f 4357//1891 4355//1891 4427//1891
f 4427//1892 4355//1892 4422//1892
f 4355//1890 4353//1890 4422//1890
f 4515//1907 4517//1907 4528//1907
f 4528//1865 4517//1865 4519//1865
f 4528//1907 4519//1907 4521//1907
f 4513//1867 4515//1867 4529//1867
f 4529//1867 4515//1867 4528//1867
f 4529//1867 4528//1867 4530//1867
f 4530//1867 4528//1867 4521//1867
f 4530//1867 4521//1867 4523//1867
f 4511//1869 4513//1869 4531//1869
f 4531//1870 4513//1870 4529//1870
f 4531//1869 4529//1869 4532//1869
f 4532//1870 4529//1870 4530//1870
f 4532//1869 4530//1869 4533//1869
f 4533//1870 4530//1870 4523//1870
f 4533//1870 4523//1870 4525//1870
f 4509//1909 4511//1909 4534//1909
f 4534//1871 4511//1871 4531//1871
f 4534//1909 4531//1909 4535//1909
f 4535//1871 4531//1871 4532//1871
f 4535//1909 4532//1909 4536//1909
f 4536//1871 4532//1871 4533//1871
f 4536//1909 4533//1909 4537//1909
f 4537//1871 4533//1871 4525//1871
f 4537//1909 4525//1909 4326//1909
f 4507//1872 4509//1872 4538//1872
f 4538//1872 4509//1872 4534//1872
f 4538//1872 4534//1872 4539//1872
f 4539//1872 4534//1872 4535//1872
f 4539//1872 4535//1872 4540//1872
f 4540//1872 4535//1872 4536//1872
f 4540//1911 4536//1911 4541//1911
f 4541//1910 4536//1910 4537//1910
f 4541//1872 4537//1872 4328//1872
f 4328//1872 4537//1872 4326//1872
f 4505//1873 4507//1873 4542//1873
f 4542//1873 4507//1873 4538//1873
f 4542//1873 4538//1873 4543//1873
f 4543//1873 4538//1873 4539//1873
f 4543//1873 4539//1873 4544//1873
f 4544//1873 4539//1873 4540//1873
f 4544//1873 4540//1873 4545//1873
f 4545//1912 4540//1912 4541//1912
f 4545//1873 4541//1873 4330//1873
f 4330//1873 4541//1873 4328//1873
f 4503//1875 4505//1875 4546//1875
f 4546//1874 4505//1874 4542//1874
f 4546//1875 4542//1875 4547//1875
f 4547//1874 4542//1874 4543//1874
f 4547//1875 4543//1875 4548//1875
f 4548//1874 4543//1874 4544//1874
f 4548//1875 4544//1875 4549//1875
f 4549//1874 4544//1874 4545//1874
f 4549//1875 4545//1875 4332//1875
f 4332//1874 4545//1874 4330//1874
f 4501//1877 4503//1877 4550//1877
f 4550//1876 4503//1876 4546//1876
f 4550//1877 4546//1877 4551//1877
f 4551//1876 4546//1876 4547//1876
f 4551//1877 4547//1877 4552//1877
f 4552//1876 4547//1876 4548//1876
f 4552//1877 4548//1877 4553//1877
f 4553//1876 4548//1876 4549//1876
f 4553//1877 4549//1877 4334//1877
f 4334//1876 4549//1876 4332//1876
f 4499//1961 4501//1961 4554//1961
f 4554//743 4501//743 4550//743
f 4554//1961 4550//1961 4555//1961
f 4555//743 4550//743 4551//743
f 4555//1961 4551//1961 4556//1961
f 4556//743 4551//743 4552//743
f 4556//743 4552//743 4557//743
f 4557//743 4552//743 4553//743
f 4557//1961 4553//1961 4336//1961
f 4336//743 4553//743 4334//743
f 4497//1878 4499//1878 4558//1878
f 4558//1960 4499//1960 4554//1960
f 4558//1878 4554//1878 4559//1878
f 4559//1960 4554//1960 4555//1960
f 4559//1878 4555//1878 4560//1878
f 4560//1960 4555//1960 4556//1960
f 4560//1878 4556//1878 4561//1878
f 4561//1878 4556//1878 4557//1878
f 4561//1878 4557//1878 4338//1878
f 4338//1960 4557//1960 4336//1960
f 4495//843 4497//843 4562//843
f 4562//843 4497//843 4558//843
f 4562//843 4558//843 4563//843
f 4563//843 4558//843 4559//843
f 4563//843 4559//843 4564//843
f 4564//843 4559//843 4560//843
f 4564//1914 4560//1914 4565//1914
f 4565//1913 4560//1913 4561//1913
f 4565//843 4561//843 4340//843
f 4340//843 4561//843 4338//843
f 4493//1880 4495//1880 4566//1880
f 4566//1879 4495//1879 4562//1879
f 4566//1880 4562//1880 4567//1880
f 4567//1879 4562//1879 4563//1879
f 4567//1880 4563//1880 4568//1880
f 4568//1879 4563//1879 4564//1879
f 4568//1879 4564//1879 4569//1879
f 4569//1879 4564//1879 4565//1879
f 4569//1880 4565//1880 4342//1880
f 4342//1879 4565//1879 4340//1879
f 4491//1959 4493//1959 4570//1959
f 4570//1915 4493//1915 4566//1915
f 4570//1959 4566//1959 4571//1959
f 4571//1915 4566//1915 4567//1915
f 4571//1959 4567//1959 4572//1959
f 4572//1915 4567//1915 4568//1915
f 4572//1881 4568//1881 4573//1881
f 4573//1915 4568//1915 4569//1915
f 4573//1959 4569//1959 4344//1959
f 4344//1915 4569//1915 4342//1915
f 4489//1916 4491//1916 4574//1916
f 4574//1958 4491//1958 4570//1958
f 4574//1916 4570//1916 4575//1916
f 4575//1958 4570//1958 4571//1958
f 4575//1916 4571//1916 4576//1916
f 4576//1958 4571//1958 4572//1958
f 4576//1916 4572//1916 4577//1916
f 4577//1882 4572//1882 4573//1882
f 4577//1916 4573//1916 4346//1916
f 4346//1958 4573//1958 4344//1958
f 4487//1883 4489//1883 4578//1883
f 4578//1917 4489//1917 4574//1917
f 4578//1883 4574//1883 4579//1883
f 4579//1917 4574//1917 4575//1917
f 4579//1883 4575//1883 4580//1883
f 4580//1917 4575//1917 4576//1917
f 4580//1883 4576//1883 4581//1883
f 4581//1917 4576//1917 4577//1917
f 4581//1883 4577//1883 4348//1883
f 4348//1917 4577//1917 4346//1917
f 4476//1885 4474//1885 4485//1885
f 4485//828 4487//828 4582//828
f 4582//1957 4487//1957 4578//1957
f 4582//828 4578//828 4583//828
f 4583//1957 4578//1957 4579//1957
f 4583//828 4579//828 4584//828
f 4584//1957 4579//1957 4580//1957
f 4584//1884 4580//1884 4585//1884
f 4585//1884 4580//1884 4581//1884
f 4585//828 4581//828 4350//828
f 4350//1957 4581//1957 4348//1957
f 4465//1890 4470//1890 4586//1890
f 4586//1890 4470//1890 4475//1890
f 4586//1890 4475//1890 4587//1890
f 4587//1890 4475//1890 4477//1890
f 4587//1890 4477//1890 4588//1890
f 4588//1890 4477//1890 4479//1890
f 4588//1890 4479//1890 4589//1890
f 4589//1890 4479//1890 4481//1890
f 4589//1890 4481//1890 4356//1890
f 4356//1890 4481//1890 4354//1890
f 4460//1892 4465//1892 4590//1892
f 4590//1892 4465//1892 4586//1892
f 4590//1892 4586//1892 4591//1892
f 4591//1892 4586//1892 4587//1892
f 4591//1892 4587//1892 4592//1892
f 4592//1892 4587//1892 4588//1892
f 4592//1891 4588//1891 4593//1891
f 4593//1892 4588//1892 4589//1892
f 4593//1892 4589//1892 4358//1892
f 4358//1892 4589//1892 4356//1892
f 4457//1893 4460//1893 4594//1893
f 4594//1893 4460//1893 4590//1893
f 4594//1893 4590//1893 4595//1893
f 4595//1893 4590//1893 4591//1893
f 4595//1893 4591//1893 4596//1893
f 4596//1893 4591//1893 4592//1893
f 4596//1964 4592//1964 4597//1964
f 4597//1893 4592//1893 4593//1893
f 4597//1893 4593//1893 4360//1893
f 4360//1893 4593//1893 4358//1893
f 4455//1894 4457//1894 4598//1894
f 4598//1894 4457//1894 4594//1894
f 4598//1965 4594//1965 4599//1965
f 4599//1894 4594//1894 4595//1894
f 4599//1894 4595//1894 4600//1894
f 4600//1965 4595//1965 4596//1965
f 4600//1895 4596//1895 4601//1895
f 4601//1963 4596//1963 4597//1963
f 4601//1894 4597//1894 4362//1894
f 4362//1894 4597//1894 4360//1894
f 4453//1897 4455//1897 4602//1897
f 4602//1896 4455//1896 4598//1896
f 4602//1897 4598//1897 4603//1897
f 4603//1896 4598//1896 4599//1896
f 4603//1897 4599//1897 4604//1897
f 4604//1896 4599//1896 4600//1896
f 4604//1897 4600//1897 4605//1897
f 4605//1896 4600//1896 4601//1896
f 4605//1897 4601//1897 4364//1897
f 4364//1896 4601//1896 4362//1896
f 4380//1898 4453//1898 4606//1898
f 4606//1898 4453//1898 4602//1898
f 4606//1898 4602//1898 4607//1898
f 4607//1898 4602//1898 4603//1898
f 4607//1898 4603//1898 4608//1898
f 4608//1898 4603//1898 4604//1898
f 4608//1899 4604//1899 4609//1899
f 4609//1898 4604//1898 4605//1898
f 4609//1898 4605//1898 4366//1898
f 4366//1898 4605//1898 4364//1898
f 4370//1902 4372//1902 4610//1902
f 4610//1903 4372//1903 4373//1903
f 4610//1943 4373//1943 4611//1943
f 4611//1943 4373//1943 4374//1943
f 4611//1902 4374//1902 4376//1902
f 4609//1900 4366//1900 4368//1900
f 4368//1901 4370//1901 4612//1901
f 4612//1901 4370//1901 4610//1901
f 4612//1941 4610//1941 4613//1941
f 4613//1942 4610//1942 4611//1942
f 4613//1901 4611//1901 4614//1901
f 4614//1901 4611//1901 4376//1901
f 4614//1901 4376//1901 4378//1901
f 4585//1885 4350//1885 4352//1885
f 4585//1885 4352//1885 4482//1885
f 4324//1870 4524//1870 4322//1870
f 4322//1867 4524//1867 4615//1867
f 4322//1867 4615//1867 4320//1867
f 4320//1907 4615//1907 4527//1907
f 4522//1865 4520//1865 4526//1865
f 4608//1939 4609//1939 4612//1939
f 4612//1900 4609//1900 4368//1900
f 4608//1940 4612//1940 4613//1940
f 4584//1918 4585//1918 4482//1918
f 4584//1886 4482//1886 4480//1886
f 4526//1865 4527//1865 4615//1865
f 4526//1907 4615//1907 4522//1907
f 4522//1908 4615//1908 4524//1908
f 4607//1900 4608//1900 4613//1900
f 4607//1900 4613//1900 4614//1900
f 4583//1885 4584//1885 4480//1885
f 4583//1885 4480//1885 4478//1885
f 4606//1900 4607//1900 4614//1900
f 4606//1900 4614//1900 4378//1900
f 4582//1885 4583//1885 4478//1885
f 4582//1885 4478//1885 4476//1885
f 4380//1900 4606//1900 4378//1900
f 4485//1885 4582//1885 4476//1885
f 4616//1966 4617//1966 4618//1966
f 4618//1966 4617//1966 4619//1966
f 4619//1967 4617//1967 4620//1967
f 4619//1968 4620//1968 4621//1968
f 4621//1969 4620//1969 4622//1969
f 4621//1969 4622//1969 4623//1969
f 4623//1970 4622//1970 4624//1970
f 4623//1971 4624//1971 4625//1971
f 4625//1972 4624//1972 4626//1972
f 4625//1973 4626//1973 4627//1973
f 4627//1974 4626//1974 4628//1974
f 4627//1974 4628//1974 4629//1974
f 4629//1975 4628//1975 4630//1975
f 4629//1975 4630//1975 4631//1975
f 4631//1976 4630//1976 4316//1976
f 4631//1977 4316//1977 4518//1977
f 4632//1978 4633//1978 4634//1978
f 4634//1978 4633//1978 4635//1978
f 4634//1979 4635//1979 4636//1979
f 4636//1980 4635//1980 4637//1980
f 4636//1980 4637//1980 4638//1980
f 4638//1981 4637//1981 4639//1981
f 4638//1982 4639//1982 4640//1982
f 4640//1983 4639//1983 4641//1983
f 4640//1984 4641//1984 4642//1984
f 4642//1985 4641//1985 4643//1985
f 4642//1985 4643//1985 4644//1985
f 4644//1986 4643//1986 4645//1986
f 4644//1986 4645//1986 4646//1986
f 4646//1987 4645//1987 4647//1987
f 4646//1987 4647//1987 4648//1987
f 4648//1988 4647//1988 4649//1988
f 4648//1988 4649//1988 4650//1988
f 4650//1989 4649//1989 4651//1989
f 4650//1990 4651//1990 4652//1990
f 4652//1991 4651//1991 4653//1991
f 4652//1991 4653//1991 4654//1991
f 4654//1992 4653//1992 4655//1992
f 4654//1992 4655//1992 4656//1992
f 4656//523 4655//523 4657//523
f 4656//523 4657//523 4658//523
f 4658//1993 4657//1993 4659//1993
f 4658//1994 4659//1994 4660//1994
f 4660//1995 4659//1995 4661//1995
f 4660//1996 4661//1996 4662//1996
f 4662//1997 4661//1997 4663//1997
f 4662//1998 4663//1998 4664//1998
f 4664//1999 4663//1999 4665//1999
f 4664//2000 4665//2000 4666//2000
f 4666//2001 4665//2001 4667//2001
f 4666//2002 4667//2002 4668//2002
f 4668//2003 4667//2003 4669//2003
f 4668//2003 4669//2003 4670//2003
f 4670//2004 4669//2004 4671//2004
f 4670//2005 4671//2005 4672//2005
f 4672//1567 4671//1567 4673//1567
f 4672//2006 4673//2006 4674//2006
f 4674//2007 4673//2007 4675//2007
f 4674//2008 4675//2008 4676//2008
f 4676//2009 4675//2009 4677//2009
f 4676//2010 4677//2010 4678//2010
f 4678//2011 4677//2011 4679//2011
f 4678//2012 4679//2012 4680//2012
f 4680//2013 4679//2013 4681//2013
f 4680//2014 4681//2014 4682//2014
f 4682//2015 4681//2015 4683//2015
f 4682//2016 4683//2016 4684//2016
f 4684//2017 4683//2017 4685//2017
f 4684//2018 4685//2018 4686//2018
f 4686//2019 4685//2019 4687//2019
f 4686//2019 4687//2019 4688//2019
f 4688//2020 4687//2020 4689//2020
f 4688//2020 4689//2020 4690//2020
f 4690//2021 4689//2021 4691//2021
f 4690//2021 4691//2021 4692//2021
f 4692//2022 4691//2022 4693//2022
f 4692//2023 4693//2023 4694//2023
f 4694//2024 4693//2024 4695//2024
f 4694//2024 4695//2024 4696//2024
f 4696//2025 4695//2025 4697//2025
f 4696//2026 4697//2026 4698//2026
f 4698//2027 4697//2027 4699//2027
f 4698//2027 4699//2027 4700//2027
f 4700//2028 4699//2028 4701//2028
f 4700//2029 4701//2029 4702//2029
f 4702//2030 4701//2030 4703//2030
f 4702//2031 4703//2031 4704//2031
f 4704//2032 4703//2032 4705//2032
f 4704//2032 4705//2032 4706//2032
f 4706//2033 4705//2033 4707//2033
f 4706//2034 4707//2034 4708//2034
f 4708//2035 4707//2035 4616//2035
f 4708//2035 4616//2035 4709//2035
f 4709//2035 4616//2035 4710//2035
f 4709//2034 4710//2034 4711//2034
f 4711//2033 4710//2033 4712//2033
f 4711//2032 4712//2032 4713//2032
f 4713//2032 4712//2032 4714//2032
f 4713//2031 4714//2031 4715//2031
f 4715//2031 4714//2031 4716//2031
f 4715//2029 4716//2029 4717//2029
f 4717//2028 4716//2028 4718//2028
f 4717//2036 4718//2036 4719//2036
f 4719//2027 4718//2027 4720//2027
f 4719//2026 4720//2026 4721//2026
f 4721//2025 4720//2025 4722//2025
f 4721//2024 4722//2024 4723//2024
f 4723//2037 4722//2037 4724//2037
f 4723//2022 4724//2022 4725//2022
f 4725//2022 4724//2022 4726//2022
f 4725//2021 4726//2021 4727//2021
f 4727//2021 4726//2021 4728//2021
f 4727//2020 4728//2020 4729//2020
f 4729//2020 4728//2020 4730//2020
f 4729//2019 4730//2019 4731//2019
f 4731//2019 4730//2019 4732//2019
f 4731//2018 4732//2018 4733//2018
f 4733//2038 4732//2038 4734//2038
f 4733//2039 4734//2039 4735//2039
f 4735//2039 4734//2039 4736//2039
f 4735//2040 4736//2040 4737//2040
f 4632//1980 4738//1980 4633//1980
f 4633//1980 4738//1980 4739//1980
f 4633//1980 4739//1980 4635//1980
f 4635//1980 4739//1980 4637//1980
f 4738//1982 4740//1982 4739//1982
f 4739//1982 4740//1982 4741//1982
f 4739//1982 4741//1982 4637//1982
f 4637//1982 4741//1982 4639//1982
f 4740//1983 4742//1983 4741//1983
f 4741//2041 4742//2041 4743//2041
f 4741//1983 4743//1983 4639//1983
f 4639//2041 4743//2041 4641//2041
f 4742//1985 4744//1985 4743//1985
f 4743//2042 4744//2042 4745//2042
f 4743//1985 4745//1985 4641//1985
f 4641//2042 4745//2042 4643//2042
f 4744//2043 4746//2043 4745//2043
f 4745//2044 4746//2044 4747//2044
f 4745//2043 4747//2043 4643//2043
f 4643//2044 4747//2044 4645//2044
f 4746//2045 4748//2045 4747//2045
f 4747//1987 4748//1987 4749//1987
f 4747//2045 4749//2045 4645//2045
f 4645//1987 4749//1987 4647//1987
f 4748//1988 4750//1988 4749//1988
f 4749//2046 4750//2046 4751//2046
f 4749//1988 4751//1988 4647//1988
f 4647//2046 4751//2046 4649//2046
f 4750//1989 4752//1989 4751//1989
f 4751//1990 4752//1990 4753//1990
f 4751//1989 4753//1989 4649//1989
f 4649//1990 4753//1990 4651//1990
f 4752//1991 4754//1991 4753//1991
f 4753//1991 4754//1991 4755//1991
f 4753//1991 4755//1991 4651//1991
f 4651//1991 4755//1991 4653//1991
f 4754//1992 4756//1992 4755//1992
f 4755//1757 4756//1757 4757//1757
f 4755//1992 4757//1992 4653//1992
f 4653//1757 4757//1757 4655//1757
f 4756//2047 4758//2047 4757//2047
f 4757//523 4758//523 4759//523
f 4757//2047 4759//2047 4655//2047
f 4655//523 4759//523 4657//523
f 4758//1993 4760//1993 4759//1993
f 4759//1994 4760//1994 4761//1994
f 4759//1993 4761//1993 4657//1993
f 4657//1994 4761//1994 4659//1994
f 4760//1995 4762//1995 4761//1995
f 4761//1996 4762//1996 4763//1996
f 4761//1995 4763//1995 4659//1995
f 4659//1996 4763//1996 4661//1996
f 4762//1997 4764//1997 4763//1997
f 4763//2048 4764//2048 4765//2048
f 4763//1997 4765//1997 4661//1997
f 4661//2048 4765//2048 4663//2048
f 4764//2000 4766//2000 4765//2000
f 4765//2000 4766//2000 4767//2000
f 4765//2000 4767//2000 4663//2000
f 4663//2000 4767//2000 4665//2000
f 4766//2001 4768//2001 4767//2001
f 4767//2002 4768//2002 4769//2002
f 4767//2001 4769//2001 4665//2001
f 4665//2002 4769//2002 4667//2002
f 4768//2003 4770//2003 4769//2003
f 4769//2003 4770//2003 4771//2003
f 4769//2003 4771//2003 4667//2003
f 4667//2003 4771//2003 4669//2003
f 4770//2049 4772//2049 4771//2049
f 4771//2005 4772//2005 4773//2005
f 4771//2049 4773//2049 4669//2049
f 4669//2005 4773//2005 4671//2005
f 4772//2006 4774//2006 4773//2006
f 4773//2006 4774//2006 4775//2006
f 4773//2006 4775//2006 4671//2006
f 4671//2006 4775//2006 4673//2006
f 4774//2008 4776//2008 4775//2008
f 4775//2007 4776//2007 4777//2007
f 4775//2008 4777//2008 4673//2008
f 4673//2007 4777//2007 4675//2007
f 4776//2009 4778//2009 4777//2009
f 4777//2010 4778//2010 4779//2010
f 4777//2009 4779//2009 4675//2009
f 4675//2010 4779//2010 4677//2010
f 4778//2011 4780//2011 4779//2011
f 4779//2050 4780//2050 4781//2050
f 4779//2011 4781//2011 4677//2011
f 4677//2050 4781//2050 4679//2050
f 4780//2040 4782//2040 4781//2040
f 4781//2014 4782//2014 4783//2014
f 4781//2040 4783//2040 4679//2040
f 4679//2014 4783//2014 4681//2014
f 4782//2015 4784//2015 4783//2015
f 4783//2039 4784//2039 4785//2039
f 4783//2015 4785//2015 4681//2015
f 4681//2039 4785//2039 4683//2039
f 4784//2038 4786//2038 4785//2038
f 4785//2018 4786//2018 4787//2018
f 4785//2038 4787//2038 4683//2038
f 4683//2018 4787//2018 4685//2018
f 4786//2051 4788//2051 4787//2051
f 4787//2019 4788//2019 4789//2019
f 4787//2051 4789//2051 4685//2051
f 4685//2019 4789//2019 4687//2019
f 4788//2020 4790//2020 4789//2020
f 4789//2020 4790//2020 4791//2020
f 4789//2020 4791//2020 4687//2020
f 4687//2020 4791//2020 4689//2020
f 4790//2021 4792//2021 4791//2021
f 4791//2021 4792//2021 4793//2021
f 4791//2021 4793//2021 4689//2021
f 4689//2021 4793//2021 4691//2021
f 4792//2022 4794//2022 4793//2022
f 4793//2022 4794//2022 4795//2022
f 4793//2022 4795//2022 4691//2022
f 4691//2022 4795//2022 4693//2022
f 4794//2024 4796//2024 4795//2024
f 4795//2024 4796//2024 4797//2024
f 4795//2024 4797//2024 4693//2024
f 4693//2024 4797//2024 4695//2024
f 4796//2025 4798//2025 4797//2025
f 4797//2025 4798//2025 4799//2025
f 4797//2025 4799//2025 4695//2025
f 4695//2025 4799//2025 4697//2025
f 4798//2027 4800//2027 4799//2027
f 4799//2036 4800//2036 4801//2036
f 4799//2027 4801//2027 4697//2027
f 4697//2036 4801//2036 4699//2036
f 4800//2028 4802//2028 4801//2028
f 4801//2029 4802//2029 4803//2029
f 4801//2028 4803//2028 4699//2028
f 4699//2029 4803//2029 4701//2029
f 4802//2031 4804//2031 4803//2031
f 4803//2030 4804//2030 4805//2030
f 4803//2031 4805//2031 4701//2031
f 4701//2030 4805//2030 4703//2030
f 4804//2032 4806//2032 4805//2032
f 4805//2032 4806//2032 4807//2032
f 4805//2032 4807//2032 4703//2032
f 4703//2032 4807//2032 4705//2032
f 4806//2033 4808//2033 4807//2033
f 4807//2034 4808//2034 4809//2034
f 4807//2033 4809//2033 4705//2033
f 4705//2034 4809//2034 4707//2034
f 4808//2035 4616//2035 4809//2035
f 4809//2035 4616//2035 4707//2035
f 4618//2052 4810//2052 4616//2052
f 4616//2053 4810//2053 4811//2053
f 4616//2054 4811//2054 4812//2054
f 4812//2034 4811//2034 4813//2034
f 4812//2033 4813//2033 4814//2033
f 4814//2032 4813//2032 4815//2032
f 4814//2032 4815//2032 4714//2032
f 4714//2031 4815//2031 4716//2031
f 4816//2035 4817//2035 4618//2035
f 4618//2055 4817//2055 4818//2055
f 4618//2056 4818//2056 4819//2056
f 4819//2034 4818//2034 4820//2034
f 4819//2033 4820//2033 4821//2033
f 4821//2032 4820//2032 4822//2032
f 4821//2032 4822//2032 4823//2032
f 4823//2031 4822//2031 4824//2031
f 4823//2031 4824//2031 4825//2031
f 4825//2028 4824//2028 4826//2028
f 4825//2028 4826//2028 4827//2028
f 4827//2027 4826//2027 4828//2027
f 4827//2027 4828//2027 4829//2027
f 4829//2026 4828//2026 4830//2026
f 4829//2025 4830//2025 4831//2025
f 4831//2024 4830//2024 4832//2024
f 4831//2037 4832//2037 4833//2037
f 4833//2022 4832//2022 4834//2022
f 4833//2022 4834//2022 4835//2022
f 4835//2021 4834//2021 4836//2021
f 4835//2021 4836//2021 4837//2021
f 4837//2020 4836//2020 4838//2020
f 4837//2020 4838//2020 4730//2020
f 4730//2019 4838//2019 4732//2019
f 4816//2034 4839//2034 4817//2034
f 4817//2033 4839//2033 4840//2033
f 4817//2033 4840//2033 4818//2033
f 4818//2033 4840//2033 4820//2033
f 4839//2032 4841//2032 4840//2032
f 4840//2032 4841//2032 4842//2032
f 4840//2057 4842//2057 4820//2057
f 4820//2032 4842//2032 4822//2032
f 4841//2031 4843//2031 4842//2031
f 4842//2031 4843//2031 4844//2031
f 4842//2030 4844//2030 4822//2030
f 4822//2031 4844//2031 4824//2031
f 4843//2028 4845//2028 4844//2028
f 4844//2028 4845//2028 4846//2028
f 4844//2029 4846//2029 4824//2029
f 4824//2028 4846//2028 4826//2028
f 4845//2027 4847//2027 4846//2027
f 4846//2027 4847//2027 4848//2027
f 4846//2036 4848//2036 4826//2036
f 4826//2027 4848//2027 4828//2027
f 4847//2026 4849//2026 4848//2026
f 4848//2025 4849//2025 4850//2025
f 4848//2025 4850//2025 4828//2025
f 4828//2025 4850//2025 4830//2025
f 4849//2024 4851//2024 4850//2024
f 4850//2037 4851//2037 4852//2037
f 4850//2024 4852//2024 4830//2024
f 4830//2024 4852//2024 4832//2024
f 4851//2022 4853//2022 4852//2022
f 4852//2022 4853//2022 4854//2022
f 4852//2022 4854//2022 4832//2022
f 4832//2022 4854//2022 4834//2022
f 4853//2021 4855//2021 4854//2021
f 4854//2021 4855//2021 4856//2021
f 4854//2021 4856//2021 4834//2021
f 4834//2021 4856//2021 4836//2021
f 4855//2020 4857//2020 4856//2020
f 4856//2020 4857//2020 4858//2020
f 4856//2020 4858//2020 4836//2020
f 4836//2020 4858//2020 4838//2020
f 4857//2019 4859//2019 4858//2019
f 4858//2019 4859//2019 4860//2019
f 4858//2019 4860//2019 4838//2019
f 4838//2051 4860//2051 4732//2051
f 4859//2018 4861//2018 4860//2018
f 4860//2017 4861//2017 4734//2017
f 4860//2018 4734//2018 4732//2018
f 4861//2039 4736//2039 4734//2039
f 4735//2040 4737//2040 4862//2040
f 4862//2012 4737//2012 4863//2012
f 4862//2011 4863//2011 4864//2011
f 4864//2010 4863//2010 4865//2010
f 4864//2010 4865//2010 4866//2010
f 4866//2007 4865//2007 4867//2007
f 4866//2007 4867//2007 4868//2007
f 4868//1567 4867//1567 4869//1567
f 4868//2006 4869//2006 4870//2006
f 4870//2005 4869//2005 4871//2005
f 4870//2049 4871//2049 4872//2049
f 4872//2058 4871//2058 4873//2058
f 4872//2059 4873//2059 4874//2059
f 4874//2001 4873//2001 4875//2001
f 4874//2001 4875//2001 4876//2001
f 4876//2000 4875//2000 4877//2000
f 4876//1999 4877//1999 4878//1999
f 4878//1998 4877//1998 4879//1998
f 4878//1997 4879//1997 4880//1997
f 4880//1996 4879//1996 4881//1996
f 4880//1995 4881//1995 4882//1995
f 4882//1994 4881//1994 4883//1994
f 4882//1993 4883//1993 4884//1993
f 4884//523 4883//523 4885//523
f 4884//523 4885//523 4886//523
f 4886//1992 4885//1992 4887//1992
f 4886//1992 4887//1992 4888//1992
f 4888//1991 4887//1991 4889//1991
f 4888//1991 4889//1991 4890//1991
f 4890//1990 4889//1990 4891//1990
f 4890//1989 4891//1989 4892//1989
f 4892//1988 4891//1988 4893//1988
f 4892//1988 4893//1988 4894//1988
f 4894//1987 4893//1987 4895//1987
f 4894//1987 4895//1987 4896//1987
f 4896//1986 4895//1986 4897//1986
f 4896//2043 4897//2043 4898//2043
f 4898//2042 4897//2042 4899//2042
f 4898//1985 4899//1985 4900//1985
f 4900//1984 4899//1984 4901//1984
f 4900//1983 4901//1983 4902//1983
f 4902//1981 4901//1981 4903//1981
f 4902//1982 4903//1982 4904//1982
f 4904//1980 4903//1980 4905//1980
f 4904//1980 4905//1980 4906//1980
f 4906//1979 4905//1979 4907//1979
f 4906//1978 4907//1978 4908//1978
f 4908//2060 4907//2060 4909//2060
f 4908//1980 4909//1980 4910//1980
f 4910//1980 4909//1980 4911//1980
f 4910//1982 4911//1982 4912//1982
f 4912//1981 4911//1981 4913//1981
f 4912//1983 4913//1983 4914//1983
f 4914//2041 4913//2041 4915//2041
f 4914//1985 4915//1985 4916//1985
f 4916//2042 4915//2042 4917//2042
f 4916//2043 4917//2043 4918//2043
f 4918//2044 4917//2044 4919//2044
f 4918//2045 4919//2045 4920//2045
f 4920//1987 4919//1987 4921//1987
f 4920//1988 4921//1988 4922//1988
f 4922//1988 4921//1988 4923//1988
f 4922//1989 4923//1989 4924//1989
f 4924//1989 4923//1989 4925//1989
f 4924//2061 4925//2061 4926//2061
f 4926//1991 4925//1991 4927//1991
f 4926//2062 4927//2062 4928//2062
f 4928//1757 4927//1757 4929//1757
f 4928//523 4929//523 4930//523
f 4930//523 4929//523 4931//523
f 4930//1993 4931//1993 4932//1993
f 4932//1993 4931//1993 4660//1993
f 4932//1995 4660//1995 4662//1995
f 4634//2063 4933//2063 4907//2063
f 4907//2064 4933//2064 4934//2064
f 4907//2065 4934//2065 4935//2065
f 4935//1980 4934//1980 4936//1980
f 4935//1980 4936//1980 4937//1980
f 4937//1982 4936//1982 4938//1982
f 4937//1982 4938//1982 4939//1982
f 4939//1983 4938//1983 4940//1983
f 4939//2041 4940//2041 4941//2041
f 4941//1985 4940//1985 4942//1985
f 4941//2042 4942//2042 4917//2042
f 4917//2043 4942//2043 4919//2043
f 4634//1978 4943//1978 4944//1978
f 4944//2066 4943//2066 4945//2066
f 4944//1980 4945//1980 4946//1980
f 4946//1982 4945//1982 4947//1982
f 4946//1982 4947//1982 4948//1982
f 4948//1983 4947//1983 4949//1983
f 4948//1984 4949//1984 4950//1984
f 4950//2067 4949//2067 4951//2067
f 4950//2042 4951//2042 4952//2042
f 4952//1986 4951//1986 4953//1986
f 4952//1986 4953//1986 4954//1986
f 4954//1987 4953//1987 4955//1987
f 4954//2045 4955//2045 4956//2045
f 4956//2046 4955//2046 4957//2046
f 4956//1988 4957//1988 4958//1988
f 4958//1989 4957//1989 4959//1989
f 4958//1990 4959//1990 4960//1990
f 4960//1991 4959//1991 4961//1991
f 4960//1991 4961//1991 4962//1991
f 4962//1992 4961//1992 4963//1992
f 4962//1757 4963//1757 4929//1757
f 4929//2047 4963//2047 4931//2047
f 4634//2068 4944//2068 4964//2068
f 4964//1980 4944//1980 4946//1980
f 4964//1980 4946//1980 4965//1980
f 4965//1982 4946//1982 4948//1982
f 4965//1982 4948//1982 4966//1982
f 4966//1984 4948//1984 4950//1984
f 4966//1984 4950//1984 4967//1984
f 4967//1985 4950//1985 4952//1985
f 4967//2042 4952//2042 4968//2042
f 4968//2043 4952//2043 4954//2043
f 4968//1986 4954//1986 4969//1986
f 4969//1987 4954//1987 4956//1987
f 4969//1987 4956//1987 4970//1987
f 4970//1988 4956//1988 4958//1988
f 4970//1988 4958//1988 4971//1988
f 4971//1989 4958//1989 4960//1989
f 4971//1989 4960//1989 4972//1989
f 4972//2061 4960//2061 4962//2061
f 4972//1991 4962//1991 4927//1991
f 4927//2062 4962//2062 4929//2062
f 4634//2068 4973//2068 4933//2068
f 4933//1980 4973//1980 4974//1980
f 4933//1980 4974//1980 4975//1980
f 4975//1982 4974//1982 4976//1982
f 4975//1982 4976//1982 4977//1982
f 4977//1984 4976//1984 4978//1984
f 4977//1984 4978//1984 4979//1984
f 4979//1985 4978//1985 4980//1985
f 4979//2042 4980//2042 4981//2042
f 4981//2043 4980//2043 4982//2043
f 4981//1986 4982//1986 4983//1986
f 4983//1987 4982//1987 4984//1987
f 4983//1987 4984//1987 4921//1987
f 4921//1988 4984//1988 4923//1988
f 4907//2064 4935//2064 4985//2064
f 4985//1980 4935//1980 4937//1980
f 4985//1980 4937//1980 4986//1980
f 4986//1982 4937//1982 4939//1982
f 4986//1981 4939//1981 4987//1981
f 4987//1983 4939//1983 4941//1983
f 4987//1984 4941//1984 4915//1984
f 4915//1985 4941//1985 4917//1985
f 4907//2069 4985//2069 4988//2069
f 4988//1980 4985//1980 4986//1980
f 4988//1980 4986//1980 4989//1980
f 4989//1982 4986//1982 4987//1982
f 4989//1982 4987//1982 4913//1982
f 4913//1983 4987//1983 4915//1983
f 4710//2035 4616//2035 4990//2035
f 4990//2035 4616//2035 4812//2035
f 4990//2034 4812//2034 4814//2034
f 4618//2070 4991//2070 4810//2070
f 4810//2034 4991//2034 4992//2034
f 4810//2033 4992//2033 4993//2033
f 4993//2032 4992//2032 4994//2032
f 4993//2032 4994//2032 4995//2032
f 4995//2031 4994//2031 4996//2031
f 4995//2031 4996//2031 4997//2031
f 4997//2028 4996//2028 4998//2028
f 4997//2028 4998//2028 4718//2028
f 4718//2027 4998//2027 4720//2027
f 4999//2035 4618//2035 5000//2035
f 5000//2071 4618//2071 5001//2071
f 5000//2034 5001//2034 5002//2034
f 5002//2033 5001//2033 4821//2033
f 5002//2057 4821//2057 4823//2057
f 4943//1978 4634//1978 4636//1978
f 4904//1980 4906//1980 5003//1980
f 5003//1980 4906//1980 4908//1980
f 5003//1980 4908//1980 4910//1980
f 4902//1982 4904//1982 5004//1982
f 5004//1982 4904//1982 5003//1982
f 5004//1981 5003//1981 5005//1981
f 5005//1982 5003//1982 4910//1982
f 5005//1982 4910//1982 4912//1982
f 4900//2041 4902//2041 5006//2041
f 5006//1983 4902//1983 5004//1983
f 5006//1984 5004//1984 5007//1984
f 5007//1983 5004//1983 5005//1983
f 5007//2041 5005//2041 5008//2041
f 5008//1983 5005//1983 4912//1983
f 5008//1984 4912//1984 4914//1984
f 4898//2042 4900//2042 5009//2042
f 5009//1985 4900//1985 5006//1985
f 5009//2042 5006//2042 5010//2042
f 5010//1985 5006//1985 5007//1985
f 5010//2042 5007//2042 5011//2042
f 5011//1985 5007//1985 5008//1985
f 5011//2042 5008//2042 5012//2042
f 5012//1985 5008//1985 4914//1985
f 5012//2042 4914//2042 4916//2042
f 4896//2044 4898//2044 5013//2044
f 5013//2043 4898//2043 5009//2043
f 5013//1986 5009//1986 5014//1986
f 5014//2043 5009//2043 5010//2043
f 5014//2044 5010//2044 5015//2044
f 5015//2043 5010//2043 5011//2043
f 5015//1986 5011//1986 5016//1986
f 5016//2043 5011//2043 5012//2043
f 5016//2044 5012//2044 5017//2044
f 5017//2043 5012//2043 4916//2043
f 5017//1986 4916//1986 4918//1986
f 4894//1987 4896//1987 5018//1987
f 5018//2045 4896//2045 5013//2045
f 5018//1987 5013//1987 5019//1987
f 5019//1987 5013//1987 5014//1987
f 5019//1987 5014//1987 5020//1987
f 5020//2045 5014//2045 5015//2045
f 5020//1987 5015//1987 5021//1987
f 5021//1987 5015//1987 5016//1987
f 5021//1987 5016//1987 5022//1987
f 5022//2045 5016//2045 5017//2045
f 5022//1987 5017//1987 5023//1987
f 5023//1987 5017//1987 4918//1987
f 5023//1987 4918//1987 4920//1987
f 4892//2046 4894//2046 5024//2046
f 5024//1988 4894//1988 5018//1988
f 5024//1988 5018//1988 5025//1988
f 5025//1988 5018//1988 5019//1988
f 5025//2046 5019//2046 5026//2046
f 5026//1988 5019//1988 5020//1988
f 5026//1988 5020//1988 5027//1988
f 5027//1988 5020//1988 5021//1988
f 5027//2046 5021//2046 5028//2046
f 5028//1988 5021//1988 5022//1988
f 5028//1988 5022//1988 5029//1988
f 5029//1988 5022//1988 5023//1988
f 5029//2046 5023//2046 5030//2046
f 5030//1988 5023//1988 4920//1988
f 5030//1988 4920//1988 4922//1988
f 4890//1990 4892//1990 5031//1990
f 5031//1989 4892//1989 5024//1989
f 5031//1990 5024//1990 5032//1990
f 5032//1989 5024//1989 5025//1989
f 5032//1990 5025//1990 5033//1990
f 5033//1989 5025//1989 5026//1989
f 5033//1990 5026//1990 5034//1990
f 5034//1989 5026//1989 5027//1989
f 5034//1990 5027//1990 5035//1990
f 5035//1989 5027//1989 5028//1989
f 5035//1990 5028//1990 5036//1990
f 5036//1989 5028//1989 5029//1989
f 5036//1990 5029//1990 5037//1990
f 5037//1989 5029//1989 5030//1989
f 5037//1990 5030//1990 5038//1990
f 5038//1989 5030//1989 4922//1989
f 5038//1989 4922//1989 4924//1989
f 4888//2061 4890//2061 5039//2061
f 5039//1991 4890//1991 5031//1991
f 5039//1991 5031//1991 5040//1991
f 5040//1991 5031//1991 5032//1991
f 5040//2061 5032//2061 5041//2061
f 5041//1991 5032//1991 5033//1991
f 5041//1991 5033//1991 5042//1991
f 5042//1991 5033//1991 5034//1991
f 5042//2061 5034//2061 5043//2061
f 5043//1991 5034//1991 5035//1991
f 5043//1991 5035//1991 5044//1991
f 5044//1991 5035//1991 5036//1991
f 5044//2061 5036//2061 5045//2061
f 5045//1991 5036//1991 5037//1991
f 5045//1991 5037//1991 5046//1991
f 5046//1991 5037//1991 5038//1991
f 5046//1991 5038//1991 5047//1991
f 5047//2061 5038//2061 4924//2061
f 5047//1991 4924//1991 4926//1991
f 4886//1757 4888//1757 5048//1757
f 5048//2062 4888//2062 5039//2062
f 5048//1992 5039//1992 5049//1992
f 5049//1992 5039//1992 5040//1992
f 5049//1757 5040//1757 5050//1757
f 5050//2062 5040//2062 5041//2062
f 5050//1992 5041//1992 5051//1992
f 5051//1992 5041//1992 5042//1992
f 5051//1757 5042//1757 5052//1757
f 5052//2062 5042//2062 5043//2062
f 5052//1992 5043//1992 5053//1992
f 5053//1992 5043//1992 5044//1992
f 5053//1757 5044//1757 5054//1757
f 5054//2062 5044//2062 5045//2062
f 5054//1992 5045//1992 5055//1992
f 5055//1992 5045//1992 5046//1992
f 5055//1757 5046//1757 5056//1757
f 5056//2062 5046//2062 5047//2062
f 5056//1757 5047//1757 5057//1757
f 5057//2062 5047//2062 4926//2062
f 5057//1757 4926//1757 4928//1757
f 4884//523 4886//523 5058//523
f 5058//2047 4886//2047 5048//2047
f 5058//523 5048//523 5059//523
f 5059//523 5048//523 5049//523
f 5059//523 5049//523 5060//523
f 5060//2047 5049//2047 5050//2047
f 5060//523 5050//523 5061//523
f 5061//523 5050//523 5051//523
f 5061//523 5051//523 5062//523
f 5062//2047 5051//2047 5052//2047
f 5062//523 5052//523 5063//523
f 5063//523 5052//523 5053//523
f 5063//523 5053//523 5064//523
f 5064//2047 5053//2047 5054//2047
f 5064//523 5054//523 5065//523
f 5065//523 5054//523 5055//523
f 5065//2047 5055//2047 5066//2047
f 5066//523 5055//523 5056//523
f 5066//2047 5056//2047 5067//2047
f 5067//523 5056//523 5057//523
f 5067//2047 5057//2047 5068//2047
f 5068//523 5057//523 4928//523
f 5068//2047 4928//2047 4930//2047
f 4882//1994 4884//1994 5069//1994
f 5069//1993 4884//1993 5058//1993
f 5069//1994 5058//1994 5070//1994
f 5070//1993 5058//1993 5059//1993
f 5070//1994 5059//1994 5071//1994
f 5071//1993 5059//1993 5060//1993
f 5071//1994 5060//1994 5072//1994
f 5072//1993 5060//1993 5061//1993
f 5072//1994 5061//1994 5073//1994
f 5073//1993 5061//1993 5062//1993
f 5073//1994 5062//1994 5074//1994
f 5074//1993 5062//1993 5063//1993
f 5074//1994 5063//1994 5075//1994
f 5075//1993 5063//1993 5064//1993
f 5075//1994 5064//1994 5076//1994
f 5076//1993 5064//1993 5065//1993
f 5076//1993 5065//1993 5077//1993
f 5077//1993 5065//1993 5066//1993
f 5077//1993 5066//1993 5078//1993
f 5078//1993 5066//1993 5067//1993
f 5078//1993 5067//1993 5079//1993
f 5079//1993 5067//1993 5068//1993
f 5079//1993 5068//1993 5080//1993
f 5080//1993 5068//1993 4930//1993
f 5080//1994 4930//1994 4932//1994
f 4880//1996 4882//1996 5081//1996
f 5081//1995 4882//1995 5069//1995
f 5081//1996 5069//1996 5082//1996
f 5082//1995 5069//1995 5070//1995
f 5082//1996 5070//1996 5083//1996
f 5083//1995 5070//1995 5071//1995
f 5083//1996 5071//1996 5084//1996
f 5084//1995 5071//1995 5072//1995
f 5084//1996 5072//1996 5085//1996
f 5085//1995 5072//1995 5073//1995
f 5085//1996 5073//1996 5086//1996
f 5086//1995 5073//1995 5074//1995
f 5086//1996 5074//1996 5087//1996
f 5087//1995 5074//1995 5075//1995
f 5087//1996 5075//1996 5088//1996
f 5088//1995 5075//1995 5076//1995
f 5088//1996 5076//1996 5089//1996
f 5089//1995 5076//1995 5077//1995
f 5089//1996 5077//1996 5090//1996
f 5090//1995 5077//1995 5078//1995
f 5090//1996 5078//1996 5091//1996
f 5091//1995 5078//1995 5079//1995
f 5091//1996 5079//1996 5092//1996
f 5092//1995 5079//1995 5080//1995
f 5092//1996 5080//1996 5093//1996
f 5093//1995 5080//1995 4932//1995
f 5093//1996 4932//1996 4662//1996
f 4878//1998 4880//1998 5094//1998
f 5094//1998 4880//1998 5081//1998
f 5094//1998 5081//1998 5095//1998
f 5095//1997 5081//1997 5082//1997
f 5095//1998 5082//1998 5096//1998
f 5096//1998 5082//1998 5083//1998
f 5096//1998 5083//1998 5097//1998
f 5097//1997 5083//1997 5084//1997
f 5097//1998 5084//1998 5098//1998
f 5098//1998 5084//1998 5085//1998
f 5098//1998 5085//1998 5099//1998
f 5099//1997 5085//1997 5086//1997
f 5099//1998 5086//1998 5100//1998
f 5100//1998 5086//1998 5087//1998
f 5100//1998 5087//1998 5101//1998
f 5101//1997 5087//1997 5088//1997
f 5101//1998 5088//1998 5102//1998
f 5102//1997 5088//1997 5089//1997
f 5102//1998 5089//1998 5103//1998
f 5103//1997 5089//1997 5090//1997
f 5103//1998 5090//1998 5104//1998
f 5104//1997 5090//1997 5091//1997
f 5104//1998 5091//1998 5105//1998
f 5105//1997 5091//1997 5092//1997
f 5105//1998 5092//1998 5106//1998
f 5106//1997 5092//1997 5093//1997
f 5106//1998 5093//1998 4664//1998
f 4664//1997 5093//1997 4662//1997
f 4876//2000 4878//2000 5107//2000
f 5107//2000 4878//2000 5094//2000
f 5107//2000 5094//2000 5108//2000
f 5108//1999 5094//1999 5095//1999
f 5108//2000 5095//2000 5109//2000
f 5109//2000 5095//2000 5096//2000
f 5109//2000 5096//2000 5110//2000
f 5110//1999 5096//1999 5097//1999
f 5110//2000 5097//2000 5111//2000
f 5111//2000 5097//2000 5098//2000
f 5111//2000 5098//2000 5112//2000
f 5112//1999 5098//1999 5099//1999
f 5112//2000 5099//2000 5113//2000
f 5113//2000 5099//2000 5100//2000
f 5113//2000 5100//2000 5114//2000
f 5114//1999 5100//1999 5101//1999
f 5114//2072 5101//2072 5115//2072
f 5115//1999 5101//1999 5102//1999
f 5115//2072 5102//2072 5116//2072
f 5116//1999 5102//1999 5103//1999
f 5116//2072 5103//2072 5117//2072
f 5117//1999 5103//1999 5104//1999
f 5117//2072 5104//2072 5118//2072
f 5118//1999 5104//1999 5105//1999
f 5118//2000 5105//2000 5119//2000
f 5119//1999 5105//1999 5106//1999
f 5119//2072 5106//2072 4666//2072
f 4666//1999 5106//1999 4664//1999
f 4874//2001 4876//2001 5120//2001
f 5120//2002 4876//2002 5107//2002
f 5120//2001 5107//2001 5121//2001
f 5121//2001 5107//2001 5108//2001
f 5121//2001 5108//2001 5122//2001
f 5122//2002 5108//2002 5109//2002
f 5122//2001 5109//2001 5123//2001
f 5123//2001 5109//2001 5110//2001
f 5123//2001 5110//2001 5124//2001
f 5124//2002 5110//2002 5111//2002
f 5124//2001 5111//2001 5125//2001
f 5125//2001 5111//2001 5112//2001
f 5125//2001 5112//2001 5126//2001
f 5126//2002 5112//2002 5113//2002
f 5126//2001 5113//2001 5127//2001
f 5127//2001 5113//2001 5114//2001
f 5127//2001 5114//2001 5128//2001
f 5128//2002 5114//2002 5115//2002
f 5128//2001 5115//2001 5129//2001
f 5129//2002 5115//2002 5116//2002
f 5129//2001 5116//2001 5130//2001
f 5130//2002 5116//2002 5117//2002
f 5130//2001 5117//2001 5131//2001
f 5131//2002 5117//2002 5118//2002
f 5131//2002 5118//2002 5132//2002
f 5132//2001 5118//2001 5119//2001
f 5132//2001 5119//2001 4668//2001
f 4668//2002 5119//2002 4666//2002
f 4872//2003 4874//2003 5133//2003
f 5133//2003 4874//2003 5120//2003
f 5133//2058 5120//2058 5134//2058
f 5134//2059 5120//2059 5121//2059
f 5134//2003 5121//2003 5135//2003
f 5135//2003 5121//2003 5122//2003
f 5135//2058 5122//2058 5136//2058
f 5136//2059 5122//2059 5123//2059
f 5136//2003 5123//2003 5137//2003
f 5137//2003 5123//2003 5124//2003
f 5137//2058 5124//2058 5138//2058
f 5138//2059 5124//2059 5125//2059
f 5138//2003 5125//2003 5139//2003
f 5139//2003 5125//2003 5126//2003
f 5139//2058 5126//2058 5140//2058
f 5140//2059 5126//2059 5127//2059
f 5140//2058 5127//2058 5141//2058
f 5141//2059 5127//2059 5128//2059
f 5141//2058 5128//2058 5142//2058
f 5142//2059 5128//2059 5129//2059
f 5142//2058 5129//2058 5143//2058
f 5143//2059 5129//2059 5130//2059
f 5143//2058 5130//2058 5144//2058
f 5144//2059 5130//2059 5131//2059
f 5144//2003 5131//2003 5145//2003
f 5145//2003 5131//2003 5132//2003
f 5145//2058 5132//2058 4670//2058
f 4670//2059 5132//2059 4668//2059
f 4870//2005 4872//2005 5146//2005
f 5146//2049 4872//2049 5133//2049
f 5146//2005 5133//2005 5147//2005
f 5147//2049 5133//2049 5134//2049
f 5147//2005 5134//2005 5148//2005
f 5148//2049 5134//2049 5135//2049
f 5148//2005 5135//2005 5149//2005
f 5149//2049 5135//2049 5136//2049
f 5149//2005 5136//2005 5150//2005
f 5150//2049 5136//2049 5137//2049
f 5150//2005 5137//2005 5151//2005
f 5151//2049 5137//2049 5138//2049
f 5151//2005 5138//2005 5152//2005
f 5152//2049 5138//2049 5139//2049
f 5152//2005 5139//2005 5153//2005
f 5153//2049 5139//2049 5140//2049
f 5153//2005 5140//2005 5154//2005
f 5154//2049 5140//2049 5141//2049
f 5154//2005 5141//2005 5155//2005
f 5155//2049 5141//2049 5142//2049
f 5155//2005 5142//2005 5156//2005
f 5156//2049 5142//2049 5143//2049
f 5156//2005 5143//2005 5157//2005
f 5157//2049 5143//2049 5144//2049
f 5157//2049 5144//2049 5158//2049
f 5158//2049 5144//2049 5145//2049
f 5158//2005 5145//2005 4672//2005
f 4672//2049 5145//2049 4670//2049
f 4868//2006 4870//2006 5159//2006
f 5159//2006 4870//2006 5146//2006
f 5159//1567 5146//1567 5160//1567
f 5160//2006 5146//2006 5147//2006
f 5160//2006 5147//2006 5161//2006
f 5161//2006 5147//2006 5148//2006
f 5161//1567 5148//1567 5162//1567
f 5162//2006 5148//2006 5149//2006
f 5162//2006 5149//2006 5163//2006
f 5163//2006 5149//2006 5150//2006
f 5163//1567 5150//1567 5164//1567
f 5164//2006 5150//2006 5151//2006
f 5164//2006 5151//2006 5165//2006
f 5165//2006 5151//2006 5152//2006
f 5165//1567 5152//1567 5166//1567
f 5166//2006 5152//2006 5153//2006
f 5166//1567 5153//1567 5167//1567
f 5167//2006 5153//2006 5154//2006
f 5167//1567 5154//1567 5168//1567
f 5168//2006 5154//2006 5155//2006
f 5168//1567 5155//1567 5169//1567
f 5169//2006 5155//2006 5156//2006
f 5169//1567 5156//1567 5170//1567
f 5170//2006 5156//2006 5157//2006
f 5170//2006 5157//2006 5171//2006
f 5171//1567 5157//1567 5158//1567
f 5171//1567 5158//1567 4674//1567
f 4674//2006 5158//2006 4672//2006
f 4866//2007 4868//2007 5172//2007
f 5172//2008 4868//2008 5159//2008
f 5172//2007 5159//2007 5173//2007
f 5173//2007 5159//2007 5160//2007
f 5173//2007 5160//2007 5174//2007
f 5174//2008 5160//2008 5161//2008
f 5174//2007 5161//2007 5175//2007
f 5175//2007 5161//2007 5162//2007
f 5175//2007 5162//2007 5176//2007
f 5176//2008 5162//2008 5163//2008
f 5176//2007 5163//2007 5177//2007
f 5177//2007 5163//2007 5164//2007
f 5177//2007 5164//2007 5178//2007
f 5178//2008 5164//2008 5165//2008
f 5178//2007 5165//2007 5179//2007
f 5179//2007 5165//2007 5166//2007
f 5179//2007 5166//2007 5180//2007
f 5180//2007 5166//2007 5167//2007
f 5180//2007 5167//2007 5181//2007
f 5181//2007 5167//2007 5168//2007
f 5181//2007 5168//2007 5182//2007
f 5182//2007 5168//2007 5169//2007
f 5182//2007 5169//2007 5183//2007
f 5183//2007 5169//2007 5170//2007
f 5183//2008 5170//2008 5184//2008
f 5184//2007 5170//2007 5171//2007
f 5184//2007 5171//2007 4676//2007
f 4676//2007 5171//2007 4674//2007
f 4864//2010 4866//2010 5185//2010
f 5185//2009 4866//2009 5172//2009
f 5185//2010 5172//2010 5186//2010
f 5186//2010 5172//2010 5173//2010
f 5186//2010 5173//2010 5187//2010
f 5187//2009 5173//2009 5174//2009
f 5187//2010 5174//2010 5188//2010
f 5188//2010 5174//2010 5175//2010
f 5188//2010 5175//2010 5189//2010
f 5189//2009 5175//2009 5176//2009
f 5189//2010 5176//2010 5190//2010
f 5190//2010 5176//2010 5177//2010
f 5190//2010 5177//2010 5191//2010
f 5191//2009 5177//2009 5178//2009
f 5191//2010 5178//2010 5192//2010
f 5192//2010 5178//2010 5179//2010
f 5192//2010 5179//2010 5193//2010
f 5193//2009 5179//2009 5180//2009
f 5193//2010 5180//2010 5194//2010
f 5194//2009 5180//2009 5181//2009
f 5194//2010 5181//2010 5195//2010
f 5195//2009 5181//2009 5182//2009
f 5195//2010 5182//2010 5196//2010
f 5196//2009 5182//2009 5183//2009
f 5196//2010 5183//2010 5197//2010
f 5197//2009 5183//2009 5184//2009
f 5197//2010 5184//2010 4678//2010
f 4678//2009 5184//2009 4676//2009
f 4862//2050 4864//2050 5198//2050
f 5198//2011 4864//2011 5185//2011
f 5198//2012 5185//2012 5199//2012
f 5199//2011 5185//2011 5186//2011
f 5199//2050 5186//2050 5200//2050
f 5200//2011 5186//2011 5187//2011
f 5200//2012 5187//2012 5201//2012
f 5201//2011 5187//2011 5188//2011
f 5201//2050 5188//2050 5202//2050
f 5202//2011 5188//2011 5189//2011
f 5202//2012 5189//2012 5203//2012
f 5203//2011 5189//2011 5190//2011
f 5203//2050 5190//2050 5204//2050
f 5204//2011 5190//2011 5191//2011
f 5204//2012 5191//2012 5205//2012
f 5205//2011 5191//2011 5192//2011
f 5205//2012 5192//2012 5206//2012
f 5206//2012 5192//2012 5193//2012
f 5206//2012 5193//2012 5207//2012
f 5207//2012 5193//2012 5194//2012
f 5207//2012 5194//2012 5208//2012
f 5208//2012 5194//2012 5195//2012
f 5208//2012 5195//2012 5209//2012
f 5209//2012 5195//2012 5196//2012
f 5209//2012 5196//2012 5210//2012
f 5210//2011 5196//2011 5197//2011
f 5210//2012 5197//2012 4680//2012
f 4680//2012 5197//2012 4678//2012
f 4735//2014 4862//2014 5211//2014
f 5211//2040 4862//2040 5198//2040
f 5211//2040 5198//2040 5212//2040
f 5212//2040 5198//2040 5199//2040
f 5212//2014 5199//2014 5213//2014
f 5213//2040 5199//2040 5200//2040
f 5213//2040 5200//2040 5214//2040
f 5214//2040 5200//2040 5201//2040
f 5214//2014 5201//2014 5215//2014
f 5215//2040 5201//2040 5202//2040
f 5215//2040 5202//2040 5216//2040
f 5216//2040 5202//2040 5203//2040
f 5216//2014 5203//2014 5217//2014
f 5217//2040 5203//2040 5204//2040
f 5217//2040 5204//2040 5218//2040
f 5218//2040 5204//2040 5205//2040
f 5218//2040 5205//2040 5219//2040
f 5219//2040 5205//2040 5206//2040
f 5219//2040 5206//2040 5220//2040
f 5220//2040 5206//2040 5207//2040
f 5220//2040 5207//2040 5221//2040
f 5221//2040 5207//2040 5208//2040
f 5221//2040 5208//2040 5222//2040
f 5222//2040 5208//2040 5209//2040
f 5222//2014 5209//2014 5223//2014
f 5223//2013 5209//2013 5210//2013
f 5223//2040 5210//2040 4682//2040
f 4682//2040 5210//2040 4680//2040
f 5001//2053 4618//2053 4819//2053
f 4706//2033 4708//2033 5224//2033
f 5224//2034 4708//2034 4709//2034
f 5224//2033 4709//2033 4711//2033
f 4704//2032 4706//2032 5225//2032
f 5225//2032 4706//2032 5224//2032
f 5225//2032 5224//2032 5226//2032
f 5226//2032 5224//2032 4711//2032
f 5226//2032 4711//2032 4713//2032
f 4702//2031 4704//2031 5227//2031
f 5227//2031 4704//2031 5225//2031
f 5227//2030 5225//2030 5228//2030
f 5228//2031 5225//2031 5226//2031
f 5228//2031 5226//2031 5229//2031
f 5229//2031 5226//2031 4713//2031
f 5229//2031 4713//2031 4715//2031
f 4700//2028 4702//2028 5230//2028
f 5230//2029 4702//2029 5227//2029
f 5230//2028 5227//2028 5231//2028
f 5231//2029 5227//2029 5228//2029
f 5231//2028 5228//2028 5232//2028
f 5232//2029 5228//2029 5229//2029
f 5232//2028 5229//2028 5233//2028
f 5233//2029 5229//2029 4715//2029
f 5233//2028 4715//2028 4717//2028
f 4698//2027 4700//2027 5234//2027
f 5234//2036 4700//2036 5230//2036
f 5234//2027 5230//2027 5235//2027
f 5235//2036 5230//2036 5231//2036
f 5235//2027 5231//2027 5236//2027
f 5236//2036 5231//2036 5232//2036
f 5236//2027 5232//2027 5237//2027
f 5237//2036 5232//2036 5233//2036
f 5237//2027 5233//2027 5238//2027
f 5238//2036 5233//2036 4717//2036
f 5238//2027 4717//2027 4719//2027
f 4696//2073 4698//2073 5239//2073
f 5239//2026 4698//2026 5234//2026
f 5239//2025 5234//2025 5240//2025
f 5240//2025 5234//2025 5235//2025
f 5240//2073 5235//2073 5241//2073
f 5241//2026 5235//2026 5236//2026
f 5241//2073 5236//2073 5242//2073
f 5242//2026 5236//2026 5237//2026
f 5242//2073 5237//2073 5243//2073
f 5243//2026 5237//2026 5238//2026
f 5243//2073 5238//2073 5244//2073
f 5244//2026 5238//2026 4719//2026
f 5244//2025 4719//2025 4721//2025
f 4694//2024 4696//2024 5245//2024
f 5245//2024 4696//2024 5239//2024
f 5245//2024 5239//2024 5246//2024
f 5246//2024 5239//2024 5240//2024
f 5246//2024 5240//2024 5247//2024
f 5247//2024 5240//2024 5241//2024
f 5247//2024 5241//2024 5248//2024
f 5248//2024 5241//2024 5242//2024
f 5248//2024 5242//2024 5249//2024
f 5249//2024 5242//2024 5243//2024
f 5249//2024 5243//2024 5250//2024
f 5250//2024 5243//2024 5244//2024
f 5250//2037 5244//2037 5251//2037
f 5251//2024 5244//2024 4721//2024
f 5251//2024 4721//2024 4723//2024
f 4692//2022 4694//2022 5252//2022
f 5252//2022 4694//2022 5245//2022
f 5252//2022 5245//2022 5253//2022
f 5253//2022 5245//2022 5246//2022
f 5253//2022 5246//2022 5254//2022
f 5254//2022 5246//2022 5247//2022
f 5254//2022 5247//2022 5255//2022
f 5255//2022 5247//2022 5248//2022
f 5255//2022 5248//2022 5256//2022
f 5256//2022 5248//2022 5249//2022
f 5256//2022 5249//2022 5257//2022
f 5257//2022 5249//2022 5250//2022
f 5257//2022 5250//2022 5258//2022
f 5258//2022 5250//2022 5251//2022
f 5258//2022 5251//2022 5259//2022
f 5259//2022 5251//2022 4723//2022
f 5259//2022 4723//2022 4725//2022
f 4690//2021 4692//2021 5260//2021
f 5260//2021 4692//2021 5252//2021
f 5260//2021 5252//2021 5261//2021
f 5261//2021 5252//2021 5253//2021
f 5261//2021 5253//2021 5262//2021
f 5262//2021 5253//2021 5254//2021
f 5262//2021 5254//2021 5263//2021
f 5263//2021 5254//2021 5255//2021
f 5263//2021 5255//2021 5264//2021
f 5264//2021 5255//2021 5256//2021
f 5264//2021 5256//2021 5265//2021
f 5265//2021 5256//2021 5257//2021
f 5265//2021 5257//2021 5266//2021
f 5266//2021 5257//2021 5258//2021
f 5266//2021 5258//2021 5267//2021
f 5267//2021 5258//2021 5259//2021
f 5267//2021 5259//2021 5268//2021
f 5268//2021 5259//2021 4725//2021
f 5268//2021 4725//2021 4727//2021
f 4688//2020 4690//2020 5269//2020
f 5269//2020 4690//2020 5260//2020
f 5269//2020 5260//2020 5270//2020
f 5270//2020 5260//2020 5261//2020
f 5270//2020 5261//2020 5271//2020
f 5271//2020 5261//2020 5262//2020
f 5271//2020 5262//2020 5272//2020
f 5272//2020 5262//2020 5263//2020
f 5272//2020 5263//2020 5273//2020
f 5273//2020 5263//2020 5264//2020
f 5273//2020 5264//2020 5274//2020
f 5274//2020 5264//2020 5265//2020
f 5274//2020 5265//2020 5275//2020
f 5275//2020 5265//2020 5266//2020
f 5275//2020 5266//2020 5276//2020
f 5276//2020 5266//2020 5267//2020
f 5276//2020 5267//2020 5277//2020
f 5277//2020 5267//2020 5268//2020
f 5277//2020 5268//2020 5278//2020
f 5278//2020 5268//2020 4727//2020
f 5278//2020 4727//2020 4729//2020
f 4686//2051 4688//2051 5279//2051
f 5279//2019 4688//2019 5269//2019
f 5279//2051 5269//2051 5280//2051
f 5280//2019 5269//2019 5270//2019
f 5280//2051 5270//2051 5281//2051
f 5281//2019 5270//2019 5271//2019
f 5281//2051 5271//2051 5282//2051
f 5282//2019 5271//2019 5272//2019
f 5282//2051 5272//2051 5283//2051
f 5283//2019 5272//2019 5273//2019
f 5283//2051 5273//2051 5284//2051
f 5284//2019 5273//2019 5274//2019
f 5284//2019 5274//2019 5285//2019
f 5285//2019 5274//2019 5275//2019
f 5285//2051 5275//2051 5286//2051
f 5286//2019 5275//2019 5276//2019
f 5286//2019 5276//2019 5287//2019
f 5287//2019 5276//2019 5277//2019
f 5287//2051 5277//2051 5288//2051
f 5288//2019 5277//2019 5278//2019
f 5288//2019 5278//2019 5289//2019
f 5289//2019 5278//2019 4729//2019
f 5289//2051 4729//2051 4731//2051
f 5223//2039 4682//2039 4684//2039
f 4684//2017 4686//2017 5290//2017
f 5290//2017 4686//2017 5279//2017
f 5290//2017 5279//2017 5291//2017
f 5291//2018 5279//2018 5280//2018
f 5291//2017 5280//2017 5292//2017
f 5292//2017 5280//2017 5281//2017
f 5292//2017 5281//2017 5293//2017
f 5293//2017 5281//2017 5282//2017
f 5293//2017 5282//2017 5294//2017
f 5294//2017 5282//2017 5283//2017
f 5294//2017 5283//2017 5295//2017
f 5295//2017 5283//2017 5284//2017
f 5295//2017 5284//2017 5296//2017
f 5296//2018 5284//2018 5285//2018
f 5296//2038 5285//2038 5297//2038
f 5297//2018 5285//2018 5286//2018
f 5297//2017 5286//2017 5298//2017
f 5298//2018 5286//2018 5287//2018
f 5298//2038 5287//2038 5299//2038
f 5299//2018 5287//2018 5288//2018
f 5299//2017 5288//2017 5300//2017
f 5300//2018 5288//2018 5289//2018
f 5300//2038 5289//2038 5301//2038
f 5301//2018 5289//2018 4731//2018
f 5301//2017 4731//2017 4733//2017
f 4660//1993 4931//1993 4658//1993
f 4658//2047 4931//2047 4963//2047
f 4658//523 4963//523 4656//523
f 4656//1757 4963//1757 4961//1757
f 4656//2062 4961//2062 4654//2062
f 4654//1991 4961//1991 4959//1991
f 4654//2061 4959//2061 4652//2061
f 4652//1989 4959//1989 4957//1989
f 4652//1989 4957//1989 4650//1989
f 4650//1988 4957//1988 4955//1988
f 4650//1988 4955//1988 4648//1988
f 4648//1987 4955//1987 4953//1987
f 4648//1987 4953//1987 4646//1987
f 4646//1986 4953//1986 4951//1986
f 4646//2043 4951//2043 4644//2043
f 4644//2042 4951//2042 4949//2042
f 4644//1985 4949//1985 4642//1985
f 4642//1984 4949//1984 4947//1984
f 4642//1984 4947//1984 4640//1984
f 4640//1982 4947//1982 4945//1982
f 4640//1982 4945//1982 4638//1982
f 4638//1980 4945//1980 4943//1980
f 4638//1980 4943//1980 4636//1980
f 4634//2060 4964//2060 5302//2060
f 5302//1980 4964//1980 4965//1980
f 5302//1980 4965//1980 5303//1980
f 5303//1982 4965//1982 4966//1982
f 5303//1982 4966//1982 5304//1982
f 5304//1984 4966//1984 4967//1984
f 5304//1984 4967//1984 5305//1984
f 5305//1985 4967//1985 4968//1985
f 5305//2042 4968//2042 5306//2042
f 5306//2043 4968//2043 4969//2043
f 5306//1986 4969//1986 5307//1986
f 5307//1987 4969//1987 4970//1987
f 5307//1987 4970//1987 5308//1987
f 5308//1988 4970//1988 4971//1988
f 5308//1988 4971//1988 5309//1988
f 5309//1989 4971//1989 4972//1989
f 5309//1989 4972//1989 4925//1989
f 4925//2061 4972//2061 4927//2061
f 5222//2015 5223//2015 5290//2015
f 5290//2039 5223//2039 4684//2039
f 5222//2016 5290//2016 5291//2016
f 4634//2068 5302//2068 4973//2068
f 4973//1980 5302//1980 5303//1980
f 4973//1980 5303//1980 4974//1980
f 4974//1982 5303//1982 5304//1982
f 4974//1982 5304//1982 4976//1982
f 4976//1984 5304//1984 5305//1984
f 4976//1984 5305//1984 4978//1984
f 4978//1985 5305//1985 5306//1985
f 4978//2042 5306//2042 4980//2042
f 4980//2043 5306//2043 5307//2043
f 4980//1986 5307//1986 4982//1986
f 4982//1987 5307//1987 5308//1987
f 4982//1987 5308//1987 4984//1987
f 4984//1988 5308//1988 5309//1988
f 4984//1988 5309//1988 4923//1988
f 4923//1989 5309//1989 4925//1989
f 5221//2039 5222//2039 5291//2039
f 5221//2039 5291//2039 5292//2039
f 4710//2034 4990//2034 4712//2034
f 4712//2033 4990//2033 4814//2033
f 4712//2032 4814//2032 4714//2032
f 5220//2039 5221//2039 5292//2039
f 5220//2039 5292//2039 5293//2039
f 5219//2039 5220//2039 5293//2039
f 5219//2039 5293//2039 5294//2039
f 4907//2064 4988//2064 5310//2064
f 5310//1980 4988//1980 4989//1980
f 5310//1980 4989//1980 4911//1980
f 4911//1982 4989//1982 4913//1982
f 4810//2034 4993//2034 4811//2034
f 4811//2033 4993//2033 4813//2033
f 4993//2032 4995//2032 4813//2032
f 4813//2032 4995//2032 4815//2032
f 4995//2031 4997//2031 4815//2031
f 4815//2031 4997//2031 4716//2031
f 4997//2029 4718//2029 4716//2029
f 5218//2039 5219//2039 5294//2039
f 5218//2039 5294//2039 5295//2039
f 4911//1980 4909//1980 5310//1980
f 5310//2068 4909//2068 4907//2068
f 5217//2039 5218//2039 5295//2039
f 5217//2039 5295//2039 5296//2039
f 4921//1987 4919//1987 4983//1987
f 4983//1986 4919//1986 4942//1986
f 4983//2043 4942//2043 4981//2043
f 4981//2042 4942//2042 4940//2042
f 4981//1985 4940//1985 4979//1985
f 4979//1984 4940//1984 4938//1984
f 4979//1983 4938//1983 4977//1983
f 4977//1981 4938//1981 4936//1981
f 4977//1982 4936//1982 4975//1982
f 4975//1980 4936//1980 4934//1980
f 4975//1980 4934//1980 4933//1980
f 4992//2033 4991//2033 5311//2033
f 5311//2033 4991//2033 5312//2033
f 5311//2033 5312//2033 5313//2033
f 5313//2034 5312//2034 4999//2034
f 5313//2033 4999//2033 5314//2033
f 5314//2033 4999//2033 5000//2033
f 5314//2033 5000//2033 5002//2033
f 4994//2032 4992//2032 5315//2032
f 5315//2057 4992//2057 5311//2057
f 5315//2032 5311//2032 5316//2032
f 5316//2032 5311//2032 5313//2032
f 5316//2032 5313//2032 5317//2032
f 5317//2057 5313//2057 5314//2057
f 5317//2032 5314//2032 5318//2032
f 5318//2032 5314//2032 5002//2032
f 5318//2032 5002//2032 4823//2032
f 4996//2031 4994//2031 5319//2031
f 5319//2030 4994//2030 5315//2030
f 5319//2031 5315//2031 5320//2031
f 5320//2031 5315//2031 5316//2031
f 5320//2031 5316//2031 5321//2031
f 5321//2030 5316//2030 5317//2030
f 5321//2031 5317//2031 5322//2031
f 5322//2031 5317//2031 5318//2031
f 5322//2031 5318//2031 4825//2031
f 4825//2030 5318//2030 4823//2030
f 4998//2028 4996//2028 5323//2028
f 5323//2029 4996//2029 5319//2029
f 5323//2028 5319//2028 5324//2028
f 5324//2028 5319//2028 5320//2028
f 5324//2028 5320//2028 5325//2028
f 5325//2029 5320//2029 5321//2029
f 5325//2028 5321//2028 5326//2028
f 5326//2028 5321//2028 5322//2028
f 5326//2028 5322//2028 4827//2028
f 4827//2029 5322//2029 4825//2029
f 4720//2027 4998//2027 5327//2027
f 5327//2036 4998//2036 5323//2036
f 5327//2027 5323//2027 5328//2027
f 5328//2027 5323//2027 5324//2027
f 5328//2027 5324//2027 5329//2027
f 5329//2036 5324//2036 5325//2036
f 5329//2027 5325//2027 5330//2027
f 5330//2027 5325//2027 5326//2027
f 5330//2027 5326//2027 4829//2027
f 4829//2036 5326//2036 4827//2036
f 5216//2015 5217//2015 5296//2015
f 5216//2039 5296//2039 5297//2039
f 5312//2035 4991//2035 4618//2035
f 4720//2025 5327//2025 4722//2025
f 4722//2025 5327//2025 5331//2025
f 4722//2024 5331//2024 4724//2024
f 4724//2024 5331//2024 5332//2024
f 4724//2022 5332//2022 4726//2022
f 4726//2022 5332//2022 5333//2022
f 4726//2021 5333//2021 4728//2021
f 4728//2021 5333//2021 4837//2021
f 4728//2020 4837//2020 4730//2020
f 5331//2026 5327//2026 5328//2026
f 5215//2039 5216//2039 5297//2039
f 5215//2039 5297//2039 5298//2039
f 4999//1864 5312//1864 4618//1864
f 5331//2025 5328//2025 5334//2025
f 5334//2025 5328//2025 5329//2025
f 5334//2025 5329//2025 5335//2025
f 5335//2026 5329//2026 5330//2026
f 5335//2025 5330//2025 4831//2025
f 4831//2025 5330//2025 4829//2025
f 5214//2015 5215//2015 5298//2015
f 5214//2039 5298//2039 5299//2039
f 5331//2024 5334//2024 5332//2024
f 5332//2037 5334//2037 5336//2037
f 5332//2022 5336//2022 5333//2022
f 5333//2022 5336//2022 4835//2022
f 5333//2021 4835//2021 4837//2021
f 5336//2024 5334//2024 5335//2024
f 5213//2039 5214//2039 5299//2039
f 5213//2039 5299//2039 5300//2039
f 4819//2033 4821//2033 5001//2033
f 4831//2024 4833//2024 5335//2024
f 5335//2024 4833//2024 5336//2024
f 4833//2022 4835//2022 5336//2022
f 5212//2015 5213//2015 5300//2015
f 5212//2039 5300//2039 5301//2039
f 5211//2039 5212//2039 5301//2039
f 5211//2039 5301//2039 4733//2039
f 4735//2015 5211//2015 4733//2015
f 5337//2074 5338//2074 5339//2074
f 5339//2074 5338//2074 5340//2074
f 5339//2075 5340//2075 5341//2075
f 5341//2074 5340//2074 5342//2074
f 5342//2076 5340//2076 5343//2076
f 5342//2076 5343//2076 5344//2076
f 5344//2077 5343//2077 5345//2077
f 5344//2078 5345//2078 5346//2078
f 5346//2079 5345//2079 5347//2079
f 5346//2079 5347//2079 5348//2079
f 5348//2080 5347//2080 5349//2080
f 5348//2081 5349//2081 5350//2081
f 5350//2082 5349//2082 5351//2082
f 5350//2083 5351//2083 5352//2083
f 5352//2084 5351//2084 5353//2084
f 5352//2085 5353//2085 5354//2085
f 5354//2086 5353//2086 5355//2086
f 5354//2087 5355//2087 5356//2087
f 5356//2088 5355//2088 5357//2088
f 5356//2089 5357//2089 5358//2089
f 5358//2090 5357//2090 4907//2090
f 4907//2091 5357//2091 5359//2091
f 4907//2092 5359//2092 4634//2092
f 4634//2093 5359//2093 5360//2093
f 5360//2088 5359//2088 5361//2088
f 5360//2089 5361//2089 5362//2089
f 5362//2087 5361//2087 5363//2087
f 5362//2087 5363//2087 5364//2087
f 5364//2094 5363//2094 5365//2094
f 5364//2084 5365//2084 5366//2084
f 5366//2083 5365//2083 5367//2083
f 5366//2083 5367//2083 5368//2083
f 5368//2081 5367//2081 5369//2081
f 5368//2095 5369//2095 5370//2095
f 5370//2079 5369//2079 5371//2079
f 5370//2079 5371//2079 5372//2079
f 5372//2096 5371//2096 5373//2096
f 5372//2077 5373//2077 5374//2077
f 5374//2076 5373//2076 5338//2076
f 5374//2076 5338//2076 5337//2076
f 5357//2088 5355//2088 5359//2088
f 5359//2089 5355//2089 5361//2089
f 5355//2087 5353//2087 5361//2087
f 5361//2087 5353//2087 5363//2087
f 5353//2094 5351//2094 5363//2094
f 5363//2084 5351//2084 5365//2084
f 5351//2083 5349//2083 5365//2083
f 5365//2083 5349//2083 5367//2083
f 5349//2081 5347//2081 5367//2081
f 5367//2095 5347//2095 5369//2095
f 5347//2079 5345//2079 5369//2079
f 5369//2079 5345//2079 5371//2079
f 5340//2076 5338//2076 5373//2076
f 5345//2096 5343//2096 5371//2096
f 5371//2077 5343//2077 5373//2077
f 5343//2076 5340//2076 5373//2076
f 5375//2097 5376//2097 5377//2097
f 5377//2097 5376//2097 5378//2097
f 5377//2098 5378//2098 5379//2098
f 5379//2099 5378//2099 5380//2099
f 5379//2099 5380//2099 5381//2099
f 5381//2100 5380//2100 5382//2100
f 5381//1974 5382//1974 5383//1974
f 5383//2101 5382//2101 5384//2101
f 5383//2102 5384//2102 5385//2102
f 5385//2103 5384//2103 5386//2103
f 5385//2103 5386//2103 5387//2103
f 5387//2104 5386//2104 5388//2104
f 5387//2104 5388//2104 5389//2104
f 5389//2105 5388//2105 5390//2105
f 5389//2106 5390//2106 5391//2106
f 5391//2107 5390//2107 5392//2107
f 5391//2108 5392//2108 5393//2108
f 5393//2109 5392//2109 5394//2109
f 5393//2110 5394//2110 5395//2110
f 5395//2111 5394//2111 5396//2111
f 5395//2112 5396//2112 5397//2112
f 5397//2113 5396//2113 5398//2113
f 5397//2114 5398//2114 5399//2114
f 5399//2115 5398//2115 5400//2115
f 5399//2115 5400//2115 5401//2115
f 5401//2116 5400//2116 5402//2116
f 5401//2117 5402//2117 5403//2117
f 5403//2118 5402//2118 5404//2118
f 5403//2119 5404//2119 5405//2119
f 5405//2120 5404//2120 5341//2120
f 5405//1680 5341//1680 5406//1680
f 5406//1680 5341//1680 5407//1680
f 5406//2121 5407//2121 5408//2121
f 5375//2030 5409//2030 5376//2030
f 5376//2099 5409//2099 5410//2099
f 5376//2030 5410//2030 5378//2030
f 5378//2099 5410//2099 5380//2099
f 5409//1974 5411//1974 5410//1974
f 5410//1974 5411//1974 5412//1974
f 5410//1974 5412//1974 5380//1974
f 5380//1974 5412//1974 5382//1974
f 5411//2102 5413//2102 5412//2102
f 5412//2102 5413//2102 5414//2102
f 5412//2102 5414//2102 5382//2102
f 5382//2102 5414//2102 5384//2102
f 5413//2103 5415//2103 5414//2103
f 5414//2103 5415//2103 5416//2103
f 5414//2103 5416//2103 5384//2103
f 5384//2103 5416//2103 5386//2103
f 5415//2104 5417//2104 5416//2104
f 5416//2104 5417//2104 5418//2104
f 5416//2104 5418//2104 5386//2104
f 5386//2104 5418//2104 5388//2104
f 5417//2106 5419//2106 5418//2106
f 5418//2105 5419//2105 5420//2105
f 5418//2106 5420//2106 5388//2106
f 5388//2105 5420//2105 5390//2105
f 5419//2108 5421//2108 5420//2108
f 5420//2107 5421//2107 5422//2107
f 5420//2108 5422//2108 5390//2108
f 5390//2107 5422//2107 5392//2107
f 5421//2109 5423//2109 5422//2109
f 5422//2110 5423//2110 5424//2110
f 5422//2109 5424//2109 5392//2109
f 5392//2110 5424//2110 5394//2110
f 5423//2122 5425//2122 5424//2122
f 5424//2122 5425//2122 5426//2122
f 5424//2122 5426//2122 5394//2122
f 5394//2122 5426//2122 5396//2122
f 5425//2113 5427//2113 5426//2113
f 5426//2114 5427//2114 5428//2114
f 5426//2113 5428//2113 5396//2113
f 5396//2114 5428//2114 5398//2114
f 5427//2115 5429//2115 5428//2115
f 5428//2123 5429//2123 5430//2123
f 5428//2115 5430//2115 5398//2115
f 5398//2123 5430//2123 5400//2123
f 5429//2124 5431//2124 5430//2124
f 5430//2124 5431//2124 5432//2124
f 5430//2124 5432//2124 5400//2124
f 5400//2124 5432//2124 5402//2124
f 5431//2119 5433//2119 5432//2119
f 5432//2119 5433//2119 5434//2119
f 5432//2119 5434//2119 5402//2119
f 5402//2119 5434//2119 5404//2119
f 5433//1680 5339//1680 5434//1680
f 5434//1680 5339//1680 5404//1680
f 5339//2125 5341//2125 5404//2125
f 5406//2118 5408//2118 5435//2118
f 5435//2124 5408//2124 5436//2124
f 5435//2124 5436//2124 5437//2124
f 5437//2123 5436//2123 5438//2123
f 5437//2115 5438//2115 5439//2115
f 5439//2114 5438//2114 5440//2114
f 5439//2113 5440//2113 5441//2113
f 5441//2122 5440//2122 5442//2122
f 5441//2122 5442//2122 5443//2122
f 5443//2110 5442//2110 5444//2110
f 5443//2109 5444//2109 5445//2109
f 5445//2107 5444//2107 5446//2107
f 5445//2108 5446//2108 5447//2108
f 5447//2105 5446//2105 5448//2105
f 5447//2106 5448//2106 5449//2106
f 5449//2104 5448//2104 5450//2104
f 5449//2104 5450//2104 5451//2104
f 5451//2103 5450//2103 5452//2103
f 5451//2103 5452//2103 5453//2103
f 5453//2102 5452//2102 5454//2102
f 5453//2102 5454//2102 5455//2102
f 5455//1974 5454//1974 5456//1974
f 5455//1974 5456//1974 5457//1974
f 5457//2030 5456//2030 5458//2030
f 5457//2099 5458//2099 5459//2099
f 5459//2097 5458//2097 5460//2097
f 5459//2098 5460//2098 5379//2098
f 5379//2126 5460//2126 5377//2126
f 5379//2099 5381//2099 5459//2099
f 5459//2030 5381//2030 5457//2030
f 5381//1974 5383//1974 5457//1974
f 5457//1974 5383//1974 5455//1974
f 5383//2102 5385//2102 5455//2102
f 5455//2102 5385//2102 5453//2102
f 5385//2103 5387//2103 5453//2103
f 5453//2103 5387//2103 5451//2103
f 5387//2104 5389//2104 5451//2104
f 5451//2104 5389//2104 5449//2104
f 5389//2106 5391//2106 5449//2106
f 5449//2105 5391//2105 5447//2105
f 5391//2108 5393//2108 5447//2108
f 5447//2107 5393//2107 5445//2107
f 5393//2109 5395//2109 5445//2109
f 5445//2110 5395//2110 5443//2110
f 5395//2122 5397//2122 5443//2122
f 5443//2122 5397//2122 5441//2122
f 5397//2113 5399//2113 5441//2113
f 5441//2114 5399//2114 5439//2114
f 5399//2115 5401//2115 5439//2115
f 5439//2123 5401//2123 5437//2123
f 5405//2121 5406//2121 5435//2121
f 5401//2124 5403//2124 5437//2124
f 5437//2124 5403//2124 5435//2124
f 5403//2118 5405//2118 5435//2118
f 5461//2127 5462//2127 5463//2127
f 5463//2127 5462//2127 5464//2127
f 5463//2128 5464//2128 5465//2128
f 5463//2129 5465//2129 5466//2129
f 5466//2130 5465//2130 5467//2130
f 5466//2130 5467//2130 5468//2130
f 5468//2131 5467//2131 5469//2131
f 5468//2131 5469//2131 5470//2131
f 5470//2132 5469//2132 5471//2132
f 5470//2133 5471//2133 5472//2133
f 5472//2134 5471//2134 5473//2134
f 5472//2135 5473//2135 5474//2135
f 5474//2136 5473//2136 5475//2136
f 5474//2137 5475//2137 5476//2137
f 5476//2138 5475//2138 5477//2138
f 5476//2139 5477//2139 5478//2139
f 5478//2140 5477//2140 5479//2140
f 5478//2140 5479//2140 5480//2140
f 5480//2141 5479//2141 5377//2141
f 5480//2141 5377//2141 5460//2141
f 5460//2141 5481//2141 5480//2141
f 5480//2140 5481//2140 5482//2140
f 5480//2140 5482//2140 5478//2140
f 5478//2139 5482//2139 5483//2139
f 5478//2138 5483//2138 5476//2138
f 5476//2137 5483//2137 5484//2137
f 5476//2136 5484//2136 5474//2136
f 5474//2135 5484//2135 5485//2135
f 5474//2134 5485//2134 5472//2134
f 5472//2133 5485//2133 5486//2133
f 5472//2132 5486//2132 5470//2132
f 5470//2131 5486//2131 5487//2131
f 5470//2131 5487//2131 5468//2131
f 5468//2130 5487//2130 5488//2130
f 5468//2130 5488//2130 5466//2130
f 5466//2129 5488//2129 5489//2129
f 5466//2128 5489//2128 5463//2128
f 5463//2127 5489//2127 5461//2127
f 5490//2142 5491//2142 5492//2142
f 5492//2143 5491//2143 5493//2143
f 5493//2144 5491//2144 5494//2144
f 5493//2145 5494//2145 5495//2145
f 5495//2146 5494//2146 5496//2146
f 5495//2147 5496//2147 5497//2147
f 5497//2148 5496//2148 5498//2148
f 5497//2149 5498//2149 5499//2149
f 5499//2150 5498//2150 5500//2150
f 5499//2151 5500//2151 5501//2151
f 5501//2152 5500//2152 5502//2152
f 5501//2152 5502//2152 5503//2152
f 5503//2153 5502//2153 5504//2153
f 5503//2154 5504//2154 5505//2154
f 5505//2155 5504//2155 5506//2155
f 5505//2155 5506//2155 5507//2155
f 5507//2156 5506//2156 5508//2156
f 5507//2156 5508//2156 5509//2156
f 5509//2157 5508//2157 5510//2157
f 5509//2157 5510//2157 5511//2157
f 5511//2158 5510//2158 5512//2158
f 5511//2159 5512//2159 5513//2159
f 5513//1987 5512//1987 5514//1987
f 5513//1987 5514//1987 5515//1987
f 5515//2160 5514//2160 5516//2160
f 5515//2161 5516//2161 5517//2161
f 5517//2162 5516//2162 5518//2162
f 5517//2162 5518//2162 5519//2162
f 5519//2163 5518//2163 5520//2163
f 5519//2164 5520//2164 5521//2164
f 5521//2165 5520//2165 5522//2165
f 5521//2165 5522//2165 5523//2165
f 5523//2166 5522//2166 5524//2166
f 5523//2166 5524//2166 5525//2166
f 5525//2167 5524//2167 5462//2167
f 5525//2167 5462//2167 5461//2167
f 5526//2168 5527//2168 5528//2168
f 5528//2169 5527//2169 5529//2169
f 5529//2170 5527//2170 5530//2170
f 5529//2171 5530//2171 5531//2171
f 5531//2172 5530//2172 5532//2172
f 5531//2172 5532//2172 5533//2172
f 5533//2173 5532//2173 5534//2173
f 5533//2173 5534//2173 5535//2173
f 5535//2174 5534//2174 5536//2174
f 5535//2174 5536//2174 5537//2174
f 5537//2175 5536//2175 5538//2175
f 5537//2175 5538//2175 5539//2175
f 5539//2176 5538//2176 5540//2176
f 5539//2176 5540//2176 5541//2176
f 5541//2177 5540//2177 5542//2177
f 5541//2177 5542//2177 5543//2177
f 5543//2178 5542//2178 5544//2178
f 5543//2178 5544//2178 5545//2178
f 5545//2179 5544//2179 5546//2179
f 5545//2180 5546//2180 5547//2180
f 5547//2181 5546//2181 5548//2181
f 5547//2182 5548//2182 5549//2182
f 5549//2183 5548//2183 5550//2183
f 5549//2183 5550//2183 5551//2183
f 5551//2184 5550//2184 5552//2184
f 5551//2184 5552//2184 5553//2184
f 5553//2185 5552//2185 5554//2185
f 5553//2185 5554//2185 5555//2185
f 5555//2186 5554//2186 5490//2186
f 5555//2186 5490//2186 5492//2186
f 5556//2187 5557//2187 5558//2187
f 5558//2188 5557//2188 5559//2188
f 5559//2189 5557//2189 5560//2189
f 5559//2189 5560//2189 5561//2189
f 5561//2190 5560//2190 5562//2190
f 5561//2191 5562//2191 5563//2191
f 5563//2192 5562//2192 5564//2192
f 5563//2193 5564//2193 5565//2193
f 5565//2194 5564//2194 5566//2194
f 5565//2195 5566//2195 5567//2195
f 5567//2196 5566//2196 5568//2196
f 5567//2197 5568//2197 5569//2197
f 5569//2198 5568//2198 5570//2198
f 5569//2199 5570//2199 5571//2199
f 5571//2200 5570//2200 5572//2200
f 5571//2201 5572//2201 5573//2201
f 5573//2202 5572//2202 5574//2202
f 5573//2203 5574//2203 5575//2203
f 5575//2204 5574//2204 5576//2204
f 5575//2204 5576//2204 5577//2204
f 5577//2205 5576//2205 5578//2205
f 5577//2205 5578//2205 5579//2205
f 5579//2206 5578//2206 5580//2206
f 5579//2206 5580//2206 5581//2206
f 5581//2207 5580//2207 5582//2207
f 5581//2208 5582//2208 5583//2208
f 5583//2209 5582//2209 5584//2209
f 5583//1780 5584//1780 5585//1780
f 5585//2210 5584//2210 5526//2210
f 5585//2211 5526//2211 5528//2211
f 5586//2212 5587//2212 5588//2212
f 5588//2212 5587//2212 5589//2212
f 5589//2213 5587//2213 5590//2213
f 5589//2213 5590//2213 5591//2213
f 5591//2214 5590//2214 5592//2214
f 5591//2214 5592//2214 5593//2214
f 5593//2185 5592//2185 5594//2185
f 5593//2185 5594//2185 5595//2185
f 5595//2215 5594//2215 5596//2215
f 5595//2215 5596//2215 5597//2215
f 5597//2216 5596//2216 5598//2216
f 5597//2217 5598//2217 5599//2217
f 5599//2218 5598//2218 5600//2218
f 5599//2219 5600//2219 5601//2219
f 5601//2220 5600//2220 5556//2220
f 5601//2220 5556//2220 5558//2220
f 5602//2221 5603//2221 5604//2221
f 5604//2222 5603//2222 5605//2222
f 5605//2223 5603//2223 5606//2223
f 5605//2223 5606//2223 5607//2223
f 5607//2224 5606//2224 5608//2224
f 5607//2224 5608//2224 5609//2224
f 5609//2225 5608//2225 5610//2225
f 5609//2226 5610//2226 5611//2226
f 5611//2227 5610//2227 5612//2227
f 5611//2228 5612//2228 5613//2228
f 5613//2229 5612//2229 5614//2229
f 5613//2230 5614//2230 5615//2230
f 5615//2231 5614//2231 5616//2231
f 5615//2231 5616//2231 5617//2231
f 5617//2232 5616//2232 5618//2232
f 5617//2233 5618//2233 5619//2233
f 5619//2234 5618//2234 5620//2234
f 5619//2235 5620//2235 5621//2235
f 5621//2236 5620//2236 5622//2236
f 5621//2236 5622//2236 5623//2236
f 5623//2237 5622//2237 5624//2237
f 5623//2238 5624//2238 5625//2238
f 5625//2239 5624//2239 5626//2239
f 5625//2240 5626//2240 5627//2240
f 5627//2241 5626//2241 5586//2241
f 5627//2242 5586//2242 5588//2242
f 5628//2243 5629//2243 5630//2243
f 5630//2243 5629//2243 5631//2243
f 5631//2244 5629//2244 5632//2244
f 5631//2244 5632//2244 5633//2244
f 5633//2245 5632//2245 5634//2245
f 5633//2246 5634//2246 5635//2246
f 5635//2247 5634//2247 5636//2247
f 5635//2029 5636//2029 5637//2029
f 5637//2248 5636//2248 5638//2248
f 5637//2249 5638//2249 5639//2249
f 5639//2250 5638//2250 5640//2250
f 5639//2251 5640//2251 5641//2251
f 5641//2252 5640//2252 5642//2252
f 5641//2253 5642//2253 5643//2253
f 5643//2254 5642//2254 5602//2254
f 5643//2254 5602//2254 5604//2254
f 5644//2255 5645//2255 5646//2255
f 5646//2255 5645//2255 5647//2255
f 5647//2256 5645//2256 5648//2256
f 5647//2257 5648//2257 5649//2257
f 5649//2258 5648//2258 5650//2258
f 5649//2258 5650//2258 5651//2258
f 5651//2259 5650//2259 5652//2259
f 5651//2259 5652//2259 5653//2259
f 5653//2260 5652//2260 5654//2260
f 5653//2260 5654//2260 5655//2260
f 5655//2261 5654//2261 5656//2261
f 5655//2261 5656//2261 5657//2261
f 5657//2262 5656//2262 5658//2262
f 5657//2263 5658//2263 5659//2263
f 5659//2264 5658//2264 5660//2264
f 5659//2264 5660//2264 5661//2264
f 5661//2265 5660//2265 5662//2265
f 5661//2266 5662//2266 5663//2266
f 5663//2267 5662//2267 5664//2267
f 5663//2268 5664//2268 5665//2268
f 5665//2269 5664//2269 5666//2269
f 5665//2270 5666//2270 5667//2270
f 5667//2271 5666//2271 5628//2271
f 5667//2271 5628//2271 5630//2271
f 5668//2272 5669//2272 5670//2272
f 5670//2273 5669//2273 5671//2273
f 5671//2274 5669//2274 5672//2274
f 5671//2274 5672//2274 5673//2274
f 5673//2275 5672//2275 5674//2275
f 5673//2276 5674//2276 5675//2276
f 5675//2277 5674//2277 5676//2277
f 5675//2277 5676//2277 5677//2277
f 5677//2278 5676//2278 5678//2278
f 5677//2278 5678//2278 5679//2278
f 5679//2279 5678//2279 5680//2279
f 5679//2279 5680//2279 5681//2279
f 5681//2280 5680//2280 5682//2280
f 5681//2280 5682//2280 5683//2280
f 5683//2281 5682//2281 5684//2281
f 5683//2281 5684//2281 5685//2281
f 5685//2282 5684//2282 5686//2282
f 5685//2282 5686//2282 5687//2282
f 5687//2283 5686//2283 5688//2283
f 5687//496 5688//496 5689//496
f 5689//2284 5688//2284 5690//2284
f 5689//2284 5690//2284 5691//2284
f 5691//2285 5690//2285 5692//2285
f 5691//2285 5692//2285 5693//2285
f 5693//2286 5692//2286 5644//2286
f 5693//2287 5644//2287 5646//2287
f 5694//2288 5695//2288 5696//2288
f 5696//2288 5695//2288 5697//2288
f 5697//2289 5695//2289 5698//2289
f 5697//2290 5698//2290 5699//2290
f 5699//2291 5698//2291 5700//2291
f 5699//2291 5700//2291 5701//2291
f 5701//2292 5700//2292 5702//2292
f 5701//2293 5702//2293 5703//2293
f 5703//2294 5702//2294 5704//2294
f 5703//2294 5704//2294 5705//2294
f 5705//2220 5704//2220 5706//2220
f 5705//2220 5706//2220 5707//2220
f 5707//2295 5706//2295 5668//2295
f 5707//2296 5668//2296 5670//2296
f 5708//2297 5709//2297 5710//2297
f 5710//2298 5709//2298 5711//2298
f 5711//2299 5709//2299 5712//2299
f 5711//2299 5712//2299 5713//2299
f 5713//2300 5712//2300 5714//2300
f 5713//2301 5714//2301 5715//2301
f 5715//2302 5714//2302 5716//2302
f 5715//2302 5716//2302 5717//2302
f 5717//1306 5716//1306 5718//1306
f 5717//1306 5718//1306 5719//1306
f 5719//2303 5718//2303 5720//2303
f 5719//2303 5720//2303 5721//2303
f 5721//2304 5720//2304 5722//2304
f 5721//2304 5722//2304 5723//2304
f 5723//2305 5722//2305 5724//2305
f 5723//2305 5724//2305 5725//2305
f 5725//2306 5724//2306 5694//2306
f 5725//2307 5694//2307 5696//2307
f 5726//2308 5727//2308 5728//2308
f 5728//2309 5727//2309 5729//2309
f 5729//2310 5727//2310 5730//2310
f 5729//2311 5730//2311 5731//2311
f 5731//2312 5730//2312 5732//2312
f 5731//2312 5732//2312 5733//2312
f 5733//2313 5732//2313 5734//2313
f 5733//2313 5734//2313 5735//2313
f 5735//2314 5734//2314 5736//2314
f 5735//453 5736//453 5737//453
f 5737//2315 5736//2315 5738//2315
f 5737//2315 5738//2315 5739//2315
f 5739//2316 5738//2316 5740//2316
f 5739//2316 5740//2316 5741//2316
f 5741//1247 5740//1247 5742//1247
f 5741//2317 5742//2317 5743//2317
f 5743//2318 5742//2318 5744//2318
f 5743//2319 5744//2319 5745//2319
f 5745//2320 5744//2320 5746//2320
f 5745//2320 5746//2320 5747//2320
f 5747//2321 5746//2321 5708//2321
f 5747//2321 5708//2321 5710//2321
f 5748//2322 5749//2322 5750//2322
f 5750//2323 5749//2323 5751//2323
f 5751//2324 5749//2324 5752//2324
f 5751//2324 5752//2324 5753//2324
f 5753//2325 5752//2325 5754//2325
f 5753//2325 5754//2325 5755//2325
f 5755//2326 5754//2326 5756//2326
f 5755//2327 5756//2327 5757//2327
f 5757//2328 5756//2328 5758//2328
f 5757//2329 5758//2329 5759//2329
f 5759//2330 5758//2330 5760//2330
f 5759//2330 5760//2330 5761//2330
f 5761//2331 5760//2331 5762//2331
f 5761//2332 5762//2332 5763//2332
f 5763//2333 5762//2333 5764//2333
f 5763//2333 5764//2333 5765//2333
f 5765//2334 5764//2334 5766//2334
f 5765//2334 5766//2334 5767//2334
f 5767//2335 5766//2335 5768//2335
f 5767//2336 5768//2336 5769//2336
f 5769//2337 5768//2337 5770//2337
f 5769//2337 5770//2337 5771//2337
f 5771//2338 5770//2338 5772//2338
f 5771//2339 5772//2339 5773//2339
f 5773//2340 5772//2340 5774//2340
f 5773//2340 5774//2340 5775//2340
f 5775//2341 5774//2341 5726//2341
f 5775//2341 5726//2341 5728//2341
f 5776//2342 5748//2342 5777//2342
f 5777//2342 5748//2342 5750//2342
f 5778//2343 5779//2343 5780//2343
f 5780//2343 5779//2343 5781//2343
f 5780//2344 5781//2344 5782//2344
f 5782//2343 5781//2343 5783//2343
f 5783//2345 5781//2345 5784//2345
f 5783//2345 5784//2345 5785//2345
f 5785//2346 5784//2346 5786//2346
f 5785//2346 5786//2346 5787//2346
f 5787//2347 5786//2347 5788//2347
f 5787//2347 5788//2347 5789//2347
f 5789//2348 5788//2348 5790//2348
f 5789//2349 5790//2349 5791//2349
f 5791//2350 5790//2350 5792//2350
f 5791//2351 5792//2351 5793//2351
f 5793//2352 5792//2352 5794//2352
f 5793//2353 5794//2353 5795//2353
f 5795//2354 5794//2354 5796//2354
f 5795//2355 5796//2355 5797//2355
f 5797//2356 5796//2356 5798//2356
f 5797//2356 5798//2356 5799//2356
f 5799//2357 5798//2357 5800//2357
f 5799//2357 5800//2357 5801//2357
f 5801//2358 5800//2358 5802//2358
f 5801//2359 5802//2359 5803//2359
f 5803//2360 5802//2360 5804//2360
f 5803//2361 5804//2361 5805//2361
f 5805//2362 5804//2362 5806//2362
f 5805//2362 5806//2362 5807//2362
f 5807//2363 5806//2363 5777//2363
f 5777//2363 5806//2363 5808//2363
f 5777//2363 5808//2363 5776//2363
f 5776//2363 5808//2363 5809//2363
f 5809//2362 5808//2362 5810//2362
f 5809//2362 5810//2362 5811//2362
f 5811//2361 5810//2361 5812//2361
f 5811//2360 5812//2360 5813//2360
f 5813//2359 5812//2359 5814//2359
f 5813//2358 5814//2358 5815//2358
f 5815//2357 5814//2357 5816//2357
f 5815//2357 5816//2357 5817//2357
f 5817//2356 5816//2356 5818//2356
f 5817//2356 5818//2356 5819//2356
f 5819//2355 5818//2355 5820//2355
f 5819//2354 5820//2354 5821//2354
f 5821//2353 5820//2353 5822//2353
f 5821//2352 5822//2352 5823//2352
f 5823//2351 5822//2351 5824//2351
f 5823//2350 5824//2350 5825//2350
f 5825//2349 5824//2349 5826//2349
f 5825//2348 5826//2348 5827//2348
f 5827//2347 5826//2347 5828//2347
f 5827//2347 5828//2347 5829//2347
f 5829//2346 5828//2346 5830//2346
f 5829//2346 5830//2346 5831//2346
f 5831//2345 5830//2345 5779//2345
f 5831//2345 5779//2345 5778//2345
f 5806//2362 5804//2362 5808//2362
f 5808//2362 5804//2362 5810//2362
f 5804//2361 5802//2361 5810//2361
f 5810//2360 5802//2360 5812//2360
f 5802//2359 5800//2359 5812//2359
f 5812//2358 5800//2358 5814//2358
f 5800//2357 5798//2357 5814//2357
f 5814//2357 5798//2357 5816//2357
f 5798//2356 5796//2356 5816//2356
f 5816//2356 5796//2356 5818//2356
f 5796//2355 5794//2355 5818//2355
f 5818//2354 5794//2354 5820//2354
f 5794//2353 5792//2353 5820//2353
f 5820//2352 5792//2352 5822//2352
f 5792//2351 5790//2351 5822//2351
f 5822//2350 5790//2350 5824//2350
f 5790//2349 5788//2349 5824//2349
f 5824//2348 5788//2348 5826//2348
f 5788//2347 5786//2347 5826//2347
f 5826//2347 5786//2347 5828//2347
f 5781//2345 5779//2345 5830//2345
f 5786//2346 5784//2346 5828//2346
f 5828//2346 5784//2346 5830//2346
f 5784//2345 5781//2345 5830//2345
f 5832//2364 5833//2364 5834//2364
f 5834//2365 5833//2365 5835//2365
f 5835//2366 5833//2366 5836//2366
f 5835//2366 5836//2366 5837//2366
f 5837//2367 5836//2367 5838//2367
f 5837//2368 5838//2368 5839//2368
f 5839//2369 5838//2369 5840//2369
f 5839//2370 5840//2370 5841//2370
f 5841//2371 5840//2371 5842//2371
f 5841//1599 5842//1599 5843//1599
f 5843//2372 5842//2372 5844//2372
f 5843//2372 5844//2372 5845//2372
f 5845//2373 5844//2373 5846//2373
f 5845//2373 5846//2373 5847//2373
f 5847//2374 5846//2374 5848//2374
f 5847//2374 5848//2374 5849//2374
f 5849//2375 5848//2375 5780//2375
f 5849//2376 5780//2376 5782//2376
f 5850//2377 5851//2377 5852//2377
f 5852//2377 5851//2377 5853//2377
f 5852//2378 5853//2378 5854//2378
f 5852//2379 5854//2379 5855//2379
f 5855//2380 5854//2380 5856//2380
f 5855//2381 5856//2381 5857//2381
f 5857//2382 5856//2382 5858//2382
f 5857//2382 5858//2382 5859//2382
f 5859//2383 5858//2383 5860//2383
f 5859//2383 5860//2383 5861//2383
f 5861//2384 5860//2384 5862//2384
f 5861//2384 5862//2384 5863//2384
f 5863//2385 5862//2385 5864//2385
f 5863//2385 5864//2385 5865//2385
f 5865//2386 5864//2386 5866//2386
f 5865//2386 5866//2386 5867//2386
f 5867//2387 5866//2387 5868//2387
f 5867//2387 5868//2387 5869//2387
f 5869//2388 5868//2388 5870//2388
f 5869//2388 5870//2388 5871//2388
f 5871//2389 5870//2389 5872//2389
f 5871//2390 5872//2390 5873//2390
f 5873//2391 5872//2391 5832//2391
f 5873//2392 5832//2392 5834//2392
f 5834//2391 5874//2391 5873//2391
f 5873//2390 5874//2390 5875//2390
f 5873//2389 5875//2389 5871//2389
f 5871//2388 5875//2388 5876//2388
f 5871//2388 5876//2388 5869//2388
f 5869//2387 5876//2387 5877//2387
f 5869//2387 5877//2387 5867//2387
f 5867//2386 5877//2386 5878//2386
f 5867//2386 5878//2386 5865//2386
f 5865//2385 5878//2385 5879//2385
f 5865//2385 5879//2385 5863//2385
f 5863//2384 5879//2384 5880//2384
f 5863//2384 5880//2384 5861//2384
f 5861//2383 5880//2383 5881//2383
f 5861//2383 5881//2383 5859//2383
f 5859//2382 5881//2382 5882//2382
f 5859//2382 5882//2382 5857//2382
f 5857//2381 5882//2381 5883//2381
f 5857//2380 5883//2380 5855//2380
f 5855//2379 5883//2379 5884//2379
f 5855//2378 5884//2378 5852//2378
f 5852//2377 5884//2377 5850//2377
f 5885//2393 5886//2393 5887//2393
f 5887//2393 5886//2393 5888//2393
f 5888//2394 5886//2394 5889//2394
f 5888//2395 5889//2395 5890//2395
f 5890//2396 5889//2396 5891//2396
f 5890//2396 5891//2396 5892//2396
f 5892//2397 5891//2397 5893//2397
f 5892//2397 5893//2397 5894//2397
f 5894//2398 5893//2398 5895//2398
f 5894//2398 5895//2398 5896//2398
f 5896//2399 5895//2399 5897//2399
f 5896//2399 5897//2399 5898//2399
f 5898//2400 5897//2400 5899//2400
f 5898//2401 5899//2401 5900//2401
f 5900//2402 5899//2402 5901//2402
f 5900//2403 5901//2403 5902//2403
f 5902//2404 5901//2404 5903//2404
f 5902//2404 5903//2404 5904//2404
f 5904//2405 5903//2405 5851//2405
f 5904//2405 5851//2405 5850//2405
f 5905//2406 5906//2406 5907//2406
f 5907//2406 5906//2406 5908//2406
f 5908//2407 5906//2407 5909//2407
f 5908//2407 5909//2407 5910//2407
f 5910//2408 5909//2408 5911//2408
f 5910//2408 5911//2408 5912//2408
f 5912//2409 5911//2409 5913//2409
f 5912//2409 5913//2409 5914//2409
f 5914//2410 5913//2410 5915//2410
f 5914//2410 5915//2410 5916//2410
f 5916//2411 5915//2411 5917//2411
f 5916//2411 5917//2411 5918//2411
f 5918//2412 5917//2412 5919//2412
f 5918//2412 5919//2412 5920//2412
f 5920//2413 5919//2413 5921//2413
f 5920//2413 5921//2413 5922//2413
f 5922//2414 5921//2414 5923//2414
f 5922//2414 5923//2414 5924//2414
f 5924//2415 5923//2415 5925//2415
f 5924//2415 5925//2415 5926//2415
f 5926//2416 5925//2416 5927//2416
f 5926//2416 5927//2416 5928//2416
f 5928//2417 5927//2417 5929//2417
f 5928//2417 5929//2417 5930//2417
f 5930//2418 5929//2418 5931//2418
f 5930//2419 5931//2419 5932//2419
f 5932//2420 5931//2420 5885//2420
f 5932//2421 5885//2421 5887//2421
f 5933//2422 5934//2422 5935//2422
f 5935//2422 5934//2422 5936//2422
f 5936//2423 5934//2423 5937//2423
f 5936//2423 5937//2423 5938//2423
f 5938//2424 5937//2424 5939//2424
f 5938//2424 5939//2424 5940//2424
f 5940//1694 5939//1694 5941//1694
f 5940//1694 5941//1694 5942//1694
f 5942//492 5941//492 5943//492
f 5942//492 5943//492 5944//492
f 5944//2425 5943//2425 5945//2425
f 5944//2425 5945//2425 5946//2425
f 5946//2426 5945//2426 5947//2426
f 5946//2426 5947//2426 5948//2426
f 5948//2427 5947//2427 5949//2427
f 5948//2427 5949//2427 5950//2427
f 5950//2428 5949//2428 5905//2428
f 5950//1987 5905//1987 5907//1987
f 5951//2429 5952//2429 5953//2429
f 5953//2429 5952//2429 5954//2429
f 5954//2430 5952//2430 5955//2430
f 5954//2430 5955//2430 5956//2430
f 5956//2431 5955//2431 5957//2431
f 5956//2431 5957//2431 5958//2431
f 5958//2432 5957//2432 5959//2432
f 5958//2432 5959//2432 5960//2432
f 5960//2433 5959//2433 5961//2433
f 5960//2433 5961//2433 5962//2433
f 5962//2434 5961//2434 5963//2434
f 5962//2434 5963//2434 5964//2434
f 5964//2435 5963//2435 5965//2435
f 5964//2435 5965//2435 5966//2435
f 5966//2436 5965//2436 5967//2436
f 5966//2436 5967//2436 5968//2436
f 5968//2437 5967//2437 5969//2437
f 5968//2438 5969//2438 5970//2438
f 5970//2439 5969//2439 5971//2439
f 5970//2439 5971//2439 5972//2439
f 5972//2440 5971//2440 5973//2440
f 5972//2441 5973//2441 5974//2441
f 5974//2152 5973//2152 5933//2152
f 5974//2442 5933//2442 5935//2442
f 5975//2443 5976//2443 5977//2443
f 5977//2443 5976//2443 5978//2443
f 5978//2444 5976//2444 5979//2444
f 5978//2444 5979//2444 5980//2444
f 5980//2445 5979//2445 5981//2445
f 5980//2445 5981//2445 5982//2445
f 5982//2446 5981//2446 5983//2446
f 5982//2447 5983//2447 5984//2447
f 5984//2448 5983//2448 5985//2448
f 5984//2448 5985//2448 5986//2448
f 5986//2449 5985//2449 5987//2449
f 5986//2450 5987//2450 5988//2450
f 5988//2451 5987//2451 5989//2451
f 5988//2451 5989//2451 5990//2451
f 5990//2452 5989//2452 5991//2452
f 5990//2452 5991//2452 5992//2452
f 5992//2453 5991//2453 5993//2453
f 5992//2453 5993//2453 5994//2453
f 5994//2454 5993//2454 5995//2454
f 5994//2454 5995//2454 5996//2454
f 5996//2455 5995//2455 5997//2455
f 5996//2455 5997//2455 5998//2455
f 5998//2456 5997//2456 5999//2456
f 5998//2457 5999//2457 6000//2457
f 6000//2458 5999//2458 6001//2458
f 6000//2458 6001//2458 6002//2458
f 6002//2459 6001//2459 6003//2459
f 6002//2459 6003//2459 6004//2459
f 6004//2460 6003//2460 6005//2460
f 6004//2460 6005//2460 6006//2460
f 6006//2461 6005//2461 5951//2461
f 6006//2462 5951//2462 5953//2462
f 6007//2463 6008//2463 6009//2463
f 6009//2463 6008//2463 6010//2463
f 6009//2464 6010//2464 6011//2464
f 6011//2463 6010//2463 6012//2463
f 6011//2463 6012//2463 6013//2463
f 6013//2465 6012//2465 6014//2465
f 6013//2466 6014//2466 6015//2466
f 6015//2467 6014//2467 6016//2467
f 6015//1550 6016//1550 6017//1550
f 6017//2468 6016//2468 6018//2468
f 6017//2468 6018//2468 6019//2468
f 6019//2469 6018//2469 6020//2469
f 6019//2470 6020//2470 6021//2470
f 6021//2471 6020//2471 6022//2471
f 6021//2472 6022//2472 6023//2472
f 6023//2473 6022//2473 6024//2473
f 6023//2474 6024//2474 6025//2474
f 6025//2475 6024//2475 6026//2475
f 6025//2475 6026//2475 6027//2475
f 6027//2476 6026//2476 6028//2476
f 6027//2477 6028//2477 6029//2477
f 6029//513 6028//513 6030//513
f 6029//513 6030//513 6031//513
f 6031//1329 6030//1329 6032//1329
f 6031//1329 6032//1329 6033//1329
f 6033//2478 6032//2478 6034//2478
f 6033//2478 6034//2478 6035//2478
f 6035//2479 6034//2479 6036//2479
f 6035//2479 6036//2479 6037//2479
f 6037//2480 6036//2480 6038//2480
f 6037//2480 6038//2480 6039//2480
f 6039//2481 6038//2481 6040//2481
f 6039//2482 6040//2482 6041//2482
f 6041//2483 6040//2483 6042//2483
f 6041//2483 6042//2483 6043//2483
f 6043//2484 6042//2484 6044//2484
f 6043//2484 6044//2484 6045//2484
f 6045//2485 6044//2485 6046//2485
f 6045//2486 6046//2486 6047//2486
f 6047//2487 6046//2487 5977//2487
f 5977//2487 6046//2487 6048//2487
f 5977//2487 6048//2487 5975//2487
f 5975//2487 6048//2487 6049//2487
f 5975//2487 6049//2487 6050//2487
f 6050//2486 6049//2486 6051//2486
f 6050//2485 6051//2485 6052//2485
f 6052//2484 6051//2484 6053//2484
f 6052//2484 6053//2484 6054//2484
f 6054//2483 6053//2483 6055//2483
f 6054//2483 6055//2483 6056//2483
f 6056//2482 6055//2482 6057//2482
f 6056//2481 6057//2481 6058//2481
f 6058//2480 6057//2480 6059//2480
f 6058//2480 6059//2480 6060//2480
f 6060//2479 6059//2479 6061//2479
f 6060//2479 6061//2479 6062//2479
f 6062//2478 6061//2478 6063//2478
f 6062//2478 6063//2478 6064//2478
f 6064//1329 6063//1329 6065//1329
f 6064//1329 6065//1329 6066//1329
f 6066//513 6065//513 6067//513
f 6066//513 6067//513 6068//513
f 6068//2477 6067//2477 6069//2477
f 6068//2476 6069//2476 6070//2476
f 6070//2475 6069//2475 6071//2475
f 6070//2475 6071//2475 6072//2475
f 6072//2474 6071//2474 6073//2474
f 6072//2473 6073//2473 6074//2473
f 6074//2472 6073//2472 6075//2472
f 6074//2471 6075//2471 6076//2471
f 6076//2470 6075//2470 6077//2470
f 6076//2469 6077//2469 6078//2469
f 6078//2468 6077//2468 6079//2468
f 6078//2468 6079//2468 6080//2468
f 6080//1550 6079//1550 6081//1550
f 6080//2467 6081//2467 6082//2467
f 6082//2466 6081//2466 6008//2466
f 6082//2465 6008//2465 6007//2465
f 6051//2485 6049//2485 6083//2485
f 6083//2486 6049//2486 6048//2486
f 6083//2485 6048//2485 6044//2485
f 6044//2486 6048//2486 6046//2486
f 6053//2484 6051//2484 6084//2484
f 6084//2484 6051//2484 6083//2484
f 6084//2484 6083//2484 6042//2484
f 6042//2484 6083//2484 6044//2484
f 6055//2483 6053//2483 6085//2483
f 6085//2483 6053//2483 6084//2483
f 6085//2483 6084//2483 6040//2483
f 6040//2483 6084//2483 6042//2483
f 6057//2481 6055//2481 6086//2481
f 6086//2482 6055//2482 6085//2482
f 6086//2481 6085//2481 6038//2481
f 6038//2482 6085//2482 6040//2482
f 6059//2480 6057//2480 6087//2480
f 6087//2480 6057//2480 6086//2480
f 6087//2480 6086//2480 6036//2480
f 6036//2480 6086//2480 6038//2480
f 6061//2479 6059//2479 6088//2479
f 6088//2479 6059//2479 6087//2479
f 6088//2479 6087//2479 6034//2479
f 6034//2479 6087//2479 6036//2479
f 6063//2478 6061//2478 6089//2478
f 6089//2478 6061//2478 6088//2478
f 6089//2478 6088//2478 6032//2478
f 6032//2478 6088//2478 6034//2478
f 6065//1329 6063//1329 6090//1329
f 6090//1329 6063//1329 6089//1329
f 6090//1329 6089//1329 6030//1329
f 6030//1329 6089//1329 6032//1329
f 6067//513 6065//513 6091//513
f 6091//513 6065//513 6090//513
f 6091//513 6090//513 6028//513
f 6028//513 6090//513 6030//513
f 6069//2476 6067//2476 6092//2476
f 6092//2477 6067//2477 6091//2477
f 6092//2476 6091//2476 6026//2476
f 6026//2477 6091//2477 6028//2477
f 6071//2475 6069//2475 6093//2475
f 6093//2475 6069//2475 6092//2475
f 6093//2475 6092//2475 6024//2475
f 6024//2475 6092//2475 6026//2475
f 6073//2473 6071//2473 6094//2473
f 6094//2474 6071//2474 6093//2474
f 6094//2473 6093//2473 6022//2473
f 6022//2474 6093//2474 6024//2474
f 6075//2471 6073//2471 6095//2471
f 6095//2472 6073//2472 6094//2472
f 6095//2471 6094//2471 6020//2471
f 6020//2472 6094//2472 6022//2472
f 6077//2469 6075//2469 6096//2469
f 6096//2470 6075//2470 6095//2470
f 6096//2469 6095//2469 6018//2469
f 6018//2470 6095//2470 6020//2470
f 6079//2468 6077//2468 6097//2468
f 6097//2468 6077//2468 6096//2468
f 6097//2468 6096//2468 6016//2468
f 6016//2468 6096//2468 6018//2468
f 6010//2465 6008//2465 6081//2465
f 6081//2467 6079//2467 6098//2467
f 6098//1550 6079//1550 6097//1550
f 6098//2467 6097//2467 6014//2467
f 6014//1550 6097//1550 6016//1550
f 6098//2466 6014//2466 6012//2466
f 6012//2465 6010//2465 6098//2465
f 6098//2466 6010//2466 6081//2466
f 6099//2488 6100//2488 6101//2488
f 6101//2488 6100//2488 6102//2488
f 6102//2489 6100//2489 6103//2489
f 6102//2489 6103//2489 6104//2489
f 6104//2490 6103//2490 6105//2490
f 6104//2490 6105//2490 6106//2490
f 6106//2491 6105//2491 6107//2491
f 6106//2492 6107//2492 6108//2492
f 6108//2493 6107//2493 6109//2493
f 6108//2493 6109//2493 6110//2493
f 6110//2494 6109//2494 6111//2494
f 6110//2494 6111//2494 6112//2494
f 6112//2495 6111//2495 6113//2495
f 6112//2495 6113//2495 6114//2495
f 6114//2496 6113//2496 6115//2496
f 6114//2496 6115//2496 6116//2496
f 6116//2497 6115//2497 6117//2497
f 6116//2497 6117//2497 6118//2497
f 6118//2498 6117//2498 6119//2498
f 6118//2498 6119//2498 6120//2498
f 6120//2499 6119//2499 6009//2499
f 6120//2500 6009//2500 6011//2500
f 6121//2501 6122//2501 6123//2501
f 6123//2501 6122//2501 6124//2501
f 6124//2502 6122//2502 6125//2502
f 6124//2503 6125//2503 6126//2503
f 6126//2504 6125//2504 6127//2504
f 6126//2504 6127//2504 6128//2504
f 6128//2505 6127//2505 6129//2505
f 6128//2505 6129//2505 6130//2505
f 6130//2506 6129//2506 6131//2506
f 6130//2507 6131//2507 6132//2507
f 6132//2508 6131//2508 6133//2508
f 6132//2509 6133//2509 6134//2509
f 6134//2510 6133//2510 6135//2510
f 6134//2511 6135//2511 6136//2511
f 6136//2512 6135//2512 6137//2512
f 6136//2513 6137//2513 6138//2513
f 6138//2514 6137//2514 6139//2514
f 6138//2514 6139//2514 6140//2514
f 6140//2515 6139//2515 6141//2515
f 6140//2516 6141//2516 6142//2516
f 6142//2517 6141//2517 6143//2517
f 6142//2518 6143//2518 6144//2518
f 6144//2519 6143//2519 6145//2519
f 6144//2519 6145//2519 6146//2519
f 6146//2520 6145//2520 6147//2520
f 6146//2521 6147//2521 6148//2521
f 6148//2522 6147//2522 6149//2522
f 6148//801 6149//801 6150//801
f 6150//1882 6149//1882 6151//1882
f 6150//1882 6151//1882 6152//1882
f 6152//2523 6151//2523 6153//2523
f 6152//2524 6153//2524 6154//2524
f 6154//2525 6153//2525 6155//2525
f 6154//2526 6155//2526 6156//2526
f 6156//2527 6155//2527 6157//2527
f 6156//2528 6157//2528 6158//2528
f 6158//2529 6157//2529 6159//2529
f 6158//2530 6159//2530 6160//2530
f 6160//2531 6159//2531 6161//2531
f 6160//2532 6161//2532 6162//2532
f 6162//2533 6161//2533 6163//2533
f 6162//2489 6163//2489 6164//2489
f 6164//2534 6163//2534 6165//2534
f 6164//2534 6165//2534 6166//2534
f 6166//2535 6165//2535 6167//2535
f 6166//2536 6167//2536 6168//2536
f 6168//2537 6167//2537 6169//2537
f 6168//2538 6169//2538 6170//2538
f 6170//2539 6169//2539 6099//2539
f 6170//2539 6099//2539 6101//2539
f 6171//343 6172//343 6173//343
f 6173//2540 6172//2540 6174//2540
f 6174//2541 6172//2541 6175//2541
f 6174//2467 6175//2467 6176//2467
f 6176//2542 6175//2542 6177//2542
f 6176//2542 6177//2542 6178//2542
f 6178//2543 6177//2543 6179//2543
f 6178//2543 6179//2543 6180//2543
f 6180//2544 6179//2544 6181//2544
f 6180//2545 6181//2545 6182//2545
f 6182//2546 6181//2546 6183//2546
f 6182//2546 6183//2546 6184//2546
f 6184//2547 6183//2547 6185//2547
f 6184//2547 6185//2547 6186//2547
f 6186//2548 6185//2548 6187//2548
f 6186//2548 6187//2548 6188//2548
f 6188//2549 6187//2549 6189//2549
f 6188//2549 6189//2549 6190//2549
f 6190//2550 6189//2550 6191//2550
f 6190//2551 6191//2551 6192//2551
f 6192//1162 6191//1162 6121//1162
f 6192//1175 6121//1175 6123//1175
f 6193//2552 6194//2552 6195//2552
f 6195//2552 6194//2552 6196//2552
f 6196//675 6194//675 6197//675
f 6196//2553 6197//2553 6198//2553
f 6198//2554 6197//2554 6199//2554
f 6198//2554 6199//2554 6200//2554
f 6200//2555 6199//2555 6201//2555
f 6200//2556 6201//2556 6202//2556
f 6202//2557 6201//2557 6203//2557
f 6202//2558 6203//2558 6204//2558
f 6204//2559 6203//2559 6205//2559
f 6204//2559 6205//2559 6206//2559
f 6206//2560 6205//2560 6207//2560
f 6206//2560 6207//2560 6208//2560
f 6208//2561 6207//2561 6209//2561
f 6208//2561 6209//2561 6210//2561
f 6210//2562 6209//2562 6211//2562
f 6210//2562 6211//2562 6212//2562
f 6212//2563 6211//2563 6213//2563
f 6212//2564 6213//2564 6214//2564
f 6214//2565 6213//2565 6215//2565
f 6214//2565 6215//2565 6216//2565
f 6216//2566 6215//2566 6171//2566
f 6216//2566 6171//2566 6173//2566
f 6217//2567 6218//2567 6219//2567
f 6219//2567 6218//2567 6220//2567
f 6220//2568 6218//2568 6221//2568
f 6220//2568 6221//2568 6222//2568
f 6222//2569 6221//2569 6223//2569
f 6222//2569 6223//2569 6224//2569
f 6224//2570 6223//2570 6225//2570
f 6224//2570 6225//2570 6226//2570
f 6226//2571 6225//2571 6227//2571
f 6226//2571 6227//2571 6228//2571
f 6228//2572 6227//2572 6229//2572
f 6228//2573 6229//2573 6230//2573
f 6230//2574 6229//2574 6231//2574
f 6230//2574 6231//2574 6232//2574
f 6232//2575 6231//2575 6233//2575
f 6232//2575 6233//2575 6234//2575
f 6234//2576 6233//2576 6235//2576
f 6234//2576 6235//2576 6236//2576
f 6236//2577 6235//2577 6237//2577
f 6236//2577 6237//2577 6238//2577
f 6238//2578 6237//2578 6239//2578
f 6238//2579 6239//2579 6240//2579
f 6240//2580 6239//2580 6241//2580
f 6240//2580 6241//2580 6242//2580
f 6242//1061 6241//1061 6243//1061
f 6242//1061 6243//1061 6244//1061
f 6244//2581 6243//2581 6245//2581
f 6244//2581 6245//2581 6246//2581
f 6246//2582 6245//2582 6193//2582
f 6246//2582 6193//2582 6195//2582
f 6247//2583 6248//2583 6249//2583
f 6249//2583 6248//2583 6250//2583
f 6250//2584 6248//2584 6251//2584
f 6250//2584 6251//2584 6252//2584
f 6252//2585 6251//2585 6253//2585
f 6252//2585 6253//2585 6254//2585
f 6254//2586 6253//2586 6255//2586
f 6254//2586 6255//2586 6256//2586
f 6256//2587 6255//2587 6257//2587
f 6256//2588 6257//2588 6258//2588
f 6258//2589 6257//2589 6259//2589
f 6258//2589 6259//2589 6260//2589
f 6260//2590 6259//2590 6261//2590
f 6260//2591 6261//2591 6262//2591
f 6262//2592 6261//2592 6263//2592
f 6262//2593 6263//2593 6264//2593
f 6264//783 6263//783 6265//783
f 6264//784 6265//784 6266//784
f 6266//2594 6265//2594 6267//2594
f 6266//2595 6267//2595 6268//2595
f 6268//2596 6267//2596 6269//2596
f 6268//2596 6269//2596 6270//2596
f 6270//2597 6269//2597 6271//2597
f 6270//2597 6271//2597 6272//2597
f 6272//2598 6271//2598 6217//2598
f 6272//2598 6217//2598 6219//2598
f 6273//2599 6274//2599 6275//2599
f 6275//2599 6274//2599 6276//2599
f 6276//798 6274//798 6277//798
f 6276//798 6277//798 6278//798
f 6278//2600 6277//2600 6279//2600
f 6278//2600 6279//2600 6280//2600
f 6280//2601 6279//2601 6281//2601
f 6280//2601 6281//2601 6282//2601
f 6282//2602 6281//2602 6283//2602
f 6282//2602 6283//2602 6284//2602
f 6284//714 6283//714 6285//714
f 6284//714 6285//714 6286//714
f 6286//2603 6285//2603 6287//2603
f 6286//2603 6287//2603 6288//2603
f 6288//2604 6287//2604 6247//2604
f 6288//2604 6247//2604 6249//2604
f 6289//2605 6290//2605 6291//2605
f 6291//2605 6290//2605 6292//2605
f 6292//2606 6290//2606 6293//2606
f 6292//2606 6293//2606 6294//2606
f 6294//445 6293//445 6295//445
f 6294//445 6295//445 6296//445
f 6296//2607 6295//2607 6297//2607
f 6296//2607 6297//2607 6298//2607
f 6298//2608 6297//2608 6299//2608
f 6298//2608 6299//2608 6300//2608
f 6300//2609 6299//2609 6301//2609
f 6300//2609 6301//2609 6302//2609
f 6302//2610 6301//2610 6303//2610
f 6302//2610 6303//2610 6304//2610
f 6304//2611 6303//2611 6305//2611
f 6304//2611 6305//2611 6306//2611
f 6306//2612 6305//2612 6307//2612
f 6306//2612 6307//2612 6308//2612
f 6308//2613 6307//2613 6309//2613
f 6308//2613 6309//2613 6310//2613
f 6310//2614 6309//2614 6311//2614
f 6310//2614 6311//2614 6312//2614
f 6312//2615 6311//2615 6313//2615
f 6312//2615 6313//2615 6314//2615
f 6314//2616 6313//2616 6273//2616
f 6314//2616 6273//2616 6275//2616
f 6315//2617 6316//2617 6317//2617
f 6317//2617 6316//2617 6318//2617
f 6318//2618 6316//2618 6319//2618
f 6318//2618 6319//2618 6320//2618
f 6320//2619 6319//2619 6321//2619
f 6320//2620 6321//2620 6322//2620
f 6322//2621 6321//2621 6323//2621
f 6322//2621 6323//2621 6324//2621
f 6324//2622 6323//2622 6325//2622
f 6324//2622 6325//2622 6326//2622
f 6326//2623 6325//2623 6327//2623
f 6326//2624 6327//2624 6328//2624
f 6328//2625 6327//2625 6329//2625
f 6328//2625 6329//2625 6330//2625
f 6330//2626 6329//2626 6289//2626
f 6330//2627 6289//2627 6291//2627
f 6331//2628 6332//2628 6333//2628
f 6333//2628 6332//2628 6334//2628
f 6334//2629 6332//2629 6335//2629
f 6334//2629 6335//2629 6336//2629
f 6336//2630 6335//2630 6337//2630
f 6336//2630 6337//2630 6338//2630
f 6338//2631 6337//2631 6339//2631
f 6338//2631 6339//2631 6340//2631
f 6340//2632 6339//2632 6341//2632
f 6340//2632 6341//2632 6342//2632
f 6342//2633 6341//2633 6343//2633
f 6342//2634 6343//2634 6344//2634
f 6344//2635 6343//2635 6345//2635
f 6344//2636 6345//2636 6346//2636
f 6346//2637 6345//2637 6347//2637
f 6346//2637 6347//2637 6348//2637
f 6348//2638 6347//2638 6349//2638
f 6348//2639 6349//2639 6350//2639
f 6350//2640 6349//2640 6351//2640
f 6350//2641 6351//2641 6352//2641
f 6352//2642 6351//2642 6353//2642
f 6352//2642 6353//2642 6354//2642
f 6354//2643 6353//2643 6355//2643
f 6354//2643 6355//2643 6356//2643
f 6356//2644 6355//2644 6315//2644
f 6356//2644 6315//2644 6317//2644
f 6357//2645 6358//2645 6359//2645
f 6359//2645 6358//2645 6360//2645
f 6359//2646 6360//2646 6361//2646
f 6359//2647 6361//2647 6362//2647
f 6362//2648 6361//2648 6363//2648
f 6362//2649 6363//2649 6364//2649
f 6364//775 6363//775 6365//775
f 6364//2650 6365//2650 6366//2650
f 6366//2651 6365//2651 6367//2651
f 6366//2652 6367//2652 6368//2652
f 6368//2653 6367//2653 6369//2653
f 6368//2653 6369//2653 6370//2653
f 6370//2654 6369//2654 6371//2654
f 6370//2654 6371//2654 6372//2654
f 6372//2655 6371//2655 6373//2655
f 6372//2656 6373//2656 6374//2656
f 6374//2657 6373//2657 6375//2657
f 6374//2657 6375//2657 6376//2657
f 6376//2658 6375//2658 6377//2658
f 6376//2659 6377//2659 6378//2659
f 6378//2660 6377//2660 6379//2660
f 6378//2660 6379//2660 6380//2660
f 6380//2661 6379//2661 6381//2661
f 6380//2661 6381//2661 6382//2661
f 6382//2662 6381//2662 6383//2662
f 6382//2662 6383//2662 6384//2662
f 6384//2663 6383//2663 6385//2663
f 6384//2663 6385//2663 6386//2663
f 6386//2664 6385//2664 6387//2664
f 6386//2664 6387//2664 6388//2664
f 6388//2665 6387//2665 6389//2665
f 6388//2666 6389//2666 6390//2666
f 6390//2667 6389//2667 6331//2667
f 6390//2668 6331//2668 6333//2668
f 6333//2667 6391//2667 6390//2667
f 6390//2666 6391//2666 6392//2666
f 6390//2665 6392//2665 6388//2665
f 6388//2664 6392//2664 6393//2664
f 6388//2664 6393//2664 6386//2664
f 6386//2663 6393//2663 6394//2663
f 6386//2663 6394//2663 6384//2663
f 6384//2662 6394//2662 6395//2662
f 6384//2662 6395//2662 6382//2662
f 6382//2661 6395//2661 6396//2661
f 6382//2661 6396//2661 6380//2661
f 6380//2660 6396//2660 6397//2660
f 6380//2660 6397//2660 6378//2660
f 6378//2659 6397//2659 6398//2659
f 6378//2658 6398//2658 6376//2658
f 6376//2657 6398//2657 6399//2657
f 6376//2657 6399//2657 6374//2657
f 6374//2656 6399//2656 6400//2656
f 6374//2655 6400//2655 6372//2655
f 6372//2654 6400//2654 6401//2654
f 6372//2654 6401//2654 6370//2654
f 6370//2653 6401//2653 6402//2653
f 6370//2653 6402//2653 6368//2653
f 6368//2652 6402//2652 6403//2652
f 6368//2651 6403//2651 6366//2651
f 6366//2650 6403//2650 6404//2650
f 6366//775 6404//775 6364//775
f 6364//2649 6404//2649 6405//2649
f 6364//2648 6405//2648 6362//2648
f 6362//2647 6405//2647 6406//2647
f 6362//2646 6406//2646 6359//2646
f 6359//2645 6406//2645 6357//2645
f 6407//2364 6408//2364 6409//2364
f 6409//2364 6408//2364 6410//2364
f 6409//2669 6410//2669 6411//2669
f 6409//2669 6411//2669 6412//2669
f 6412//2670 6411//2670 6413//2670
f 6412//2670 6413//2670 6414//2670
f 6414//2671 6413//2671 6415//2671
f 6414//2671 6415//2671 6416//2671
f 6416//2672 6415//2672 6417//2672
f 6416//2672 6417//2672 6418//2672
f 6418//2673 6417//2673 6419//2673
f 6418//2673 6419//2673 6420//2673
f 6420//2674 6419//2674 6421//2674
f 6420//2674 6421//2674 6422//2674
f 6422//2675 6421//2675 6423//2675
f 6422//2675 6423//2675 6424//2675
f 6424//2676 6423//2676 6425//2676
f 6424//2676 6425//2676 6426//2676
f 6426//2677 6425//2677 6427//2677
f 6426//2677 6427//2677 6428//2677
f 6428//2678 6427//2678 6429//2678
f 6428//2678 6429//2678 6430//2678
f 6430//851 6429//851 6431//851
f 6430//851 6431//851 6432//851
f 6432//2679 6431//2679 6433//2679
f 6432//2679 6433//2679 6434//2679
f 6434//2680 6433//2680 6358//2680
f 6434//2680 6358//2680 6357//2680
f 6357//2680 6435//2680 6434//2680
f 6434//2679 6435//2679 6436//2679
f 6434//2679 6436//2679 6432//2679
f 6432//851 6436//851 6437//851
f 6432//851 6437//851 6430//851
f 6430//2678 6437//2678 6438//2678
f 6430//2678 6438//2678 6428//2678
f 6428//2677 6438//2677 6439//2677
f 6428//2677 6439//2677 6426//2677
f 6426//2676 6439//2676 6440//2676
f 6426//2676 6440//2676 6424//2676
f 6424//2675 6440//2675 6441//2675
f 6424//2675 6441//2675 6422//2675
f 6422//2674 6441//2674 6442//2674
f 6422//2674 6442//2674 6420//2674
f 6420//2673 6442//2673 6443//2673
f 6420//2673 6443//2673 6418//2673
f 6418//2672 6443//2672 6444//2672
f 6418//2672 6444//2672 6416//2672
f 6416//2671 6444//2671 6445//2671
f 6416//2671 6445//2671 6414//2671
f 6414//2670 6445//2670 6446//2670
f 6414//2670 6446//2670 6412//2670
f 6412//2669 6446//2669 6447//2669
f 6412//2669 6447//2669 6409//2669
f 6409//2364 6447//2364 6407//2364
f 6448//2681 6449//2681 6450//2681
f 6450//2682 6449//2682 6451//2682
f 6451//2683 6449//2683 6452//2683
f 6451//2683 6452//2683 6453//2683
f 6453//2684 6452//2684 6454//2684
f 6453//2684 6454//2684 6455//2684
f 6455//2685 6454//2685 6456//2685
f 6455//2686 6456//2686 6457//2686
f 6457//2687 6456//2687 6458//2687
f 6457//2687 6458//2687 6459//2687
f 6459//2688 6458//2688 6460//2688
f 6459//2688 6460//2688 6461//2688
f 6461//2689 6460//2689 6462//2689
f 6461//2690 6462//2690 6463//2690
f 6463//1251 6462//1251 6464//1251
f 6463//1250 6464//1250 6465//1250
f 6465//2691 6464//2691 6466//2691
f 6465//2691 6466//2691 6467//2691
f 6467//2692 6466//2692 6468//2692
f 6467//2693 6468//2693 6469//2693
f 6469//2694 6468//2694 6470//2694
f 6469//2695 6470//2695 6471//2695
f 6471//2696 6470//2696 6472//2696
f 6471//2696 6472//2696 6473//2696
f 6473//2697 6472//2697 6408//2697
f 6473//2697 6408//2697 6407//2697
f 6474//2698 6475//2698 6476//2698
f 6476//2698 6475//2698 6477//2698
f 6476//2699 6477//2699 6478//2699
f 6476//2700 6478//2700 6479//2700
f 6479//2701 6478//2701 6480//2701
f 6479//2701 6480//2701 6481//2701
f 6481//2702 6480//2702 6482//2702
f 6481//2703 6482//2703 6483//2703
f 6483//2704 6482//2704 6484//2704
f 6483//2704 6484//2704 6485//2704
f 6485//2705 6484//2705 6486//2705
f 6485//2706 6486//2706 6487//2706
f 6487//2707 6486//2707 6488//2707
f 6487//2708 6488//2708 6489//2708
f 6489//2709 6488//2709 6490//2709
f 6489//2709 6490//2709 6491//2709
f 6491//2710 6490//2710 6492//2710
f 6491//2711 6492//2711 6493//2711
f 6493//2712 6492//2712 6494//2712
f 6493//2713 6494//2713 6495//2713
f 6495//2714 6494//2714 6496//2714
f 6495//2715 6496//2715 6497//2715
f 6497//2716 6496//2716 6498//2716
f 6497//2716 6498//2716 6499//2716
f 6499//2717 6498//2717 6500//2717
f 6499//2717 6500//2717 6501//2717
f 6501//2718 6500//2718 6502//2718
f 6501//2718 6502//2718 6503//2718
f 6503//2719 6502//2719 6504//2719
f 6503//2720 6504//2720 6505//2720
f 6505//2721 6504//2721 6506//2721
f 6505//2722 6506//2722 6507//2722
f 6507//2723 6506//2723 6448//2723
f 6507//2723 6448//2723 6450//2723
f 6450//2723 6508//2723 6507//2723
f 6507//2722 6508//2722 6509//2722
f 6507//2721 6509//2721 6505//2721
f 6505//2720 6509//2720 6510//2720
f 6505//2719 6510//2719 6503//2719
f 6503//2718 6510//2718 6511//2718
f 6503//2718 6511//2718 6501//2718
f 6501//2717 6511//2717 6512//2717
f 6501//2717 6512//2717 6499//2717
f 6499//2716 6512//2716 6513//2716
f 6499//2716 6513//2716 6497//2716
f 6497//2715 6513//2715 6514//2715
f 6497//2714 6514//2714 6495//2714
f 6495//2713 6514//2713 6515//2713
f 6495//2712 6515//2712 6493//2712
f 6493//2711 6515//2711 6516//2711
f 6493//2710 6516//2710 6491//2710
f 6491//2709 6516//2709 6517//2709
f 6491//2709 6517//2709 6489//2709
f 6489//2708 6517//2708 6518//2708
f 6489//2707 6518//2707 6487//2707
f 6487//2706 6518//2706 6519//2706
f 6487//2705 6519//2705 6485//2705
f 6485//2704 6519//2704 6520//2704
f 6485//2704 6520//2704 6483//2704
f 6483//2703 6520//2703 6521//2703
f 6483//2702 6521//2702 6481//2702
f 6481//2701 6521//2701 6522//2701
f 6481//2701 6522//2701 6479//2701
f 6479//2700 6522//2700 6523//2700
f 6479//2699 6523//2699 6476//2699
f 6476//2698 6523//2698 6474//2698
f 6524//2724 6525//2724 6526//2724
f 6526//2725 6525//2725 6527//2725
f 6527//2726 6525//2726 6528//2726
f 6527//2727 6528//2727 6529//2727
f 6529//2728 6528//2728 6530//2728
f 6529//2728 6530//2728 6531//2728
f 6531//2729 6530//2729 6532//2729
f 6531//2729 6532//2729 6533//2729
f 6533//2730 6532//2730 6534//2730
f 6533//2730 6534//2730 6535//2730
f 6535//2731 6534//2731 6536//2731
f 6535//2731 6536//2731 6537//2731
f 6537//2732 6536//2732 6538//2732
f 6537//2732 6538//2732 6539//2732
f 6539//2733 6538//2733 6540//2733
f 6539//2733 6540//2733 6541//2733
f 6541//2734 6540//2734 6475//2734
f 6541//2735 6475//2735 6474//2735
f 6542//2736 6543//2736 6544//2736
f 6544//2736 6543//2736 6545//2736
f 6545//2737 6543//2737 6546//2737
f 6545//2737 6546//2737 6547//2737
f 6547//2738 6546//2738 6548//2738
f 6547//2738 6548//2738 6549//2738
f 6549//2739 6548//2739 6550//2739
f 6549//2739 6550//2739 6551//2739
f 6551//2740 6550//2740 6552//2740
f 6551//2740 6552//2740 6553//2740
f 6553//2741 6552//2741 6554//2741
f 6553//2741 6554//2741 6555//2741
f 6555//2742 6554//2742 6556//2742
f 6555//2742 6556//2742 6557//2742
f 6557//2743 6556//2743 6558//2743
f 6557//2744 6558//2744 6559//2744
f 6559//2745 6558//2745 6560//2745
f 6559//2746 6560//2746 6561//2746
f 6561//2747 6560//2747 6562//2747
f 6561//2748 6562//2748 6563//2748
f 6563//1611 6562//1611 6564//1611
f 6563//1611 6564//1611 6565//1611
f 6565//2749 6564//2749 6566//2749
f 6565//2750 6566//2750 6567//2750
f 6567//2751 6566//2751 6568//2751
f 6567//2751 6568//2751 6569//2751
f 6569//2752 6568//2752 6524//2752
f 6569//2752 6524//2752 6526//2752
f 6570//2753 6571//2753 6572//2753
f 6572//2753 6571//2753 6573//2753
f 6573//2754 6571//2754 6574//2754
f 6573//2754 6574//2754 6575//2754
f 6575//2755 6574//2755 6576//2755
f 6575//2755 6576//2755 6577//2755
f 6577//2756 6576//2756 6578//2756
f 6577//2756 6578//2756 6579//2756
f 6579//2757 6578//2757 6580//2757
f 6579//2757 6580//2757 6581//2757
f 6581//2758 6580//2758 6582//2758
f 6581//2759 6582//2759 6583//2759
f 6583//2760 6582//2760 6584//2760
f 6583//2760 6584//2760 6585//2760
f 6585//2761 6584//2761 6586//2761
f 6585//2761 6586//2761 6587//2761
f 6587//2762 6586//2762 6588//2762
f 6587//2762 6588//2762 6589//2762
f 6589//2763 6588//2763 6590//2763
f 6589//2763 6590//2763 6591//2763
f 6591//2764 6590//2764 6592//2764
f 6591//2765 6592//2765 6593//2765
f 6593//2766 6592//2766 6542//2766
f 6593//2766 6542//2766 6544//2766
f 6594//2767 6595//2767 6596//2767
f 6596//2767 6595//2767 6597//2767
f 6597//2768 6595//2768 6598//2768
f 6597//2768 6598//2768 6599//2768
f 6599//2769 6598//2769 6600//2769
f 6599//2769 6600//2769 6601//2769
f 6601//2770 6600//2770 6602//2770
f 6601//2770 6602//2770 6603//2770
f 6603//2771 6602//2771 6604//2771
f 6603//2771 6604//2771 6605//2771
f 6605//2398 6604//2398 6606//2398
f 6605//2398 6606//2398 6607//2398
f 6607//2772 6606//2772 6608//2772
f 6607//2772 6608//2772 6609//2772
f 6609//1823 6608//1823 6610//1823
f 6609//2773 6610//2773 6611//2773
f 6611//2774 6610//2774 6612//2774
f 6611//2774 6612//2774 6613//2774
f 6613//2775 6612//2775 6614//2775
f 6613//2776 6614//2776 6615//2776
f 6615//2777 6614//2777 6616//2777
f 6615//2777 6616//2777 6617//2777
f 6617//2778 6616//2778 6570//2778
f 6617//2778 6570//2778 6572//2778
f 6618//2779 6619//2779 6620//2779
f 6620//2779 6619//2779 6621//2779
f 6621//2780 6619//2780 6622//2780
f 6621//2780 6622//2780 6623//2780
f 6623//2781 6622//2781 6624//2781
f 6623//2781 6624//2781 6625//2781
f 6625//2782 6624//2782 6626//2782
f 6625//2782 6626//2782 6627//2782
f 6627//2783 6626//2783 6628//2783
f 6627//2783 6628//2783 6629//2783
f 6629//2784 6628//2784 6630//2784
f 6629//2784 6630//2784 6631//2784
f 6631//2785 6630//2785 6632//2785
f 6631//2785 6632//2785 6633//2785
f 6633//2786 6632//2786 6634//2786
f 6633//2786 6634//2786 6635//2786
f 6635//2787 6634//2787 6636//2787
f 6635//2787 6636//2787 6637//2787
f 6637//2788 6636//2788 6638//2788
f 6637//2788 6638//2788 6639//2788
f 6639//2789 6638//2789 6640//2789
f 6639//2789 6640//2789 6641//2789
f 6641//2790 6640//2790 6642//2790
f 6641//2790 6642//2790 6643//2790
f 6643//2791 6642//2791 6644//2791
f 6643//2791 6644//2791 6645//2791
f 6645//2792 6644//2792 6594//2792
f 6645//2792 6594//2792 6596//2792
f 6646//2793 6647//2793 6648//2793
f 6648//2793 6647//2793 6649//2793
f 6649//2794 6647//2794 6650//2794
f 6649//2795 6650//2795 6651//2795
f 6651//2796 6650//2796 6652//2796
f 6651//2796 6652//2796 6653//2796
f 6653//2797 6652//2797 6654//2797
f 6653//2797 6654//2797 6655//2797
f 6655//2798 6654//2798 6656//2798
f 6655//2798 6656//2798 6657//2798
f 6657//2799 6656//2799 6658//2799
f 6657//2799 6658//2799 6659//2799
f 6659//2800 6658//2800 6660//2800
f 6659//2800 6660//2800 6661//2800
f 6661//2801 6660//2801 6662//2801
f 6661//2801 6662//2801 6663//2801
f 6663//2802 6662//2802 6664//2802
f 6663//2803 6664//2803 6665//2803
f 6665//2804 6664//2804 6666//2804
f 6665//2805 6666//2805 6667//2805
f 6667//2806 6666//2806 6668//2806
f 6667//2806 6668//2806 6669//2806
f 6669//2807 6668//2807 6618//2807
f 6669//2807 6618//2807 6620//2807
f 6670//2808 6671//2808 6672//2808
f 6672//2808 6671//2808 6673//2808
f 6672//2809 6673//2809 6674//2809
f 6672//2809 6674//2809 6675//2809
f 6675//2810 6674//2810 6676//2810
f 6675//2810 6676//2810 6677//2810
f 6677//2811 6676//2811 6678//2811
f 6677//2811 6678//2811 6679//2811
f 6679//2812 6678//2812 6680//2812
f 6679//2812 6680//2812 6681//2812
f 6681//2813 6680//2813 6682//2813
f 6681//2813 6682//2813 6683//2813
f 6683//2814 6682//2814 6684//2814
f 6683//2814 6684//2814 6685//2814
f 6685//2815 6684//2815 6646//2815
f 6685//2816 6646//2816 6648//2816
f 6648//2815 6686//2815 6685//2815
f 6685//2814 6686//2814 6687//2814
f 6685//2814 6687//2814 6683//2814
f 6683//2813 6687//2813 6688//2813
f 6683//2813 6688//2813 6681//2813
f 6681//2812 6688//2812 6689//2812
f 6681//2812 6689//2812 6679//2812
f 6679//2811 6689//2811 6690//2811
f 6679//2811 6690//2811 6677//2811
f 6677//2810 6690//2810 6691//2810
f 6677//2810 6691//2810 6675//2810
f 6675//2809 6691//2809 6692//2809
f 6675//2809 6692//2809 6672//2809
f 6672//2808 6692//2808 6670//2808
f 6693//2817 6694//2817 6695//2817
f 6695//2817 6694//2817 6696//2817
f 6695//2817 6696//2817 6697//2817
f 6697//2817 6696//2817 6698//2817
f 6698//2818 6696//2818 6699//2818
f 6698//2818 6699//2818 6700//2818
f 6700//2819 6699//2819 6701//2819
f 6700//2819 6701//2819 6702//2819
f 6702//2820 6701//2820 6703//2820
f 6702//2820 6703//2820 6704//2820
f 6704//2821 6703//2821 6705//2821
f 6704//2821 6705//2821 6706//2821
f 6706//2822 6705//2822 6707//2822
f 6706//2823 6707//2823 6708//2823
f 6708//2824 6707//2824 6709//2824
f 6708//2824 6709//2824 6710//2824
f 6710//2825 6709//2825 6711//2825
f 6710//2825 6711//2825 6712//2825
f 6712//2826 6711//2826 6713//2826
f 6712//2826 6713//2826 6714//2826
f 6714//2827 6713//2827 6715//2827
f 6714//2828 6715//2828 6716//2828
f 6716//2829 6715//2829 6717//2829
f 6716//2829 6717//2829 6718//2829
f 6718//2830 6717//2830 6719//2830
f 6718//2831 6719//2831 6720//2831
f 6720//2832 6719//2832 6721//2832
f 6720//2832 6721//2832 6722//2832
f 6722//2833 6721//2833 6723//2833
f 6722//2833 6723//2833 6724//2833
f 6724//2834 6723//2834 6725//2834
f 6724//2834 6725//2834 6726//2834
f 6726//2835 6725//2835 6727//2835
f 6726//2835 6727//2835 6728//2835
f 6728//2836 6727//2836 6729//2836
f 6728//2837 6729//2837 6730//2837
f 6730//2838 6729//2838 6731//2838
f 6730//2839 6731//2839 6732//2839
f 6732//2840 6731//2840 6733//2840
f 6732//2840 6733//2840 6734//2840
f 6734//2841 6733//2841 6735//2841
f 6734//2841 6735//2841 6736//2841
f 6736//2842 6735//2842 6670//2842
f 6670//2843 6735//2843 6737//2843
f 6670//2842 6737//2842 6671//2842
f 6671//2842 6737//2842 6738//2842
f 6738//2841 6737//2841 6739//2841
f 6738//2841 6739//2841 6740//2841
f 6740//2840 6739//2840 6741//2840
f 6740//2840 6741//2840 6742//2840
f 6742//2839 6741//2839 6743//2839
f 6742//2838 6743//2838 6744//2838
f 6744//2837 6743//2837 6745//2837
f 6744//2836 6745//2836 6746//2836
f 6746//2835 6745//2835 6747//2835
f 6746//2835 6747//2835 6748//2835
f 6748//2834 6747//2834 6749//2834
f 6748//2834 6749//2834 6750//2834
f 6750//2833 6749//2833 6751//2833
f 6750//2833 6751//2833 6752//2833
f 6752//2832 6751//2832 6753//2832
f 6752//2832 6753//2832 6754//2832
f 6754//2831 6753//2831 6755//2831
f 6754//2830 6755//2830 6756//2830
f 6756//2829 6755//2829 6757//2829
f 6756//2829 6757//2829 6758//2829
f 6758//2828 6757//2828 6759//2828
f 6758//2827 6759//2827 6760//2827
f 6760//2826 6759//2826 6761//2826
f 6760//2826 6761//2826 6762//2826
f 6762//2825 6761//2825 6763//2825
f 6762//2825 6763//2825 6764//2825
f 6764//2824 6763//2824 6765//2824
f 6764//2824 6765//2824 6766//2824
f 6766//2823 6765//2823 6767//2823
f 6766//2822 6767//2822 6768//2822
f 6768//2821 6767//2821 6769//2821
f 6768//2821 6769//2821 6770//2821
f 6770//2820 6769//2820 6771//2820
f 6770//2820 6771//2820 6772//2820
f 6772//2819 6771//2819 6773//2819
f 6772//2819 6773//2819 6774//2819
f 6774//2818 6773//2818 6694//2818
f 6774//2818 6694//2818 6693//2818
f 6735//2841 6733//2841 6737//2841
f 6737//2841 6733//2841 6739//2841
f 6733//2840 6731//2840 6739//2840
f 6739//2840 6731//2840 6741//2840
f 6731//2839 6729//2839 6741//2839
f 6741//2838 6729//2838 6743//2838
f 6729//2837 6727//2837 6743//2837
f 6743//2836 6727//2836 6745//2836
f 6727//2835 6725//2835 6745//2835
f 6745//2835 6725//2835 6747//2835
f 6725//2834 6723//2834 6747//2834
f 6747//2834 6723//2834 6749//2834
f 6723//2833 6721//2833 6749//2833
f 6749//2833 6721//2833 6751//2833
f 6721//2832 6719//2832 6751//2832
f 6751//2832 6719//2832 6753//2832
f 6719//2831 6717//2831 6753//2831
f 6753//2830 6717//2830 6755//2830
f 6717//2829 6715//2829 6755//2829
f 6755//2829 6715//2829 6757//2829
f 6715//2828 6713//2828 6757//2828
f 6757//2827 6713//2827 6759//2827
f 6713//2826 6711//2826 6759//2826
f 6759//2826 6711//2826 6761//2826
f 6711//2825 6709//2825 6761//2825
f 6761//2825 6709//2825 6763//2825
f 6709//2824 6707//2824 6763//2824
f 6763//2824 6707//2824 6765//2824
f 6707//2823 6705//2823 6765//2823
f 6765//2822 6705//2822 6767//2822
f 6705//2821 6703//2821 6767//2821
f 6767//2821 6703//2821 6769//2821
f 6703//2820 6701//2820 6769//2820
f 6769//2820 6701//2820 6771//2820
f 6696//2818 6694//2818 6773//2818
f 6701//2819 6699//2819 6771//2819
f 6771//2819 6699//2819 6773//2819
f 6699//2818 6696//2818 6773//2818
f 6775//2844 6776//2844 6777//2844
f 6777//2844 6776//2844 6778//2844
f 6778//2845 6776//2845 6779//2845
f 6778//2845 6779//2845 6780//2845
f 6780//2846 6779//2846 6781//2846
f 6780//2846 6781//2846 6782//2846
f 6782//2847 6781//2847 6783//2847
f 6782//2848 6783//2848 6784//2848
f 6784//2849 6783//2849 6785//2849
f 6784//2849 6785//2849 6786//2849
f 6786//2850 6785//2850 6787//2850
f 6786//2851 6787//2851 6788//2851
f 6788//2852 6787//2852 6789//2852
f 6788//2853 6789//2853 6790//2853
f 6790//2854 6789//2854 6791//2854
f 6790//2854 6791//2854 6792//2854
f 6792//2855 6791//2855 6793//2855
f 6792//2855 6793//2855 6794//2855
f 6794//2856 6793//2856 6795//2856
f 6794//2856 6795//2856 6796//2856
f 6796//2857 6795//2857 6695//2857
f 6796//2857 6695//2857 6697//2857
f 6797//2858 6798//2858 6799//2858
f 6799//2858 6798//2858 6800//2858
f 6800//2859 6798//2859 6801//2859
f 6800//2860 6801//2860 6802//2860
f 6802//2861 6801//2861 6803//2861
f 6802//2861 6803//2861 6804//2861
f 6804//2862 6803//2862 6805//2862
f 6804//2862 6805//2862 6806//2862
f 6806//2863 6805//2863 6807//2863
f 6806//2863 6807//2863 6808//2863
f 6808//2864 6807//2864 6809//2864
f 6808//2865 6809//2865 6810//2865
f 6810//2866 6809//2866 6811//2866
f 6810//2866 6811//2866 6812//2866
f 6812//2867 6811//2867 6813//2867
f 6812//2867 6813//2867 6814//2867
f 6814//2868 6813//2868 6775//2868
f 6814//2868 6775//2868 6777//2868
f 6815//2869 6816//2869 6817//2869
f 6817//2869 6816//2869 6818//2869
f 6818//2870 6816//2870 6819//2870
f 6818//2870 6819//2870 6820//2870
f 6820//2743 6819//2743 6821//2743
f 6820//2743 6821//2743 6822//2743
f 6822//2871 6821//2871 6823//2871
f 6822//2871 6823//2871 6824//2871
f 6824//2872 6823//2872 6825//2872
f 6824//2872 6825//2872 6826//2872
f 6826//2873 6825//2873 6827//2873
f 6826//2873 6827//2873 6828//2873
f 6828//2874 6827//2874 6829//2874
f 6828//2874 6829//2874 6830//2874
f 6830//2875 6829//2875 6797//2875
f 6830//2875 6797//2875 6799//2875
f 6831//2876 6832//2876 6833//2876
f 6833//2876 6832//2876 6834//2876
f 6834//2877 6832//2877 6835//2877
f 6834//2878 6835//2878 6836//2878
f 6836//2879 6835//2879 6837//2879
f 6836//2879 6837//2879 6838//2879
f 6838//2880 6837//2880 6839//2880
f 6838//2881 6839//2881 6840//2881
f 6840//2882 6839//2882 6841//2882
f 6840//2883 6841//2883 6842//2883
f 6842//2884 6841//2884 6843//2884
f 6842//2884 6843//2884 6844//2884
f 6844//2885 6843//2885 6845//2885
f 6844//2885 6845//2885 6846//2885
f 6846//2886 6845//2886 6847//2886
f 6846//2887 6847//2887 6848//2887
f 6848//2888 6847//2888 6849//2888
f 6848//2889 6849//2889 6850//2889
f 6850//2890 6849//2890 6851//2890
f 6850//2890 6851//2890 6852//2890
f 6852//2891 6851//2891 6815//2891
f 6852//2891 6815//2891 6817//2891
f 6853//2892 6854//2892 6855//2892
f 6855//2892 6854//2892 6856//2892
f 6856//2893 6854//2893 6857//2893
f 6856//2894 6857//2894 6858//2894
f 6858//2895 6857//2895 6859//2895
f 6858//2895 6859//2895 6860//2895
f 6860//2896 6859//2896 6861//2896
f 6860//2896 6861//2896 6862//2896
f 6862//2897 6861//2897 6863//2897
f 6862//2898 6863//2898 6864//2898
f 6864//2899 6863//2899 6865//2899
f 6864//2900 6865//2900 6866//2900
f 6866//2901 6865//2901 6867//2901
f 6866//2902 6867//2902 6868//2902
f 6868//1565 6867//1565 6869//1565
f 6868//1565 6869//1565 6870//1565
f 6870//2903 6869//2903 6871//2903
f 6870//2904 6871//2904 6872//2904
f 6872//2905 6871//2905 6873//2905
f 6872//2905 6873//2905 6874//2905
f 6874//2906 6873//2906 6875//2906
f 6874//2906 6875//2906 6876//2906
f 6876//2907 6875//2907 6877//2907
f 6876//2907 6877//2907 6878//2907
f 6878//2908 6877//2908 6879//2908
f 6878//2908 6879//2908 6880//2908
f 6880//2909 6879//2909 6831//2909
f 6880//2909 6831//2909 6833//2909
f 6881//2910 6882//2910 6883//2910
f 6883//2910 6882//2910 6884//2910
f 6884//2911 6882//2911 6885//2911
f 6884//2911 6885//2911 6886//2911
f 6886//481 6885//481 6887//481
f 6886//481 6887//481 6888//481
f 6888//2912 6887//2912 6889//2912
f 6888//2912 6889//2912 6890//2912
f 6890//2913 6889//2913 6891//2913
f 6890//2913 6891//2913 6892//2913
f 6892//2914 6891//2914 6893//2914
f 6892//2914 6893//2914 6894//2914
f 6894//2915 6893//2915 6895//2915
f 6894//2915 6895//2915 6896//2915
f 6896//2916 6895//2916 6897//2916
f 6896//2916 6897//2916 6898//2916
f 6898//2917 6897//2917 6899//2917
f 6898//2917 6899//2917 6900//2917
f 6900//2918 6899//2918 6901//2918
f 6900//2918 6901//2918 6902//2918
f 6902//2919 6901//2919 6853//2919
f 6902//2919 6853//2919 6855//2919
f 6903//2920 6904//2920 6905//2920
f 6905//2920 6904//2920 6906//2920
f 6906//2921 6904//2921 6907//2921
f 6906//2922 6907//2922 6908//2922
f 6908//2923 6907//2923 6909//2923
f 6908//2923 6909//2923 6910//2923
f 6910//2924 6909//2924 6911//2924
f 6910//2925 6911//2925 6912//2925
f 6912//2926 6911//2926 6913//2926
f 6912//2926 6913//2926 6914//2926
f 6914//2927 6913//2927 6915//2927
f 6914//2927 6915//2927 6916//2927
f 6916//2928 6915//2928 6917//2928
f 6916//2928 6917//2928 6918//2928
f 6918//2929 6917//2929 6919//2929
f 6918//2929 6919//2929 6920//2929
f 6920//2930 6919//2930 6921//2930
f 6920//2930 6921//2930 6922//2930
f 6922//2931 6921//2931 6923//2931
f 6922//2931 6923//2931 6924//2931
f 6924//2932 6923//2932 6925//2932
f 6924//2932 6925//2932 6926//2932
f 6926//2933 6925//2933 6927//2933
f 6926//2933 6927//2933 6928//2933
f 6928//2934 6927//2934 6929//2934
f 6928//2934 6929//2934 6930//2934
f 6930//2935 6929//2935 6931//2935
f 6930//2935 6931//2935 6932//2935
f 6932//2936 6931//2936 6881//2936
f 6932//2936 6881//2936 6883//2936
f 6933//2937 6934//2937 6935//2937
f 6935//2937 6934//2937 6936//2937
f 6936//2938 6934//2938 6937//2938
f 6936//2938 6937//2938 6938//2938
f 6938//2939 6937//2939 6939//2939
f 6938//2939 6939//2939 6940//2939
f 6940//2940 6939//2940 6941//2940
f 6940//2940 6941//2940 6942//2940
f 6942//2941 6941//2941 6943//2941
f 6942//2941 6943//2941 6944//2941
f 6944//2942 6943//2942 6945//2942
f 6944//2942 6945//2942 6946//2942
f 6946//2341 6945//2341 6947//2341
f 6946//2341 6947//2341 6948//2341
f 6948//2943 6947//2943 6949//2943
f 6948//2943 6949//2943 6950//2943
f 6950//2944 6949//2944 6951//2944
f 6950//2944 6951//2944 6952//2944
f 6952//2945 6951//2945 6953//2945
f 6952//2946 6953//2946 6954//2946
f 6954//2947 6953//2947 6955//2947
f 6954//2948 6955//2948 6956//2948
f 6956//2949 6955//2949 6957//2949
f 6956//2949 6957//2949 6958//2949
f 6958//455 6957//455 6903//455
f 6958//455 6903//455 6905//455
f 6959//2950 6960//2950 6961//2950
f 6961//2751 6960//2751 6962//2751
f 6962//2951 6960//2951 6963//2951
f 6962//2952 6963//2952 6964//2952
f 6964//2953 6963//2953 6965//2953
f 6964//2953 6965//2953 6966//2953
f 6966//2954 6965//2954 6967//2954
f 6966//2955 6967//2955 6968//2955
f 6968//2956 6967//2956 6969//2956
f 6968//2956 6969//2956 6970//2956
f 6970//2957 6969//2957 6971//2957
f 6970//2958 6971//2958 6972//2958
f 6972//2959 6971//2959 6973//2959
f 6972//2959 6973//2959 6974//2959
f 6974//2168 6973//2168 6975//2168
f 6974//2168 6975//2168 6976//2168
f 6976//2960 6975//2960 6977//2960
f 6976//1978 6977//1978 6978//1978
f 6978//2961 6977//2961 6979//2961
f 6978//2961 6979//2961 6980//2961
f 6980//2962 6979//2962 6933//2962
f 6980//2962 6933//2962 6935//2962
f 6981//2963 6982//2963 6983//2963
f 6983//2963 6982//2963 6984//2963
f 6984//2964 6982//2964 6985//2964
f 6984//2964 6985//2964 6986//2964
f 6986//2965 6985//2965 6987//2965
f 6986//2966 6987//2966 6988//2966
f 6988//2967 6987//2967 6989//2967
f 6988//2967 6989//2967 6990//2967
f 6990//2968 6989//2968 6991//2968
f 6990//2968 6991//2968 6992//2968
f 6992//1689 6991//1689 6993//1689
f 6992//1689 6993//1689 6994//1689
f 6994//2952 6993//2952 6995//2952
f 6994//2952 6995//2952 6996//2952
f 6996//2969 6995//2969 6997//2969
f 6996//2970 6997//2970 6998//2970
f 6998//2971 6997//2971 6999//2971
f 6998//2971 6999//2971 7000//2971
f 7000//2972 6999//2972 7001//2972
f 7000//2973 7001//2973 7002//2973
f 7002//2974 7001//2974 6959//2974
f 7002//2975 6959//2975 6961//2975
f 7003//2976 7004//2976 7005//2976
f 7005//2976 7004//2976 7006//2976
f 7006//2977 7004//2977 7007//2977
f 7006//2977 7007//2977 7008//2977
f 7008//2978 7007//2978 7009//2978
f 7008//2978 7009//2978 7010//2978
f 7010//2979 7009//2979 7011//2979
f 7010//2979 7011//2979 7012//2979
f 7012//2980 7011//2980 7013//2980
f 7012//2980 7013//2980 7014//2980
f 7014//2981 7013//2981 7015//2981
f 7014//2981 7015//2981 7016//2981
f 7016//2982 7015//2982 7017//2982
f 7016//2982 7017//2982 7018//2982
f 7018//2983 7017//2983 7019//2983
f 7018//2983 7019//2983 7020//2983
f 7020//2984 7019//2984 7021//2984
f 7020//2984 7021//2984 7022//2984
f 7022//2985 7021//2985 7023//2985
f 7022//2985 7023//2985 7024//2985
f 7024//2986 7023//2986 7025//2986
f 7024//2986 7025//2986 7026//2986
f 7026//2987 7025//2987 7027//2987
f 7026//2988 7027//2988 7028//2988
f 7028//2989 7027//2989 7029//2989
f 7028//2990 7029//2990 7030//2990
f 7030//2991 7029//2991 7031//2991
f 7030//2991 7031//2991 7032//2991
f 7032//2992 7031//2992 7033//2992
f 7032//2992 7033//2992 7034//2992
f 7034//2993 7033//2993 7035//2993
f 7034//2993 7035//2993 7036//2993
f 7036//2994 7035//2994 7037//2994
f 7036//2994 7037//2994 7038//2994
f 7038//2995 7037//2995 7039//2995
f 7038//2995 7039//2995 7040//2995
f 7040//2996 7039//2996 7041//2996
f 7040//2996 7041//2996 7042//2996
f 7042//2997 7041//2997 6981//2997
f 7042//2998 6981//2998 6983//2998
f 7043//2999 7044//2999 7045//2999
f 7045//2999 7044//2999 7046//2999
f 7046//3000 7044//3000 7047//3000
f 7046//3000 7047//3000 7048//3000
f 7048//3001 7047//3001 7049//3001
f 7048//3001 7049//3001 7050//3001
f 7050//409 7049//409 7051//409
f 7050//409 7051//409 7052//409
f 7052//3002 7051//3002 7053//3002
f 7052//3002 7053//3002 7054//3002
f 7054//3003 7053//3003 7055//3003
f 7054//3003 7055//3003 7056//3003
f 7056//3004 7055//3004 7057//3004
f 7056//3004 7057//3004 7058//3004
f 7058//3005 7057//3005 7059//3005
f 7058//3006 7059//3006 7060//3006
f 7060//3007 7059//3007 7061//3007
f 7060//3008 7061//3008 7062//3008
f 7062//3009 7061//3009 7063//3009
f 7062//3010 7063//3010 7064//3010
f 7064//3011 7063//3011 7065//3011
f 7064//3011 7065//3011 7066//3011
f 7066//3012 7065//3012 7067//3012
f 7066//3012 7067//3012 7068//3012
f 7068//3013 7067//3013 7069//3013
f 7068//3013 7069//3013 7070//3013
f 7070//3014 7069//3014 7071//3014
f 7070//3014 7071//3014 7072//3014
f 7072//3015 7071//3015 7073//3015
f 7072//3016 7073//3016 7074//3016
f 7074//3017 7073//3017 7075//3017
f 7074//3017 7075//3017 7076//3017
f 7076//3018 7075//3018 7077//3018
f 7076//3018 7077//3018 7078//3018
f 7078//3019 7077//3019 7079//3019
f 7078//3019 7079//3019 7080//3019
f 7080//3020 7079//3020 7081//3020
f 7080//3020 7081//3020 7082//3020
f 7082//3021 7081//3021 7083//3021
f 7082//3021 7083//3021 7084//3021
f 7084//3022 7083//3022 7085//3022
f 7084//3022 7085//3022 7086//3022
f 7086//3023 7085//3023 7087//3023
f 7086//3023 7087//3023 7088//3023
f 7088//3024 7087//3024 7089//3024
f 7088//3024 7089//3024 7090//3024
f 7090//3025 7089//3025 7091//3025
f 7090//3025 7091//3025 7092//3025
f 7092//3026 7091//3026 7003//3026
f 7092//3026 7003//3026 7005//3026
f 7093//3027 7094//3027 7095//3027
f 7095//3027 7094//3027 7096//3027
f 7096//3028 7094//3028 7097//3028
f 7096//756 7097//756 7098//756
f 7098//3029 7097//3029 7099//3029
f 7098//3029 7099//3029 7100//3029
f 7100//3030 7099//3030 7101//3030
f 7100//3030 7101//3030 7102//3030
f 7102//3031 7101//3031 7103//3031
f 7102//3032 7103//3032 7104//3032
f 7104//3033 7103//3033 7105//3033
f 7104//3033 7105//3033 7106//3033
f 7106//3034 7105//3034 7107//3034
f 7106//3034 7107//3034 7108//3034
f 7108//3035 7107//3035 7109//3035
f 7108//3035 7109//3035 7110//3035
f 7110//3036 7109//3036 7111//3036
f 7110//3036 7111//3036 7112//3036
f 7112//3037 7111//3037 7113//3037
f 7112//3038 7113//3038 7114//3038
f 7114//3039 7113//3039 7115//3039
f 7114//3039 7115//3039 7116//3039
f 7116//3040 7115//3040 7117//3040
f 7116//3040 7117//3040 7118//3040
f 7118//3041 7117//3041 7119//3041
f 7118//3041 7119//3041 7120//3041
f 7120//3042 7119//3042 7121//3042
f 7120//3042 7121//3042 7122//3042
f 7122//3043 7121//3043 7123//3043
f 7122//3043 7123//3043 7124//3043
f 7124//3044 7123//3044 7125//3044
f 7124//3044 7125//3044 7126//3044
f 7126//3045 7125//3045 7127//3045
f 7126//3045 7127//3045 7128//3045
f 7128//3046 7127//3046 7129//3046
f 7128//3046 7129//3046 7130//3046
f 7130//3047 7129//3047 7043//3047
f 7130//3047 7043//3047 7045//3047
f 7131//3048 7132//3048 7133//3048
f 7133//3048 7132//3048 7134//3048
f 7134//3049 7132//3049 7135//3049
f 7134//3050 7135//3050 7136//3050
f 7136//3051 7135//3051 7137//3051
f 7136//3051 7137//3051 7138//3051
f 7138//3052 7137//3052 7139//3052
f 7138//3053 7139//3053 7140//3053
f 7140//3054 7139//3054 7141//3054
f 7140//3054 7141//3054 7142//3054
f 7142//3055 7141//3055 7143//3055
f 7142//3055 7143//3055 7144//3055
f 7144//3056 7143//3056 7145//3056
f 7144//3057 7145//3057 7146//3057
f 7146//3058 7145//3058 7147//3058
f 7146//3058 7147//3058 7148//3058
f 7148//3059 7147//3059 7149//3059
f 7148//3060 7149//3060 7150//3060
f 7150//3061 7149//3061 7151//3061
f 7150//3061 7151//3061 7152//3061
f 7152//3062 7151//3062 7153//3062
f 7152//3063 7153//3063 7154//3063
f 7154//3064 7153//3064 7155//3064
f 7154//3065 7155//3065 7156//3065
f 7156//3066 7155//3066 7157//3066
f 7156//3066 7157//3066 7158//3066
f 7158//629 7157//629 7159//629
f 7158//629 7159//629 7160//629
f 7160//3067 7159//3067 7161//3067
f 7160//3067 7161//3067 7162//3067
f 7162//3068 7161//3068 7093//3068
f 7162//3068 7093//3068 7095//3068
f 7163//3069 7164//3069 7165//3069
f 7165//3070 7164//3070 7166//3070
f 7166//3071 7164//3071 7167//3071
f 7166//3072 7167//3072 7168//3072
f 7168//3073 7167//3073 7169//3073
f 7168//3074 7169//3074 7170//3074
f 7170//3075 7169//3075 7171//3075
f 7170//3075 7171//3075 7172//3075
f 7172//1122 7171//1122 7173//1122
f 7172//1122 7173//1122 7174//1122
f 7174//3076 7173//3076 7175//3076
f 7174//3076 7175//3076 7176//3076
f 7176//3077 7175//3077 7177//3077
f 7176//3077 7177//3077 7178//3077
f 7178//3078 7177//3078 7179//3078
f 7178//3079 7179//3079 7180//3079
f 7180//335 7179//335 7181//335
f 7180//335 7181//335 7182//335
f 7182//3080 7181//3080 7183//3080
f 7182//3080 7183//3080 7184//3080
f 7184//3081 7183//3081 7185//3081
f 7184//126 7185//126 7186//126
f 7186//3082 7185//3082 7187//3082
f 7186//3083 7187//3083 7188//3083
f 7188//3084 7187//3084 7189//3084
f 7188//3084 7189//3084 7190//3084
f 7190//2 7189//2 7191//2
f 7190//2 7191//2 7192//2
f 7192//2 7191//2 7193//2
f 7192//2 7193//2 7194//2
f 7194//2 7193//2 7195//2
f 7194//2 7195//2 7196//2
f 7196//2 7195//2 7197//2
f 7196//2 7197//2 7198//2
f 7198//2 7197//2 7199//2
f 7198//2 7199//2 7200//2
f 7200//2 7199//2 7201//2
f 7200//2 7201//2 7202//2
f 7202//2 7201//2 7203//2
f 7202//2 7203//2 7204//2
f 7204//2 7203//2 7131//2
f 7204//2 7131//2 7133//2
f 7205//3085 7206//3085 7207//3085
f 7207//3085 7206//3085 7208//3085
f 7208//3086 7206//3086 7209//3086
f 7208//3086 7209//3086 7210//3086
f 7210//3087 7209//3087 7211//3087
f 7210//3087 7211//3087 7212//3087
f 7212//3088 7211//3088 7213//3088
f 7212//3088 7213//3088 7214//3088
f 7214//3089 7213//3089 7215//3089
f 7214//3089 7215//3089 7216//3089
f 7216//3090 7215//3090 7217//3090
f 7216//3090 7217//3090 7218//3090
f 7218//3091 7217//3091 7219//3091
f 7218//3091 7219//3091 7220//3091
f 7220//3092 7219//3092 7221//3092
f 7220//3092 7221//3092 7222//3092
f 7222//3093 7221//3093 7223//3093
f 7222//3093 7223//3093 7224//3093
f 7224//3094 7223//3094 7225//3094
f 7224//3094 7225//3094 7226//3094
f 7226//3095 7225//3095 7227//3095
f 7226//3095 7227//3095 7228//3095
f 7228//3096 7227//3096 7229//3096
f 7228//3096 7229//3096 7230//3096
f 7230//3097 7229//3097 7231//3097
f 7230//3098 7231//3098 7232//3098
f 7232//3099 7231//3099 7163//3099
f 7232//3099 7163//3099 7165//3099
f 7233//3100 7234//3100 7235//3100
f 7235//3100 7234//3100 7236//3100
f 7236//3101 7234//3101 7237//3101
f 7236//3101 7237//3101 7238//3101
f 7238//3102 7237//3102 7239//3102
f 7238//3102 7239//3102 7240//3102
f 7240//3103 7239//3103 7241//3103
f 7240//3103 7241//3103 7242//3103
f 7242//3104 7241//3104 7243//3104
f 7242//3104 7243//3104 7244//3104
f 7244//3105 7243//3105 7245//3105
f 7244//3105 7245//3105 7246//3105
f 7246//3106 7245//3106 7247//3106
f 7246//3106 7247//3106 7248//3106
f 7248//3107 7247//3107 7249//3107
f 7248//3107 7249//3107 7250//3107
f 7250//3108 7249//3108 7251//3108
f 7250//3108 7251//3108 7252//3108
f 7252//3109 7251//3109 7253//3109
f 7252//3110 7253//3110 7254//3110
f 7254//3111 7253//3111 7255//3111
f 7254//3111 7255//3111 7256//3111
f 7256//3112 7255//3112 7257//3112
f 7256//3113 7257//3113 7258//3113
f 7258//3114 7257//3114 7259//3114
f 7258//3114 7259//3114 7260//3114
f 7260//3115 7259//3115 7261//3115
f 7260//3115 7261//3115 7262//3115
f 7262//3116 7261//3116 7263//3116
f 7262//3116 7263//3116 7264//3116
f 7264//3117 7263//3117 7205//3117
f 7264//3117 7205//3117 7207//3117
f 7265//3118 7266//3118 7267//3118
f 7267//3118 7266//3118 7268//3118
f 7268//3119 7266//3119 7269//3119
f 7268//3120 7269//3120 7270//3120
f 7270//3121 7269//3121 7271//3121
f 7270//3122 7271//3122 7272//3122
f 7272//3123 7271//3123 7273//3123
f 7272//3123 7273//3123 7274//3123
f 7274//3124 7273//3124 7275//3124
f 7274//3124 7275//3124 7276//3124
f 7276//3125 7275//3125 7277//3125
f 7276//3125 7277//3125 7278//3125
f 7278//3126 7277//3126 7279//3126
f 7278//3126 7279//3126 7280//3126
f 7280//3127 7279//3127 7281//3127
f 7280//3128 7281//3128 7282//3128
f 7282//3129 7281//3129 7283//3129
f 7282//3129 7283//3129 7284//3129
f 7284//3130 7283//3130 7285//3130
f 7284//3130 7285//3130 7286//3130
f 7286//3131 7285//3131 7287//3131
f 7286//3131 7287//3131 7288//3131
f 7288//3132 7287//3132 7233//3132
f 7288//3132 7233//3132 7235//3132
f 7289//3133 7290//3133 7291//3133
f 7291//3133 7290//3133 7292//3133
f 7291//3134 7292//3134 7293//3134
f 7293//3135 7292//3135 7294//3135
f 7293//3136 7294//3136 7295//3136
f 7295//3137 7294//3137 7296//3137
f 7295//3137 7296//3137 7297//3137
f 7297//3138 7296//3138 7298//3138
f 7297//3139 7298//3139 7299//3139
f 7299//3140 7298//3140 7300//3140
f 7299//3140 7300//3140 7301//3140
f 7301//3141 7300//3141 7302//3141
f 7301//3142 7302//3142 7303//3142
f 7303//3143 7302//3143 7304//3143
f 7303//3143 7304//3143 7305//3143
f 7305//3144 7304//3144 7306//3144
f 7305//3144 7306//3144 7307//3144
f 7307//3145 7306//3145 7308//3145
f 7307//3146 7308//3146 7309//3146
f 7309//3147 7308//3147 7310//3147
f 7309//3147 7310//3147 7311//3147
f 7311//3148 7310//3148 7312//3148
f 7311//3149 7312//3149 7313//3149
f 7313//3150 7312//3150 7314//3150
f 7313//3150 7314//3150 7315//3150
f 7315//3151 7314//3151 7316//3151
f 7315//3152 7316//3152 7317//3152
f 7317//3153 7316//3153 7318//3153
f 7317//3154 7318//3154 7319//3154
f 7319//3155 7318//3155 7320//3155
f 7319//3156 7320//3156 7321//3156
f 7321//1669 7320//1669 7322//1669
f 7321//1669 7322//1669 7323//1669
f 7323//3157 7322//3157 7324//3157
f 7323//3158 7324//3158 7325//3158
f 7325//3159 7324//3159 7326//3159
f 7325//3159 7326//3159 7327//3159
f 7327//3160 7326//3160 7328//3160
f 7327//3161 7328//3161 7329//3161
f 7329//3162 7328//3162 7330//3162
f 7329//3163 7330//3163 7331//3163
f 7331//3164 7330//3164 7332//3164
f 7331//3164 7332//3164 7333//3164
f 7333//3165 7332//3165 7334//3165
f 7333//3165 7334//3165 7335//3165
f 7335//3166 7334//3166 7336//3166
f 7335//3166 7336//3166 7337//3166
f 7337//3167 7336//3167 7338//3167
f 7337//3168 7338//3168 7339//3168
f 7339//3169 7338//3169 7340//3169
f 7339//3170 7340//3170 7341//3170
f 7341//3171 7340//3171 7342//3171
f 7341//3172 7342//3172 7343//3172
f 7343//3173 7342//3173 7344//3173
f 7343//3173 7344//3173 7345//3173
f 7345//3174 7344//3174 7346//3174
f 7345//3174 7346//3174 7347//3174
f 7347//3175 7346//3175 7348//3175
f 7347//3176 7348//3176 7349//3176
f 7349//3177 7348//3177 7265//3177
f 7349//3178 7265//3178 7350//3178
f 7350//3179 7265//3179 7267//3179
f 7350//3178 7267//3178 7351//3178
f 7351//3177 7267//3177 7352//3177
f 7351//3176 7352//3176 7353//3176
f 7353//3175 7352//3175 7354//3175
f 7353//3174 7354//3174 7355//3174
f 7355//3174 7354//3174 7356//3174
f 7355//3173 7356//3173 7357//3173
f 7289//3135 7358//3135 7290//3135
f 7290//3136 7358//3136 7359//3136
f 7290//3135 7359//3135 7292//3135
f 7292//3136 7359//3136 7294//3136
f 7358//3137 7360//3137 7359//3137
f 7359//3137 7360//3137 7361//3137
f 7359//3137 7361//3137 7294//3137
f 7294//3137 7361//3137 7296//3137
f 7360//3138 7362//3138 7361//3138
f 7361//3139 7362//3139 7363//3139
f 7361//3138 7363//3138 7296//3138
f 7296//3139 7363//3139 7298//3139
f 7362//3140 7364//3140 7363//3140
f 7363//3140 7364//3140 7365//3140
f 7363//3140 7365//3140 7298//3140
f 7298//3140 7365//3140 7300//3140
f 7364//3141 7366//3141 7365//3141
f 7365//3142 7366//3142 7367//3142
f 7365//3141 7367//3141 7300//3141
f 7300//3142 7367//3142 7302//3142
f 7366//3143 7368//3143 7367//3143
f 7367//3143 7368//3143 7369//3143
f 7367//3143 7369//3143 7302//3143
f 7302//3143 7369//3143 7304//3143
f 7368//3144 7370//3144 7369//3144
f 7369//3144 7370//3144 7371//3144
f 7369//3144 7371//3144 7304//3144
f 7304//3144 7371//3144 7306//3144
f 7370//3145 7372//3145 7371//3145
f 7371//3146 7372//3146 7373//3146
f 7371//3145 7373//3145 7306//3145
f 7306//3146 7373//3146 7308//3146
f 7372//3147 7374//3147 7373//3147
f 7373//3147 7374//3147 7375//3147
f 7373//3147 7375//3147 7308//3147
f 7308//3147 7375//3147 7310//3147
f 7374//3148 7376//3148 7375//3148
f 7375//3149 7376//3149 7377//3149
f 7375//3148 7377//3148 7310//3148
f 7310//3149 7377//3149 7312//3149
f 7376//3150 7378//3150 7377//3150
f 7377//3150 7378//3150 7379//3150
f 7377//3150 7379//3150 7312//3150
f 7312//3150 7379//3150 7314//3150
f 7378//3151 7380//3151 7379//3151
f 7379//3152 7380//3152 7381//3152
f 7379//3151 7381//3151 7314//3151
f 7314//3152 7381//3152 7316//3152
f 7380//3153 7382//3153 7381//3153
f 7381//3154 7382//3154 7383//3154
f 7381//3153 7383//3153 7316//3153
f 7316//3154 7383//3154 7318//3154
f 7382//3155 7384//3155 7383//3155
f 7383//3156 7384//3156 7385//3156
f 7383//3155 7385//3155 7318//3155
f 7318//3156 7385//3156 7320//3156
f 7384//1669 7386//1669 7385//1669
f 7385//1669 7386//1669 7387//1669
f 7385//1669 7387//1669 7320//1669
f 7320//1669 7387//1669 7322//1669
f 7386//3157 7388//3157 7387//3157
f 7387//3158 7388//3158 7389//3158
f 7387//3157 7389//3157 7322//3157
f 7322//3158 7389//3158 7324//3158
f 7388//3159 7390//3159 7389//3159
f 7389//3159 7390//3159 7391//3159
f 7389//3159 7391//3159 7324//3159
f 7324//3159 7391//3159 7326//3159
f 7390//3160 7392//3160 7391//3160
f 7391//3161 7392//3161 7393//3161
f 7391//3160 7393//3160 7326//3160
f 7326//3161 7393//3161 7328//3161
f 7392//3162 7394//3162 7393//3162
f 7393//3163 7394//3163 7395//3163
f 7393//3162 7395//3162 7328//3162
f 7328//3163 7395//3163 7330//3163
f 7394//3164 7396//3164 7395//3164
f 7395//3164 7396//3164 7397//3164
f 7395//3164 7397//3164 7330//3164
f 7330//3164 7397//3164 7332//3164
f 7396//3165 7398//3165 7397//3165
f 7397//3165 7398//3165 7399//3165
f 7397//3165 7399//3165 7332//3165
f 7332//3165 7399//3165 7334//3165
f 7398//3166 7400//3166 7399//3166
f 7399//3166 7400//3166 7401//3166
f 7399//3166 7401//3166 7334//3166
f 7334//3166 7401//3166 7336//3166
f 7400//3167 7402//3167 7401//3167
f 7401//3168 7402//3168 7403//3168
f 7401//3167 7403//3167 7336//3167
f 7336//3168 7403//3168 7338//3168
f 7402//3169 7404//3169 7403//3169
f 7403//3170 7404//3170 7405//3170
f 7403//3169 7405//3169 7338//3169
f 7338//3170 7405//3170 7340//3170
f 7404//3171 7406//3171 7405//3171
f 7405//3172 7406//3172 7407//3172
f 7405//3171 7407//3171 7340//3171
f 7340//3172 7407//3172 7342//3172
f 7406//3173 7408//3173 7407//3173
f 7407//3173 7408//3173 7409//3173
f 7407//3173 7409//3173 7342//3173
f 7342//3173 7409//3173 7344//3173
f 7408//3174 7410//3174 7409//3174
f 7409//3174 7410//3174 7411//3174
f 7409//3174 7411//3174 7344//3174
f 7344//3174 7411//3174 7346//3174
f 7410//3175 7412//3175 7411//3175
f 7411//3176 7412//3176 7413//3176
f 7411//3175 7413//3175 7346//3175
f 7346//3176 7413//3176 7348//3176
f 7412//3179 7265//3179 7413//3179
f 7413//3179 7265//3179 7348//3179
f 7352//3179 7267//3179 7414//3179
f 7414//3179 7267//3179 7415//3179
f 7414//3176 7415//3176 7416//3176
f 7414//3175 7416//3175 7354//3175
f 7354//3174 7416//3174 7356//3174
f 7355//3173 7357//3173 7417//3173
f 7417//3172 7357//3172 7418//3172
f 7417//3171 7418//3171 7419//3171
f 7419//3170 7418//3170 7420//3170
f 7419//3169 7420//3169 7421//3169
f 7421//3168 7420//3168 7422//3168
f 7421//3167 7422//3167 7423//3167
f 7423//3166 7422//3166 7424//3166
f 7423//3166 7424//3166 7425//3166
f 7425//3165 7424//3165 7426//3165
f 7425//3165 7426//3165 7427//3165
f 7427//3164 7426//3164 7428//3164
f 7427//3164 7428//3164 7429//3164
f 7429//3163 7428//3163 7430//3163
f 7429//3162 7430//3162 7431//3162
f 7431//3161 7430//3161 7432//3161
f 7431//3160 7432//3160 7433//3160
f 7433//3159 7432//3159 7434//3159
f 7433//3159 7434//3159 7435//3159
f 7435//3158 7434//3158 7436//3158
f 7435//3157 7436//3157 7437//3157
f 7437//1669 7436//1669 7438//1669
f 7437//1669 7438//1669 7439//1669
f 7439//3156 7438//3156 7440//3156
f 7439//3155 7440//3155 7441//3155
f 7441//3154 7440//3154 7442//3154
f 7441//3153 7442//3153 7443//3153
f 7443//3152 7442//3152 7444//3152
f 7443//3151 7444//3151 7445//3151
f 7445//3150 7444//3150 7446//3150
f 7445//3150 7446//3150 7447//3150
f 7447//3149 7446//3149 7448//3149
f 7447//3148 7448//3148 7449//3148
f 7449//3147 7448//3147 7450//3147
f 7449//3147 7450//3147 7451//3147
f 7451//3146 7450//3146 7452//3146
f 7451//3145 7452//3145 7453//3145
f 7453//3144 7452//3144 7454//3144
f 7453//3144 7454//3144 7455//3144
f 7455//3143 7454//3143 7456//3143
f 7455//3143 7456//3143 7457//3143
f 7457//3142 7456//3142 7458//3142
f 7457//3141 7458//3141 7459//3141
f 7459//3140 7458//3140 7460//3140
f 7459//3140 7460//3140 7461//3140
f 7461//3139 7460//3139 7462//3139
f 7461//3138 7462//3138 7463//3138
f 7463//3137 7462//3137 7464//3137
f 7463//3137 7464//3137 7465//3137
f 7465//3136 7464//3136 7466//3136
f 7465//3135 7466//3135 7467//3135
f 7467//3133 7466//3133 7468//3133
f 7467//3180 7468//3180 7469//3180
f 7469//3180 7468//3180 7470//3180
f 7469//3135 7470//3135 7471//3135
f 7471//3136 7470//3136 7472//3136
f 7471//3137 7472//3137 7473//3137
f 7473//3137 7472//3137 7297//3137
f 7473//3138 7297//3138 7299//3138
f 7470//3181 7468//3181 7474//3181
f 7474//3133 7468//3133 7291//3133
f 7474//3181 7291//3181 7293//3181
f 7472//3135 7470//3135 7474//3135
f 7354//3176 7352//3176 7414//3176
f 7465//3136 7467//3136 7475//3136
f 7475//3135 7467//3135 7469//3135
f 7475//3136 7469//3136 7471//3136
f 7463//3137 7465//3137 7476//3137
f 7476//3137 7465//3137 7475//3137
f 7476//3137 7475//3137 7477//3137
f 7477//3137 7475//3137 7471//3137
f 7477//3137 7471//3137 7473//3137
f 7461//3139 7463//3139 7478//3139
f 7478//3138 7463//3138 7476//3138
f 7478//3139 7476//3139 7479//3139
f 7479//3138 7476//3138 7477//3138
f 7479//3139 7477//3139 7480//3139
f 7480//3138 7477//3138 7473//3138
f 7480//3139 7473//3139 7299//3139
f 7459//3140 7461//3140 7481//3140
f 7481//3140 7461//3140 7478//3140
f 7481//3140 7478//3140 7482//3140
f 7482//3140 7478//3140 7479//3140
f 7482//3140 7479//3140 7483//3140
f 7483//3140 7479//3140 7480//3140
f 7483//3140 7480//3140 7301//3140
f 7301//3140 7480//3140 7299//3140
f 7457//3142 7459//3142 7484//3142
f 7484//3141 7459//3141 7481//3141
f 7484//3142 7481//3142 7485//3142
f 7485//3141 7481//3141 7482//3141
f 7485//3142 7482//3142 7486//3142
f 7486//3141 7482//3141 7483//3141
f 7486//3142 7483//3142 7303//3142
f 7303//3141 7483//3141 7301//3141
f 7455//3143 7457//3143 7487//3143
f 7487//3143 7457//3143 7484//3143
f 7487//3143 7484//3143 7488//3143
f 7488//3143 7484//3143 7485//3143
f 7488//3143 7485//3143 7489//3143
f 7489//3143 7485//3143 7486//3143
f 7489//3143 7486//3143 7305//3143
f 7305//3143 7486//3143 7303//3143
f 7453//3144 7455//3144 7490//3144
f 7490//3144 7455//3144 7487//3144
f 7490//3144 7487//3144 7491//3144
f 7491//3144 7487//3144 7488//3144
f 7491//3144 7488//3144 7492//3144
f 7492//3144 7488//3144 7489//3144
f 7492//3144 7489//3144 7307//3144
f 7307//3144 7489//3144 7305//3144
f 7451//3146 7453//3146 7493//3146
f 7493//3145 7453//3145 7490//3145
f 7493//3146 7490//3146 7494//3146
f 7494//3145 7490//3145 7491//3145
f 7494//3146 7491//3146 7495//3146
f 7495//3145 7491//3145 7492//3145
f 7495//3146 7492//3146 7309//3146
f 7309//3145 7492//3145 7307//3145
f 7449//3147 7451//3147 7496//3147
f 7496//3147 7451//3147 7493//3147
f 7496//3147 7493//3147 7497//3147
f 7497//3147 7493//3147 7494//3147
f 7497//3147 7494//3147 7498//3147
f 7498//3147 7494//3147 7495//3147
f 7498//3147 7495//3147 7311//3147
f 7311//3147 7495//3147 7309//3147
f 7447//3149 7449//3149 7499//3149
f 7499//3148 7449//3148 7496//3148
f 7499//3149 7496//3149 7500//3149
f 7500//3148 7496//3148 7497//3148
f 7500//3149 7497//3149 7501//3149
f 7501//3148 7497//3148 7498//3148
f 7501//3149 7498//3149 7313//3149
f 7313//3148 7498//3148 7311//3148
f 7445//3150 7447//3150 7502//3150
f 7502//3150 7447//3150 7499//3150
f 7502//3150 7499//3150 7503//3150
f 7503//3150 7499//3150 7500//3150
f 7503//3150 7500//3150 7504//3150
f 7504//3150 7500//3150 7501//3150
f 7504//3150 7501//3150 7315//3150
f 7315//3150 7501//3150 7313//3150
f 7443//3152 7445//3152 7505//3152
f 7505//3151 7445//3151 7502//3151
f 7505//3152 7502//3152 7506//3152
f 7506//3151 7502//3151 7503//3151
f 7506//3152 7503//3152 7507//3152
f 7507//3151 7503//3151 7504//3151
f 7507//3152 7504//3152 7317//3152
f 7317//3151 7504//3151 7315//3151
f 7441//3154 7443//3154 7508//3154
f 7508//3153 7443//3153 7505//3153
f 7508//3154 7505//3154 7509//3154
f 7509//3153 7505//3153 7506//3153
f 7509//3154 7506//3154 7510//3154
f 7510//3153 7506//3153 7507//3153
f 7510//3154 7507//3154 7319//3154
f 7319//3153 7507//3153 7317//3153
f 7439//3156 7441//3156 7511//3156
f 7511//3155 7441//3155 7508//3155
f 7511//3156 7508//3156 7512//3156
f 7512//3155 7508//3155 7509//3155
f 7512//3156 7509//3156 7513//3156
f 7513//3155 7509//3155 7510//3155
f 7513//3156 7510//3156 7321//3156
f 7321//3155 7510//3155 7319//3155
f 7437//1669 7439//1669 7514//1669
f 7514//1669 7439//1669 7511//1669
f 7514//1669 7511//1669 7515//1669
f 7515//1669 7511//1669 7512//1669
f 7515//1669 7512//1669 7516//1669
f 7516//1669 7512//1669 7513//1669
f 7516//1669 7513//1669 7323//1669
f 7323//1669 7513//1669 7321//1669
f 7435//3158 7437//3158 7517//3158
f 7517//3157 7437//3157 7514//3157
f 7517//3158 7514//3158 7518//3158
f 7518//3157 7514//3157 7515//3157
f 7518//3158 7515//3158 7519//3158
f 7519//3157 7515//3157 7516//3157
f 7519//3158 7516//3158 7325//3158
f 7325//3157 7516//3157 7323//3157
f 7433//3159 7435//3159 7520//3159
f 7520//3159 7435//3159 7517//3159
f 7520//3159 7517//3159 7521//3159
f 7521//3159 7517//3159 7518//3159
f 7521//3159 7518//3159 7522//3159
f 7522//3159 7518//3159 7519//3159
f 7522//3159 7519//3159 7327//3159
f 7327//3159 7519//3159 7325//3159
f 7431//3161 7433//3161 7523//3161
f 7523//3160 7433//3160 7520//3160
f 7523//3161 7520//3161 7524//3161
f 7524//3160 7520//3160 7521//3160
f 7524//3161 7521//3161 7525//3161
f 7525//3160 7521//3160 7522//3160
f 7525//3161 7522//3161 7329//3161
f 7329//3160 7522//3160 7327//3160
f 7429//3163 7431//3163 7526//3163
f 7526//3162 7431//3162 7523//3162
f 7526//3163 7523//3163 7527//3163
f 7527//3162 7523//3162 7524//3162
f 7527//3163 7524//3163 7528//3163
f 7528//3162 7524//3162 7525//3162
f 7528//3163 7525//3163 7331//3163
f 7331//3162 7525//3162 7329//3162
f 7427//3164 7429//3164 7529//3164
f 7529//3164 7429//3164 7526//3164
f 7529//3164 7526//3164 7530//3164
f 7530//3164 7526//3164 7527//3164
f 7530//3164 7527//3164 7531//3164
f 7531//3164 7527//3164 7528//3164
f 7531//3164 7528//3164 7333//3164
f 7333//3164 7528//3164 7331//3164
f 7425//3165 7427//3165 7532//3165
f 7532//3165 7427//3165 7529//3165
f 7532//3165 7529//3165 7533//3165
f 7533//3165 7529//3165 7530//3165
f 7533//3165 7530//3165 7534//3165
f 7534//3165 7530//3165 7531//3165
f 7534//3165 7531//3165 7335//3165
f 7335//3165 7531//3165 7333//3165
f 7423//3166 7425//3166 7535//3166
f 7535//3166 7425//3166 7532//3166
f 7535//3166 7532//3166 7536//3166
f 7536//3166 7532//3166 7533//3166
f 7536//3166 7533//3166 7537//3166
f 7537//3166 7533//3166 7534//3166
f 7537//3166 7534//3166 7337//3166
f 7337//3166 7534//3166 7335//3166
f 7421//3168 7423//3168 7538//3168
f 7538//3167 7423//3167 7535//3167
f 7538//3168 7535//3168 7539//3168
f 7539//3167 7535//3167 7536//3167
f 7539//3168 7536//3168 7540//3168
f 7540//3167 7536//3167 7537//3167
f 7540//3168 7537//3168 7339//3168
f 7339//3167 7537//3167 7337//3167
f 7419//3170 7421//3170 7541//3170
f 7541//3169 7421//3169 7538//3169
f 7541//3170 7538//3170 7542//3170
f 7542//3169 7538//3169 7539//3169
f 7542//3170 7539//3170 7543//3170
f 7543//3169 7539//3169 7540//3169
f 7543//3170 7540//3170 7341//3170
f 7341//3169 7540//3169 7339//3169
f 7417//3172 7419//3172 7544//3172
f 7544//3171 7419//3171 7541//3171
f 7544//3172 7541//3172 7545//3172
f 7545//3171 7541//3171 7542//3171
f 7545//3172 7542//3172 7546//3172
f 7546//3171 7542//3171 7543//3171
f 7546//3172 7543//3172 7343//3172
f 7343//3171 7543//3171 7341//3171
f 7355//3173 7417//3173 7547//3173
f 7547//3173 7417//3173 7544//3173
f 7547//3173 7544//3173 7548//3173
f 7548//3173 7544//3173 7545//3173
f 7548//3173 7545//3173 7549//3173
f 7549//3173 7545//3173 7546//3173
f 7549//3173 7546//3173 7345//3173
f 7345//3173 7546//3173 7343//3173
f 7549//3174 7345//3174 7347//3174
f 7347//3175 7349//3175 7550//3175
f 7550//3176 7349//3176 7350//3176
f 7550//3175 7350//3175 7551//3175
f 7551//3176 7350//3176 7351//3176
f 7551//3175 7351//3175 7353//3175
f 7474//3135 7293//3135 7295//3135
f 7474//3136 7295//3136 7472//3136
f 7472//3137 7295//3137 7297//3137
f 7548//3174 7549//3174 7550//3174
f 7550//3174 7549//3174 7347//3174
f 7548//3174 7550//3174 7551//3174
f 7547//3174 7548//3174 7551//3174
f 7547//3174 7551//3174 7353//3174
f 7355//3174 7547//3174 7353//3174
f 7552//3182 7553//3182 7554//3182
f 7554//3182 7553//3182 7555//3182
f 7554//3183 7555//3183 7556//3183
f 7554//3183 7556//3183 7557//3183
f 7557//3184 7556//3184 7558//3184
f 7557//3184 7558//3184 7559//3184
f 7559//3185 7558//3185 7560//3185
f 7559//3185 7560//3185 7561//3185
f 7561//3186 7560//3186 7562//3186
f 7561//3186 7562//3186 7563//3186
f 7563//3187 7562//3187 7564//3187
f 7563//3187 7564//3187 7565//3187
f 7565//3188 7564//3188 7566//3188
f 7565//3188 7566//3188 7567//3188
f 7567//3189 7566//3189 7568//3189
f 7567//3190 7568//3190 7569//3190
f 7569//3191 7568//3191 7570//3191
f 7569//3191 7570//3191 7571//3191
f 7571//3192 7570//3192 7572//3192
f 7571//3193 7572//3193 7573//3193
f 7573//3194 7572//3194 7574//3194
f 7573//3194 7574//3194 7575//3194
f 7575//3195 7574//3195 7576//3195
f 7575//3195 7576//3195 7577//3195
f 7577//3196 7576//3196 7578//3196
f 7577//3196 7578//3196 7579//3196
f 7579//3197 7578//3197 7580//3197
f 7579//3197 7580//3197 7581//3197
f 7581//3198 7580//3198 7582//3198
f 7581//3198 7582//3198 7583//3198
f 7583//3199 7582//3199 7584//3199
f 7583//3200 7584//3200 7585//3200
f 7585//3201 7584//3201 7291//3201
f 7585//3202 7291//3202 7468//3202
f 7468//3201 7586//3201 7585//3201
f 7585//3200 7586//3200 7587//3200
f 7585//3199 7587//3199 7583//3199
f 7583//3198 7587//3198 7588//3198
f 7583//3198 7588//3198 7581//3198
f 7581//3197 7588//3197 7589//3197
f 7581//3197 7589//3197 7579//3197
f 7579//3196 7589//3196 7590//3196
f 7579//3196 7590//3196 7577//3196
f 7577//3195 7590//3195 7591//3195
f 7577//3195 7591//3195 7575//3195
f 7575//3194 7591//3194 7592//3194
f 7575//3194 7592//3194 7573//3194
f 7573//3193 7592//3193 7593//3193
f 7573//3192 7593//3192 7571//3192
f 7571//3191 7593//3191 7594//3191
f 7571//3191 7594//3191 7569//3191
f 7569//3190 7594//3190 7595//3190
f 7569//3189 7595//3189 7567//3189
f 7567//3188 7595//3188 7596//3188
f 7567//3188 7596//3188 7565//3188
f 7565//3187 7596//3187 7597//3187
f 7565//3187 7597//3187 7563//3187
f 7563//3186 7597//3186 7598//3186
f 7563//3186 7598//3186 7561//3186
f 7561//3185 7598//3185 7599//3185
f 7561//3185 7599//3185 7559//3185
f 7559//3184 7599//3184 7600//3184
f 7559//3184 7600//3184 7557//3184
f 7557//3183 7600//3183 7601//3183
f 7557//3183 7601//3183 7554//3183
f 7554//3182 7601//3182 7552//3182
f 7602//3203 7603//3203 7604//3203
f 7604//3204 7603//3204 7605//3204
f 7605//3205 7603//3205 7606//3205
f 7605//3205 7606//3205 7607//3205
f 7607//3206 7606//3206 7608//3206
f 7607//3206 7608//3206 7609//3206
f 7609//3207 7608//3207 7610//3207
f 7609//3207 7610//3207 7611//3207
f 7611//3208 7610//3208 7612//3208
f 7611//3208 7612//3208 7613//3208
f 7613//3209 7612//3209 7614//3209
f 7613//3209 7614//3209 7615//3209
f 7615//3210 7614//3210 7616//3210
f 7615//3210 7616//3210 7617//3210
f 7617//3211 7616//3211 7618//3211
f 7617//3211 7618//3211 7619//3211
f 7619//3212 7618//3212 7553//3212
f 7619//3212 7553//3212 7552//3212
f 7620//3213 7621//3213 7622//3213
f 7622//3213 7621//3213 7623//3213
f 7623//3214 7621//3214 7624//3214
f 7623//3214 7624//3214 7625//3214
f 7625//3215 7624//3215 7626//3215
f 7625//3215 7626//3215 7627//3215
f 7627//3216 7626//3216 7628//3216
f 7627//3216 7628//3216 7629//3216
f 7629//3217 7628//3217 7630//3217
f 7629//3217 7630//3217 7631//3217
f 7631//3218 7630//3218 7632//3218
f 7631//3218 7632//3218 7633//3218
f 7633//3219 7632//3219 7634//3219
f 7633//3219 7634//3219 7635//3219
f 7635//3220 7634//3220 7636//3220
f 7635//3221 7636//3221 7637//3221
f 7637//3222 7636//3222 7638//3222
f 7637//3222 7638//3222 7639//3222
f 7639//3223 7638//3223 7640//3223
f 7639//3223 7640//3223 7641//3223
f 7641//3224 7640//3224 7642//3224
f 7641//3225 7642//3225 7643//3225
f 7643//3226 7642//3226 7602//3226
f 7643//3227 7602//3227 7604//3227
f 7644//88 7645//88 7646//88
f 7646//89 7645//89 7647//89
f 7646//1012 7647//1012 7648//1012
f 7646//1012 7648//1012 7649//1012
f 7649//3228 7648//3228 7650//3228
f 7649//3228 7650//3228 7651//3228
f 7651//3229 7650//3229 7652//3229
f 7651//3229 7652//3229 7653//3229
f 7653//3230 7652//3230 7654//3230
f 7653//3231 7654//3231 7655//3231
f 7655//3232 7654//3232 7656//3232
f 7655//3232 7656//3232 7657//3232
f 7657//3233 7656//3233 7658//3233
f 7657//3233 7658//3233 7659//3233
f 7659//3234 7658//3234 7660//3234
f 7659//3234 7660//3234 7661//3234
f 7661//3235 7660//3235 7662//3235
f 7661//3235 7662//3235 7663//3235
f 7663//3236 7662//3236 7664//3236
f 7663//3236 7664//3236 7665//3236
f 7665//3237 7664//3237 7666//3237
f 7665//3237 7666//3237 7667//3237
f 7667//3238 7666//3238 7620//3238
f 7667//3238 7620//3238 7622//3238
f 7622//3238 7668//3238 7667//3238
f 7667//3237 7668//3237 7669//3237
f 7667//3237 7669//3237 7665//3237
f 7665//3236 7669//3236 7670//3236
f 7665//3236 7670//3236 7663//3236
f 7663//3235 7670//3235 7671//3235
f 7663//3235 7671//3235 7661//3235
f 7661//3234 7671//3234 7672//3234
f 7661//3234 7672//3234 7659//3234
f 7659//3233 7672//3233 7673//3233
f 7659//3233 7673//3233 7657//3233
f 7657//3232 7673//3232 7674//3232
f 7657//3232 7674//3232 7655//3232
f 7655//3231 7674//3231 7675//3231
f 7655//3230 7675//3230 7653//3230
f 7653//3229 7675//3229 7676//3229
f 7653//3229 7676//3229 7651//3229
f 7651//3228 7676//3228 7677//3228
f 7651//3228 7677//3228 7649//3228
f 7649//1012 7677//1012 7678//1012
f 7649//1012 7678//1012 7646//1012
f 7646//89 7678//89 7644//89
f 7679//3239 7680//3239 7681//3239
f 7681//3239 7680//3239 7682//3239
f 7681//3240 7682//3240 7683//3240
f 7683//3239 7682//3239 7684//3239
f 7684//3241 7682//3241 7685//3241
f 7684//3241 7685//3241 7686//3241
f 7686//3242 7685//3242 7687//3242
f 7686//3243 7687//3243 7688//3243
f 7688//3244 7687//3244 7689//3244
f 7688//3244 7689//3244 7690//3244
f 7690//3245 7689//3245 7691//3245
f 7690//3246 7691//3246 7692//3246
f 7692//3247 7691//3247 7693//3247
f 7692//3248 7693//3248 7694//3248
f 7694//3249 7693//3249 7695//3249
f 7694//3250 7695//3250 7696//3250
f 7696//3251 7695//3251 7697//3251
f 7696//3252 7697//3252 7698//3252
f 7698//3253 7697//3253 7699//3253
f 7698//3253 7699//3253 7700//3253
f 7700//3254 7699//3254 7701//3254
f 7700//3254 7701//3254 7702//3254
f 7702//3255 7701//3255 7703//3255
f 7702//3255 7703//3255 7704//3255
f 7704//3256 7703//3256 7705//3256
f 7704//3256 7705//3256 7706//3256
f 7706//3257 7705//3257 7707//3257
f 7706//3257 7707//3257 7708//3257
f 7708//3251 7707//3251 7709//3251
f 7708//3258 7709//3258 7710//3258
f 7710//3259 7709//3259 7711//3259
f 7710//3260 7711//3260 7712//3260
f 7712//3261 7711//3261 7713//3261
f 7712//3262 7713//3262 7714//3262
f 7714//3263 7713//3263 7644//3263
f 7644//3264 7713//3264 7715//3264
f 7644//3265 7715//3265 7645//3265
f 7645//3263 7715//3263 7716//3263
f 7716//3262 7715//3262 7717//3262
f 7716//3261 7717//3261 7718//3261
f 7718//3260 7717//3260 7719//3260
f 7718//3259 7719//3259 7720//3259
f 7720//3258 7719//3258 7721//3258
f 7720//3251 7721//3251 7722//3251
f 7722//3257 7721//3257 7723//3257
f 7722//3257 7723//3257 7724//3257
f 7724//3256 7723//3256 7725//3256
f 7724//3256 7725//3256 7726//3256
f 7726//3255 7725//3255 7727//3255
f 7726//3255 7727//3255 7728//3255
f 7728//3254 7727//3254 7729//3254
f 7728//3254 7729//3254 7730//3254
f 7730//3253 7729//3253 7731//3253
f 7730//3253 7731//3253 7732//3253
f 7732//3252 7731//3252 7733//3252
f 7732//3251 7733//3251 7734//3251
f 7734//3250 7733//3250 7735//3250
f 7734//3249 7735//3249 7736//3249
f 7736//3248 7735//3248 7737//3248
f 7736//3247 7737//3247 7738//3247
f 7738//3246 7737//3246 7739//3246
f 7738//3245 7739//3245 7740//3245
f 7740//3244 7739//3244 7741//3244
f 7740//3244 7741//3244 7742//3244
f 7742//3243 7741//3243 7743//3243
f 7742//3242 7743//3242 7744//3242
f 7744//3241 7743//3241 7680//3241
f 7744//3241 7680//3241 7679//3241
f 7713//3262 7711//3262 7715//3262
f 7715//3261 7711//3261 7717//3261
f 7711//3260 7709//3260 7717//3260
f 7717//3259 7709//3259 7719//3259
f 7709//3258 7707//3258 7719//3258
f 7719//3251 7707//3251 7721//3251
f 7707//3257 7705//3257 7721//3257
f 7721//3257 7705//3257 7723//3257
f 7705//3256 7703//3256 7723//3256
f 7723//3256 7703//3256 7725//3256
f 7703//3255 7701//3255 7725//3255
f 7725//3255 7701//3255 7727//3255
f 7701//3254 7699//3254 7727//3254
f 7727//3254 7699//3254 7729//3254
f 7699//3253 7697//3253 7729//3253
f 7729//3253 7697//3253 7731//3253
f 7697//3252 7695//3252 7731//3252
f 7731//3251 7695//3251 7733//3251
f 7695//3250 7693//3250 7733//3250
f 7733//3249 7693//3249 7735//3249
f 7693//3248 7691//3248 7735//3248
f 7735//3247 7691//3247 7737//3247
f 7691//3246 7689//3246 7737//3246
f 7737//3245 7689//3245 7739//3245
f 7689//3244 7687//3244 7739//3244
f 7739//3244 7687//3244 7741//3244
f 7682//3241 7680//3241 7743//3241
f 7687//3243 7685//3243 7741//3243
f 7741//3242 7685//3242 7743//3242
f 7685//3241 7682//3241 7743//3241
f 7745//3266 7746//3266 7747//3266
f 7747//3266 7746//3266 7748//3266
f 7747//3267 7748//3267 7749//3267
f 7749//3268 7748//3268 7750//3268
f 7749//3269 7750//3269 7751//3269
f 7751//3270 7750//3270 7752//3270
f 7751//3270 7752//3270 7753//3270
f 7753//3271 7752//3271 7754//3271
f 7753//3272 7754//3272 7755//3272
f 7755//3273 7754//3273 7756//3273
f 7755//3273 7756//3273 7757//3273
f 7757//3274 7756//3274 7758//3274
f 7757//3274 7758//3274 7759//3274
f 7759//3275 7758//3275 7760//3275
f 7759//3276 7760//3276 7761//3276
f 7761//3277 7760//3277 7762//3277
f 7761//3277 7762//3277 7763//3277
f 7763//3278 7762//3278 7764//3278
f 7763//3279 7764//3279 7765//3279
f 7765//3280 7764//3280 7766//3280
f 7765//3280 7766//3280 7767//3280
f 7767//3281 7766//3281 7768//3281
f 7767//3281 7768//3281 7769//3281
f 7769//3282 7768//3282 7770//3282
f 7769//3283 7770//3283 7771//3283
f 7771//3284 7770//3284 7772//3284
f 7771//3284 7772//3284 7773//3284
f 7773//3285 7772//3285 7774//3285
f 7773//3285 7774//3285 7775//3285
f 7775//3286 7774//3286 7776//3286
f 7775//925 7776//925 7777//925
f 7777//3287 7776//3287 7778//3287
f 7777//3288 7778//3288 7779//3288
f 7779//3289 7778//3289 7780//3289
f 7779//3289 7780//3289 7781//3289
f 7781//3290 7780//3290 7782//3290
f 7781//3291 7782//3291 7783//3291
f 7783//3292 7782//3292 7784//3292
f 7783//3293 7784//3293 7785//3293
f 7785//3294 7784//3294 7786//3294
f 7785//3295 7786//3295 7787//3295
f 7787//3296 7786//3296 7788//3296
f 7787//3297 7788//3297 7789//3297
f 7789//3298 7788//3298 7681//3298
f 7789//3298 7681//3298 7683//3298
f 7745//3268 7790//3268 7746//3268
f 7746//3269 7790//3269 7791//3269
f 7746//3268 7791//3268 7748//3268
f 7748//3269 7791//3269 7750//3269
f 7790//3270 7792//3270 7791//3270
f 7791//3270 7792//3270 7793//3270
f 7791//3270 7793//3270 7750//3270
f 7750//3270 7793//3270 7752//3270
f 7792//3271 7794//3271 7793//3271
f 7793//3272 7794//3272 7795//3272
f 7793//3271 7795//3271 7752//3271
f 7752//3272 7795//3272 7754//3272
f 7794//3273 7796//3273 7795//3273
f 7795//3273 7796//3273 7797//3273
f 7795//3273 7797//3273 7754//3273
f 7754//3273 7797//3273 7756//3273
f 7796//3274 7798//3274 7797//3274
f 7797//3274 7798//3274 7799//3274
f 7797//3274 7799//3274 7756//3274
f 7756//3274 7799//3274 7758//3274
f 7798//3275 7800//3275 7799//3275
f 7799//3276 7800//3276 7801//3276
f 7799//3275 7801//3275 7758//3275
f 7758//3276 7801//3276 7760//3276
f 7800//3277 7802//3277 7801//3277
f 7801//3277 7802//3277 7803//3277
f 7801//3277 7803//3277 7760//3277
f 7760//3277 7803//3277 7762//3277
f 7802//3278 7804//3278 7803//3278
f 7803//3279 7804//3279 7805//3279
f 7803//3278 7805//3278 7762//3278
f 7762//3279 7805//3279 7764//3279
f 7804//3280 7806//3280 7805//3280
f 7805//3280 7806//3280 7807//3280
f 7805//3280 7807//3280 7764//3280
f 7764//3280 7807//3280 7766//3280
f 7806//3281 7808//3281 7807//3281
f 7807//3281 7808//3281 7809//3281
f 7807//3281 7809//3281 7766//3281
f 7766//3281 7809//3281 7768//3281
f 7808//3282 7810//3282 7809//3282
f 7809//3283 7810//3283 7811//3283
f 7809//3282 7811//3282 7768//3282
f 7768//3283 7811//3283 7770//3283
f 7810//3284 7812//3284 7811//3284
f 7811//3284 7812//3284 7813//3284
f 7811//3284 7813//3284 7770//3284
f 7770//3284 7813//3284 7772//3284
f 7812//3285 7814//3285 7813//3285
f 7813//3285 7814//3285 7815//3285
f 7813//3285 7815//3285 7772//3285
f 7772//3285 7815//3285 7774//3285
f 7814//3286 7816//3286 7815//3286
f 7815//925 7816//925 7817//925
f 7815//3286 7817//3286 7774//3286
f 7774//925 7817//925 7776//925
f 7816//3287 7818//3287 7817//3287
f 7817//3288 7818//3288 7819//3288
f 7817//3287 7819//3287 7776//3287
f 7776//3288 7819//3288 7778//3288
f 7818//3289 7820//3289 7819//3289
f 7819//3289 7820//3289 7821//3289
f 7819//3289 7821//3289 7778//3289
f 7778//3289 7821//3289 7780//3289
f 7820//3290 7822//3290 7821//3290
f 7821//3291 7822//3291 7823//3291
f 7821//3290 7823//3290 7780//3290
f 7780//3291 7823//3291 7782//3291
f 7822//3292 7824//3292 7823//3292
f 7823//3293 7824//3293 7825//3293
f 7823//3292 7825//3292 7782//3292
f 7782//3293 7825//3293 7784//3293
f 7824//3294 7826//3294 7825//3294
f 7825//3295 7826//3295 7827//3295
f 7825//3294 7827//3294 7784//3294
f 7784//3295 7827//3295 7786//3295
f 7826//3296 7828//3296 7827//3296
f 7827//3297 7828//3297 7829//3297
f 7827//3296 7829//3296 7786//3296
f 7786//3297 7829//3297 7788//3297
f 7828//3298 7681//3298 7829//3298
f 7829//3298 7681//3298 7788//3298
f 7830//3298 7831//3298 7683//3298
f 7683//3299 7831//3299 7832//3299
f 7683//3298 7832//3298 7789//3298
f 7789//3296 7832//3296 7833//3296
f 7789//3296 7833//3296 7787//3296
f 7787//3294 7833//3294 7834//3294
f 7787//3294 7834//3294 7785//3294
f 7785//3300 7834//3300 7835//3300
f 7785//3300 7835//3300 7783//3300
f 7783//3290 7835//3290 7836//3290
f 7783//3290 7836//3290 7781//3290
f 7781//3289 7836//3289 7837//3289
f 7781//3289 7837//3289 7779//3289
f 7779//3288 7837//3288 7838//3288
f 7779//3288 7838//3288 7777//3288
f 7777//3286 7838//3286 7839//3286
f 7777//3286 7839//3286 7775//3286
f 7775//3285 7839//3285 7840//3285
f 7775//3285 7840//3285 7773//3285
f 7773//3284 7840//3284 7841//3284
f 7773//3284 7841//3284 7771//3284
f 7771//3283 7841//3283 7842//3283
f 7771//3282 7842//3282 7769//3282
f 7769//3281 7842//3281 7843//3281
f 7769//3301 7843//3301 7767//3301
f 7767//3302 7843//3302 7844//3302
f 7767//3280 7844//3280 7765//3280
f 7765//3279 7844//3279 7845//3279
f 7765//3278 7845//3278 7763//3278
f 7763//3277 7845//3277 7846//3277
f 7763//3277 7846//3277 7761//3277
f 7761//3275 7846//3275 7847//3275
f 7761//3276 7847//3276 7759//3276
f 7759//3274 7847//3274 7848//3274
f 7759//3274 7848//3274 7757//3274
f 7757//3273 7848//3273 7849//3273
f 7757//3273 7849//3273 7755//3273
f 7755//3303 7849//3303 7850//3303
f 7755//3303 7850//3303 7753//3303
f 7753//3270 7850//3270 7851//3270
f 7753//3270 7851//3270 7751//3270
f 7751//3269 7851//3269 7852//3269
f 7751//3268 7852//3268 7749//3268
f 7749//3267 7852//3267 7853//3267
f 7749//3267 7853//3267 7747//3267
f 7830//3296 7854//3296 7831//3296
f 7831//3296 7854//3296 7855//3296
f 7831//3296 7855//3296 7832//3296
f 7832//3297 7855//3297 7833//3297
f 7854//3294 7856//3294 7855//3294
f 7855//3294 7856//3294 7857//3294
f 7855//3295 7857//3295 7833//3295
f 7833//3294 7857//3294 7834//3294
f 7856//3300 7858//3300 7857//3300
f 7857//3300 7858//3300 7859//3300
f 7857//3300 7859//3300 7834//3300
f 7834//3300 7859//3300 7835//3300
f 7858//3290 7860//3290 7859//3290
f 7859//3290 7860//3290 7861//3290
f 7859//3290 7861//3290 7835//3290
f 7835//3291 7861//3291 7836//3291
f 7860//3289 7862//3289 7861//3289
f 7861//3289 7862//3289 7863//3289
f 7861//3304 7863//3304 7836//3304
f 7836//3305 7863//3305 7837//3305
f 7862//3288 7864//3288 7863//3288
f 7863//3288 7864//3288 7865//3288
f 7863//3288 7865//3288 7837//3288
f 7837//3287 7865//3287 7838//3287
f 7864//3286 7866//3286 7865//3286
f 7865//3286 7866//3286 7867//3286
f 7865//3286 7867//3286 7838//3286
f 7838//925 7867//925 7839//925
f 7866//3285 7868//3285 7867//3285
f 7867//3285 7868//3285 7869//3285
f 7867//3285 7869//3285 7839//3285
f 7839//3285 7869//3285 7840//3285
f 7868//3284 7870//3284 7869//3284
f 7869//3284 7870//3284 7871//3284
f 7869//3284 7871//3284 7840//3284
f 7840//3284 7871//3284 7841//3284
f 7870//3283 7872//3283 7871//3283
f 7871//3282 7872//3282 7873//3282
f 7871//3283 7873//3283 7841//3283
f 7841//3283 7873//3283 7842//3283
f 7872//3281 7874//3281 7873//3281
f 7873//3301 7874//3301 7875//3301
f 7873//3301 7875//3301 7842//3301
f 7842//3281 7875//3281 7843//3281
f 7874//3302 7876//3302 7875//3302
f 7875//3280 7876//3280 7877//3280
f 7875//3280 7877//3280 7843//3280
f 7843//3302 7877//3302 7844//3302
f 7876//3279 7878//3279 7877//3279
f 7877//3278 7878//3278 7879//3278
f 7877//3278 7879//3278 7844//3278
f 7844//3278 7879//3278 7845//3278
f 7878//3277 7880//3277 7879//3277
f 7879//3277 7880//3277 7881//3277
f 7879//3306 7881//3306 7845//3306
f 7845//3307 7881//3307 7846//3307
f 7880//3275 7882//3275 7881//3275
f 7881//3276 7882//3276 7883//3276
f 7881//3276 7883//3276 7846//3276
f 7846//3276 7883//3276 7847//3276
f 7882//3274 7884//3274 7883//3274
f 7883//3274 7884//3274 7885//3274
f 7883//3274 7885//3274 7847//3274
f 7847//3274 7885//3274 7848//3274
f 7884//3273 7886//3273 7885//3273
f 7885//3273 7886//3273 7887//3273
f 7885//3273 7887//3273 7848//3273
f 7848//3273 7887//3273 7849//3273
f 7886//3303 7888//3303 7887//3303
f 7887//3303 7888//3303 7889//3303
f 7887//3303 7889//3303 7849//3303
f 7849//3303 7889//3303 7850//3303
f 7888//3270 7890//3270 7889//3270
f 7889//3270 7890//3270 7891//3270
f 7889//3270 7891//3270 7850//3270
f 7850//3270 7891//3270 7851//3270
f 7890//3269 7892//3269 7891//3269
f 7891//3268 7892//3268 7893//3268
f 7891//3269 7893//3269 7851//3269
f 7851//3269 7893//3269 7852//3269
f 7892//3267 7853//3267 7893//3267
f 7893//3308 7853//3308 7852//3308
f 7894//3309 7895//3309 7896//3309
f 7896//3309 7895//3309 7897//3309
f 7896//3309 7897//3309 7898//3309
f 7898//3310 7897//3310 7899//3310
f 7898//3311 7899//3311 7900//3311
f 7900//3312 7899//3312 7901//3312
f 7900//3313 7901//3313 7902//3313
f 7902//3314 7901//3314 7903//3314
f 7902//3314 7903//3314 7904//3314
f 7904//3315 7903//3315 7905//3315
f 7904//3316 7905//3316 7906//3316
f 7906//3317 7905//3317 7907//3317
f 7906//3317 7907//3317 7908//3317
f 7908//3318 7907//3318 7909//3318
f 7908//3319 7909//3319 7910//3319
f 7910//3320 7909//3320 7911//3320
f 7910//3321 7911//3321 7912//3321
f 7912//3322 7911//3322 7913//3322
f 7912//3322 7913//3322 7914//3322
f 7914//3323 7913//3323 7915//3323
f 7914//3324 7915//3324 7916//3324
f 7916//3325 7915//3325 7917//3325
f 7916//3326 7917//3326 7918//3326
f 7918//3327 7917//3327 7919//3327
f 7918//3327 7919//3327 7920//3327
f 7920//3328 7919//3328 7921//3328
f 7920//3329 7921//3329 7922//3329
f 7922//3330 7921//3330 7923//3330
f 7922//3331 7923//3331 7924//3331
f 7924//3332 7923//3332 7925//3332
f 7924//3332 7925//3332 7926//3332
f 7926//3333 7925//3333 7927//3333
f 7926//3333 7927//3333 7928//3333
f 7928//3334 7927//3334 7929//3334
f 7928//3335 7929//3335 7930//3335
f 7930//1004 7929//1004 7931//1004
f 7930//1004 7931//1004 7932//1004
f 7932//3336 7931//3336 7933//3336
f 7932//3336 7933//3336 7934//3336
f 7934//3337 7933//3337 7935//3337
f 7934//3338 7935//3338 7936//3338
f 7936//3339 7935//3339 7937//3339
f 7936//3339 7937//3339 7938//3339
f 7938//3340 7937//3340 7939//3340
f 7938//3340 7939//3340 7940//3340
f 7940//3341 7939//3341 7941//3341
f 7940//3341 7941//3341 7942//3341
f 7942//3342 7941//3342 7943//3342
f 7942//3342 7943//3342 7944//3342
f 7944//3343 7943//3343 7945//3343
f 7944//3344 7945//3344 7946//3344
f 7946//3345 7945//3345 7947//3345
f 7946//3346 7947//3346 7948//3346
f 7948//3347 7947//3347 7949//3347
f 7948//3348 7949//3348 7950//3348
f 7950//3349 7949//3349 7951//3349
f 7950//3349 7951//3349 7952//3349
f 7952//3350 7951//3350 7953//3350
f 7952//3350 7953//3350 7954//3350
f 7954//3351 7953//3351 7955//3351
f 7954//3351 7955//3351 7956//3351
f 7956//3352 7955//3352 7957//3352
f 7956//3353 7957//3353 7958//3353
f 7958//3354 7957//3354 7959//3354
f 7958//3354 7959//3354 7960//3354
f 7960//3355 7959//3355 7961//3355
f 7960//3355 7961//3355 7962//3355
f 7962//3356 7961//3356 7963//3356
f 7962//3357 7963//3357 7964//3357
f 7964//3358 7963//3358 7965//3358
f 7964//3358 7965//3358 7966//3358
f 7966//3359 7965//3359 7967//3359
f 7966//3359 7967//3359 7968//3359
f 7968//3123 7967//3123 7969//3123
f 7968//3360 7969//3360 7970//3360
f 7970//3361 7969//3361 7971//3361
f 7970//3362 7971//3362 7972//3362
f 7972//3363 7971//3363 7747//3363
f 7972//3363 7747//3363 7973//3363
f 7973//3364 7747//3364 7853//3364
f 7973//3363 7853//3363 7974//3363
f 7974//3363 7853//3363 7975//3363
f 7974//3362 7975//3362 7976//3362
f 7976//3361 7975//3361 7977//3361
f 7976//3360 7977//3360 7978//3360
f 7978//3123 7977//3123 7979//3123
f 7978//3359 7979//3359 7980//3359
f 7894//3310 7981//3310 7895//3310
f 7895//3311 7981//3311 7982//3311
f 7895//3310 7982//3310 7897//3310
f 7897//3311 7982//3311 7899//3311
f 7981//3312 7983//3312 7982//3312
f 7982//3313 7983//3313 7984//3313
f 7982//3312 7984//3312 7899//3312
f 7899//3313 7984//3313 7901//3313
f 7983//3314 7985//3314 7984//3314
f 7984//3314 7985//3314 7986//3314
f 7984//3314 7986//3314 7901//3314
f 7901//3314 7986//3314 7903//3314
f 7985//3315 7987//3315 7986//3315
f 7986//3316 7987//3316 7988//3316
f 7986//3315 7988//3315 7903//3315
f 7903//3316 7988//3316 7905//3316
f 7987//3317 7989//3317 7988//3317
f 7988//3317 7989//3317 7990//3317
f 7988//3317 7990//3317 7905//3317
f 7905//3317 7990//3317 7907//3317
f 7989//3318 7991//3318 7990//3318
f 7990//3319 7991//3319 7992//3319
f 7990//3318 7992//3318 7907//3318
f 7907//3319 7992//3319 7909//3319
f 7991//3320 7993//3320 7992//3320
f 7992//3321 7993//3321 7994//3321
f 7992//3320 7994//3320 7909//3320
f 7909//3321 7994//3321 7911//3321
f 7993//3322 7995//3322 7994//3322
f 7994//3322 7995//3322 7996//3322
f 7994//3322 7996//3322 7911//3322
f 7911//3322 7996//3322 7913//3322
f 7995//3323 7997//3323 7996//3323
f 7996//3324 7997//3324 7998//3324
f 7996//3323 7998//3323 7913//3323
f 7913//3324 7998//3324 7915//3324
f 7997//3325 7999//3325 7998//3325
f 7998//3326 7999//3326 8000//3326
f 7998//3325 8000//3325 7915//3325
f 7915//3326 8000//3326 7917//3326
f 7999//3327 8001//3327 8000//3327
f 8000//3327 8001//3327 8002//3327
f 8000//3327 8002//3327 7917//3327
f 7917//3327 8002//3327 7919//3327
f 8001//3328 8003//3328 8002//3328
f 8002//3329 8003//3329 8004//3329
f 8002//3328 8004//3328 7919//3328
f 7919//3329 8004//3329 7921//3329
f 8003//3330 8005//3330 8004//3330
f 8004//3331 8005//3331 8006//3331
f 8004//3330 8006//3330 7921//3330
f 7921//3331 8006//3331 7923//3331
f 8005//3332 8007//3332 8006//3332
f 8006//3332 8007//3332 8008//3332
f 8006//3332 8008//3332 7923//3332
f 7923//3332 8008//3332 7925//3332
f 8007//3333 8009//3333 8008//3333
f 8008//3333 8009//3333 8010//3333
f 8008//3333 8010//3333 7925//3333
f 7925//3333 8010//3333 7927//3333
f 8009//3334 8011//3334 8010//3334
f 8010//3335 8011//3335 8012//3335
f 8010//3334 8012//3334 7927//3334
f 7927//3335 8012//3335 7929//3335
f 8011//1004 8013//1004 8012//1004
f 8012//1004 8013//1004 8014//1004
f 8012//1004 8014//1004 7929//1004
f 7929//1004 8014//1004 7931//1004
f 8013//3336 8015//3336 8014//3336
f 8014//3336 8015//3336 8016//3336
f 8014//3336 8016//3336 7931//3336
f 7931//3336 8016//3336 7933//3336
f 8015//3337 8017//3337 8016//3337
f 8016//3338 8017//3338 8018//3338
f 8016//3337 8018//3337 7933//3337
f 7933//3338 8018//3338 7935//3338
f 8017//3339 8019//3339 8018//3339
f 8018//3339 8019//3339 8020//3339
f 8018//3339 8020//3339 7935//3339
f 7935//3339 8020//3339 7937//3339
f 8019//3340 8021//3340 8020//3340
f 8020//3340 8021//3340 8022//3340
f 8020//3340 8022//3340 7937//3340
f 7937//3340 8022//3340 7939//3340
f 8021//3341 8023//3341 8022//3341
f 8022//3341 8023//3341 8024//3341
f 8022//3341 8024//3341 7939//3341
f 7939//3341 8024//3341 7941//3341
f 8023//3342 8025//3342 8024//3342
f 8024//3342 8025//3342 8026//3342
f 8024//3342 8026//3342 7941//3342
f 7941//3342 8026//3342 7943//3342
f 8025//3343 8027//3343 8026//3343
f 8026//3344 8027//3344 8028//3344
f 8026//3343 8028//3343 7943//3343
f 7943//3344 8028//3344 7945//3344
f 8027//3345 8029//3345 8028//3345
f 8028//3346 8029//3346 8030//3346
f 8028//3345 8030//3345 7945//3345
f 7945//3346 8030//3346 7947//3346
f 8029//3347 8031//3347 8030//3347
f 8030//3348 8031//3348 8032//3348
f 8030//3347 8032//3347 7947//3347
f 7947//3348 8032//3348 7949//3348
f 8031//3349 8033//3349 8032//3349
f 8032//3349 8033//3349 8034//3349
f 8032//3349 8034//3349 7949//3349
f 7949//3349 8034//3349 7951//3349
f 8033//3350 8035//3350 8034//3350
f 8034//3350 8035//3350 8036//3350
f 8034//3350 8036//3350 7951//3350
f 7951//3350 8036//3350 7953//3350
f 8035//3351 8037//3351 8036//3351
f 8036//3351 8037//3351 8038//3351
f 8036//3351 8038//3351 7953//3351
f 7953//3351 8038//3351 7955//3351
f 8037//3352 8039//3352 8038//3352
f 8038//3353 8039//3353 8040//3353
f 8038//3352 8040//3352 7955//3352
f 7955//3353 8040//3353 7957//3353
f 8039//3354 8041//3354 8040//3354
f 8040//3354 8041//3354 8042//3354
f 8040//3354 8042//3354 7957//3354
f 7957//3354 8042//3354 7959//3354
f 8041//3355 8043//3355 8042//3355
f 8042//3355 8043//3355 8044//3355
f 8042//3355 8044//3355 7959//3355
f 7959//3355 8044//3355 7961//3355
f 8043//3356 8045//3356 8044//3356
f 8044//3357 8045//3357 8046//3357
f 8044//3356 8046//3356 7961//3356
f 7961//3357 8046//3357 7963//3357
f 8045//3358 8047//3358 8046//3358
f 8046//3358 8047//3358 8048//3358
f 8046//3358 8048//3358 7963//3358
f 7963//3358 8048//3358 7965//3358
f 8047//3359 8049//3359 8048//3359
f 8048//3359 8049//3359 8050//3359
f 8048//3359 8050//3359 7965//3359
f 7965//3359 8050//3359 7967//3359
f 8049//3123 8051//3123 8050//3123
f 8050//3360 8051//3360 8052//3360
f 8050//3123 8052//3123 7967//3123
f 7967//3360 8052//3360 7969//3360
f 8051//3361 8053//3361 8052//3361
f 8052//3362 8053//3362 8054//3362
f 8052//3361 8054//3361 7969//3361
f 7969//3362 8054//3362 7971//3362
f 8053//3365 7747//3365 8054//3365
f 8054//3363 7747//3363 7971//3363
f 7975//3365 7853//3365 8055//3365
f 8055//3365 7853//3365 8056//3365
f 8055//3362 8056//3362 8057//3362
f 8055//3361 8057//3361 7977//3361
f 7977//3360 8057//3360 7979//3360
f 7978//3359 7980//3359 8058//3359
f 8058//3358 7980//3358 8059//3358
f 8058//3358 8059//3358 8060//3358
f 8060//3357 8059//3357 8061//3357
f 8060//3356 8061//3356 8062//3356
f 8062//3355 8061//3355 8063//3355
f 8062//3355 8063//3355 8064//3355
f 8064//3354 8063//3354 8065//3354
f 8064//3354 8065//3354 8066//3354
f 8066//3353 8065//3353 8067//3353
f 8066//3352 8067//3352 8068//3352
f 8068//3351 8067//3351 8069//3351
f 8068//3351 8069//3351 8070//3351
f 8070//3350 8069//3350 8071//3350
f 8070//3350 8071//3350 8072//3350
f 8072//3349 8071//3349 8073//3349
f 8072//3349 8073//3349 8074//3349
f 8074//3348 8073//3348 8075//3348
f 8074//3347 8075//3347 8076//3347
f 8076//3346 8075//3346 8077//3346
f 8076//3345 8077//3345 8078//3345
f 8078//3344 8077//3344 8079//3344
f 8078//3343 8079//3343 8080//3343
f 8080//3342 8079//3342 8081//3342
f 8080//3342 8081//3342 8082//3342
f 8082//3341 8081//3341 8083//3341
f 8082//3341 8083//3341 8084//3341
f 8084//3340 8083//3340 8085//3340
f 8084//3340 8085//3340 8086//3340
f 8086//3339 8085//3339 8087//3339
f 8086//3339 8087//3339 8088//3339
f 8088//3338 8087//3338 8089//3338
f 8088//3337 8089//3337 8090//3337
f 8090//3336 8089//3336 8091//3336
f 8090//3336 8091//3336 8092//3336
f 8092//1004 8091//1004 8093//1004
f 8092//1004 8093//1004 8094//1004
f 8094//3335 8093//3335 8095//3335
f 8094//3334 8095//3334 8096//3334
f 8096//3333 8095//3333 8097//3333
f 8096//3333 8097//3333 8098//3333
f 8098//3332 8097//3332 8099//3332
f 8098//3332 8099//3332 8100//3332
f 8100//3331 8099//3331 8101//3331
f 8100//3330 8101//3330 8102//3330
f 8102//3329 8101//3329 8103//3329
f 8102//3328 8103//3328 8104//3328
f 8104//3327 8103//3327 8105//3327
f 8104//3327 8105//3327 8106//3327
f 8106//3326 8105//3326 8107//3326
f 8106//3325 8107//3325 8108//3325
f 8108//3324 8107//3324 8109//3324
f 8108//3323 8109//3323 8110//3323
f 8110//3322 8109//3322 8111//3322
f 8110//3322 8111//3322 8112//3322
f 8112//3321 8111//3321 8113//3321
f 8112//3320 8113//3320 8114//3320
f 8114//3319 8113//3319 8115//3319
f 8114//3318 8115//3318 8116//3318
f 8116//3317 8115//3317 8117//3317
f 8116//3317 8117//3317 8118//3317
f 8118//3316 8117//3316 8119//3316
f 8118//3315 8119//3315 8120//3315
f 8120//3314 8119//3314 8121//3314
f 8120//3314 8121//3314 8122//3314
f 8122//3313 8121//3313 8123//3313
f 8122//3312 8123//3312 8124//3312
f 8124//3311 8123//3311 8125//3311
f 8124//3310 8125//3310 8126//3310
f 8126//3309 8125//3309 8127//3309
f 8126//3366 8127//3366 8128//3366
f 8128//3309 8127//3309 8129//3309
f 8128//3310 8129//3310 8130//3310
f 8130//3311 8129//3311 8131//3311
f 8130//3312 8131//3312 8132//3312
f 8132//3313 8131//3313 7902//3313
f 8132//3314 7902//3314 7904//3314
f 8129//3309 8127//3309 8133//3309
f 8133//3309 8127//3309 7896//3309
f 8133//3309 7896//3309 7898//3309
f 8131//3310 8129//3310 8133//3310
f 7977//3362 7975//3362 8055//3362
f 8124//3311 8126//3311 8134//3311
f 8134//3310 8126//3310 8128//3310
f 8134//3311 8128//3311 8130//3311
f 8122//3313 8124//3313 8135//3313
f 8135//3312 8124//3312 8134//3312
f 8135//3313 8134//3313 8136//3313
f 8136//3312 8134//3312 8130//3312
f 8136//3313 8130//3313 8132//3313
f 8120//3314 8122//3314 8137//3314
f 8137//3314 8122//3314 8135//3314
f 8137//3314 8135//3314 8138//3314
f 8138//3314 8135//3314 8136//3314
f 8138//3314 8136//3314 8139//3314
f 8139//3314 8136//3314 8132//3314
f 8139//3314 8132//3314 7904//3314
f 8118//3316 8120//3316 8140//3316
f 8140//3315 8120//3315 8137//3315
f 8140//3316 8137//3316 8141//3316
f 8141//3315 8137//3315 8138//3315
f 8141//3316 8138//3316 8142//3316
f 8142//3315 8138//3315 8139//3315
f 8142//3316 8139//3316 7906//3316
f 7906//3315 8139//3315 7904//3315
f 8116//3317 8118//3317 8143//3317
f 8143//3317 8118//3317 8140//3317
f 8143//3317 8140//3317 8144//3317
f 8144//3317 8140//3317 8141//3317
f 8144//3317 8141//3317 8145//3317
f 8145//3317 8141//3317 8142//3317
f 8145//3317 8142//3317 7908//3317
f 7908//3317 8142//3317 7906//3317
f 8114//3319 8116//3319 8146//3319
f 8146//3318 8116//3318 8143//3318
f 8146//3319 8143//3319 8147//3319
f 8147//3318 8143//3318 8144//3318
f 8147//3319 8144//3319 8148//3319
f 8148//3318 8144//3318 8145//3318
f 8148//3319 8145//3319 7910//3319
f 7910//3318 8145//3318 7908//3318
f 8112//3321 8114//3321 8149//3321
f 8149//3320 8114//3320 8146//3320
f 8149//3321 8146//3321 8150//3321
f 8150//3320 8146//3320 8147//3320
f 8150//3321 8147//3321 8151//3321
f 8151//3320 8147//3320 8148//3320
f 8151//3321 8148//3321 7912//3321
f 7912//3320 8148//3320 7910//3320
f 8110//3322 8112//3322 8152//3322
f 8152//3322 8112//3322 8149//3322
f 8152//3322 8149//3322 8153//3322
f 8153//3322 8149//3322 8150//3322
f 8153//3322 8150//3322 8154//3322
f 8154//3322 8150//3322 8151//3322
f 8154//3322 8151//3322 7914//3322
f 7914//3322 8151//3322 7912//3322
f 8108//3324 8110//3324 8155//3324
f 8155//3323 8110//3323 8152//3323
f 8155//3324 8152//3324 8156//3324
f 8156//3323 8152//3323 8153//3323
f 8156//3324 8153//3324 8157//3324
f 8157//3323 8153//3323 8154//3323
f 8157//3324 8154//3324 7916//3324
f 7916//3323 8154//3323 7914//3323
f 8106//3326 8108//3326 8158//3326
f 8158//3325 8108//3325 8155//3325
f 8158//3326 8155//3326 8159//3326
f 8159//3325 8155//3325 8156//3325
f 8159//3326 8156//3326 8160//3326
f 8160//3325 8156//3325 8157//3325
f 8160//3326 8157//3326 7918//3326
f 7918//3325 8157//3325 7916//3325
f 8104//3327 8106//3327 8161//3327
f 8161//3327 8106//3327 8158//3327
f 8161//3327 8158//3327 8162//3327
f 8162//3327 8158//3327 8159//3327
f 8162//3327 8159//3327 8163//3327
f 8163//3327 8159//3327 8160//3327
f 8163//3327 8160//3327 7920//3327
f 7920//3327 8160//3327 7918//3327
f 8102//3329 8104//3329 8164//3329
f 8164//3328 8104//3328 8161//3328
f 8164//3329 8161//3329 8165//3329
f 8165//3328 8161//3328 8162//3328
f 8165//3329 8162//3329 8166//3329
f 8166//3328 8162//3328 8163//3328
f 8166//3329 8163//3329 7922//3329
f 7922//3328 8163//3328 7920//3328
f 8100//3331 8102//3331 8167//3331
f 8167//3330 8102//3330 8164//3330
f 8167//3331 8164//3331 8168//3331
f 8168//3330 8164//3330 8165//3330
f 8168//3331 8165//3331 8169//3331
f 8169//3330 8165//3330 8166//3330
f 8169//3331 8166//3331 7924//3331
f 7924//3330 8166//3330 7922//3330
f 8098//3332 8100//3332 8170//3332
f 8170//3332 8100//3332 8167//3332
f 8170//3332 8167//3332 8171//3332
f 8171//3332 8167//3332 8168//3332
f 8171//3332 8168//3332 8172//3332
f 8172//3332 8168//3332 8169//3332
f 8172//3332 8169//3332 7926//3332
f 7926//3332 8169//3332 7924//3332
f 8096//3333 8098//3333 8173//3333
f 8173//3333 8098//3333 8170//3333
f 8173//3333 8170//3333 8174//3333
f 8174//3333 8170//3333 8171//3333
f 8174//3333 8171//3333 8175//3333
f 8175//3333 8171//3333 8172//3333
f 8175//3333 8172//3333 7928//3333
f 7928//3333 8172//3333 7926//3333
f 8094//3335 8096//3335 8176//3335
f 8176//3334 8096//3334 8173//3334
f 8176//3335 8173//3335 8177//3335
f 8177//3334 8173//3334 8174//3334
f 8177//3335 8174//3335 8178//3335
f 8178//3334 8174//3334 8175//3334
f 8178//3335 8175//3335 7930//3335
f 7930//3334 8175//3334 7928//3334
f 8092//1004 8094//1004 8179//1004
f 8179//1004 8094//1004 8176//1004
f 8179//1004 8176//1004 8180//1004
f 8180//1004 8176//1004 8177//1004
f 8180//1004 8177//1004 8181//1004
f 8181//1004 8177//1004 8178//1004
f 8181//1004 8178//1004 7932//1004
f 7932//1004 8178//1004 7930//1004
f 8090//3336 8092//3336 8182//3336
f 8182//3336 8092//3336 8179//3336
f 8182//3336 8179//3336 8183//3336
f 8183//3336 8179//3336 8180//3336
f 8183//3336 8180//3336 8184//3336
f 8184//3336 8180//3336 8181//3336
f 8184//3336 8181//3336 7934//3336
f 7934//3336 8181//3336 7932//3336
f 8088//3338 8090//3338 8185//3338
f 8185//3337 8090//3337 8182//3337
f 8185//3338 8182//3338 8186//3338
f 8186//3337 8182//3337 8183//3337
f 8186//3338 8183//3338 8187//3338
f 8187//3337 8183//3337 8184//3337
f 8187//3338 8184//3338 7936//3338
f 7936//3337 8184//3337 7934//3337
f 8086//3339 8088//3339 8188//3339
f 8188//3339 8088//3339 8185//3339
f 8188//3339 8185//3339 8189//3339
f 8189//3339 8185//3339 8186//3339
f 8189//3339 8186//3339 8190//3339
f 8190//3339 8186//3339 8187//3339
f 8190//3339 8187//3339 7938//3339
f 7938//3339 8187//3339 7936//3339
f 8084//3340 8086//3340 8191//3340
f 8191//3340 8086//3340 8188//3340
f 8191//3340 8188//3340 8192//3340
f 8192//3340 8188//3340 8189//3340
f 8192//3340 8189//3340 8193//3340
f 8193//3340 8189//3340 8190//3340
f 8193//3340 8190//3340 7940//3340
f 7940//3340 8190//3340 7938//3340
f 8082//3341 8084//3341 8194//3341
f 8194//3341 8084//3341 8191//3341
f 8194//3341 8191//3341 8195//3341
f 8195//3341 8191//3341 8192//3341
f 8195//3341 8192//3341 8196//3341
f 8196//3341 8192//3341 8193//3341
f 8196//3341 8193//3341 7942//3341
f 7942//3341 8193//3341 7940//3341
f 8080//3342 8082//3342 8197//3342
f 8197//3342 8082//3342 8194//3342
f 8197//3342 8194//3342 8198//3342
f 8198//3342 8194//3342 8195//3342
f 8198//3342 8195//3342 8199//3342
f 8199//3342 8195//3342 8196//3342
f 8199//3342 8196//3342 7944//3342
f 7944//3342 8196//3342 7942//3342
f 8078//3344 8080//3344 8200//3344
f 8200//3343 8080//3343 8197//3343
f 8200//3344 8197//3344 8201//3344
f 8201//3343 8197//3343 8198//3343
f 8201//3344 8198//3344 8202//3344
f 8202//3343 8198//3343 8199//3343
f 8202//3344 8199//3344 7946//3344
f 7946//3343 8199//3343 7944//3343
f 8076//3346 8078//3346 8203//3346
f 8203//3345 8078//3345 8200//3345
f 8203//3346 8200//3346 8204//3346
f 8204//3345 8200//3345 8201//3345
f 8204//3346 8201//3346 8205//3346
f 8205//3345 8201//3345 8202//3345
f 8205//3346 8202//3346 7948//3346
f 7948//3345 8202//3345 7946//3345
f 8074//3348 8076//3348 8206//3348
f 8206//3347 8076//3347 8203//3347
f 8206//3348 8203//3348 8207//3348
f 8207//3347 8203//3347 8204//3347
f 8207//3348 8204//3348 8208//3348
f 8208//3347 8204//3347 8205//3347
f 8208//3348 8205//3348 7950//3348
f 7950//3347 8205//3347 7948//3347
f 8072//3349 8074//3349 8209//3349
f 8209//3349 8074//3349 8206//3349
f 8209//3349 8206//3349 8210//3349
f 8210//3349 8206//3349 8207//3349
f 8210//3349 8207//3349 8211//3349
f 8211//3349 8207//3349 8208//3349
f 8211//3349 8208//3349 7952//3349
f 7952//3349 8208//3349 7950//3349
f 8070//3350 8072//3350 8212//3350
f 8212//3350 8072//3350 8209//3350
f 8212//3350 8209//3350 8213//3350
f 8213//3350 8209//3350 8210//3350
f 8213//3350 8210//3350 8214//3350
f 8214//3350 8210//3350 8211//3350
f 8214//3350 8211//3350 7954//3350
f 7954//3350 8211//3350 7952//3350
f 8068//3351 8070//3351 8215//3351
f 8215//3351 8070//3351 8212//3351
f 8215//3351 8212//3351 8216//3351
f 8216//3351 8212//3351 8213//3351
f 8216//3351 8213//3351 8217//3351
f 8217//3351 8213//3351 8214//3351
f 8217//3351 8214//3351 7956//3351
f 7956//3351 8214//3351 7954//3351
f 8066//3353 8068//3353 8218//3353
f 8218//3352 8068//3352 8215//3352
f 8218//3353 8215//3353 8219//3353
f 8219//3352 8215//3352 8216//3352
f 8219//3353 8216//3353 8220//3353
f 8220//3352 8216//3352 8217//3352
f 8220//3353 8217//3353 7958//3353
f 7958//3352 8217//3352 7956//3352
f 8064//3354 8066//3354 8221//3354
f 8221//3354 8066//3354 8218//3354
f 8221//3354 8218//3354 8222//3354
f 8222//3354 8218//3354 8219//3354
f 8222//3354 8219//3354 8223//3354
f 8223//3354 8219//3354 8220//3354
f 8223//3354 8220//3354 7960//3354
f 7960//3354 8220//3354 7958//3354
f 8062//3355 8064//3355 8224//3355
f 8224//3355 8064//3355 8221//3355
f 8224//3355 8221//3355 8225//3355
f 8225//3355 8221//3355 8222//3355
f 8225//3355 8222//3355 8226//3355
f 8226//3355 8222//3355 8223//3355
f 8226//3355 8223//3355 7962//3355
f 7962//3355 8223//3355 7960//3355
f 8060//3357 8062//3357 8227//3357
f 8227//3356 8062//3356 8224//3356
f 8227//3357 8224//3357 8228//3357
f 8228//3356 8224//3356 8225//3356
f 8228//3357 8225//3357 8229//3357
f 8229//3356 8225//3356 8226//3356
f 8229//3357 8226//3357 7964//3357
f 7964//3356 8226//3356 7962//3356
f 8058//3358 8060//3358 8230//3358
f 8230//3358 8060//3358 8227//3358
f 8230//3358 8227//3358 8231//3358
f 8231//3358 8227//3358 8228//3358
f 8231//3358 8228//3358 8232//3358
f 8232//3358 8228//3358 8229//3358
f 8232//3358 8229//3358 7966//3358
f 7966//3358 8229//3358 7964//3358
f 7978//3359 8058//3359 8233//3359
f 8233//3359 8058//3359 8230//3359
f 8233//3359 8230//3359 8234//3359
f 8234//3359 8230//3359 8231//3359
f 8234//3359 8231//3359 8235//3359
f 8235//3359 8231//3359 8232//3359
f 8235//3359 8232//3359 7968//3359
f 7968//3359 8232//3359 7966//3359
f 8235//3123 7968//3123 7970//3123
f 7970//3361 7972//3361 8236//3361
f 8236//3362 7972//3362 7973//3362
f 8236//3361 7973//3361 8237//3361
f 8237//3362 7973//3362 7974//3362
f 8237//3361 7974//3361 7976//3361
f 8133//3310 7898//3310 7900//3310
f 8133//3311 7900//3311 8131//3311
f 8131//3312 7900//3312 7902//3312
f 8234//3123 8235//3123 8236//3123
f 8236//3360 8235//3360 7970//3360
f 8234//3360 8236//3360 8237//3360
f 8233//3123 8234//3123 8237//3123
f 8233//3360 8237//3360 7976//3360
f 7978//3123 8233//3123 7976//3123
f 8238//3367 8239//3367 8240//3367
f 8240//3367 8239//3367 8241//3367
f 8241//3368 8239//3368 8242//3368
f 8241//3369 8242//3369 8243//3369
f 8243//3370 8242//3370 8244//3370
f 8243//3371 8244//3371 8245//3371
f 8245//3372 8244//3372 8246//3372
f 8245//3372 8246//3372 8247//3372
f 8247//3045 8246//3045 8248//3045
f 8247//3045 8248//3045 8249//3045
f 8249//3373 8248//3373 8250//3373
f 8249//3373 8250//3373 8251//3373
f 8251//3374 8250//3374 8252//3374
f 8251//3374 8252//3374 8253//3374
f 8253//3375 8252//3375 7896//3375
f 8253//3376 7896//3376 8127//3376
f 8254//3377 8255//3377 8256//3377
f 8256//3377 8255//3377 8257//3377
f 8257//3378 8255//3378 8258//3378
f 8257//3379 8258//3379 8259//3379
f 8259//3380 8258//3380 8260//3380
f 8259//3380 8260//3380 8261//3380
f 8261//3381 8260//3381 8262//3381
f 8261//3382 8262//3382 8263//3382
f 8263//3383 8262//3383 8264//3383
f 8263//3383 8264//3383 8265//3383
f 8265//3384 8264//3384 8266//3384
f 8265//3384 8266//3384 8267//3384
f 8267//3385 8266//3385 8268//3385
f 8267//3386 8268//3386 8269//3386
f 8269//3387 8268//3387 8270//3387
f 8269//3387 8270//3387 8271//3387
f 8271//3388 8270//3388 8272//3388
f 8271//3388 8272//3388 8273//3388
f 8273//3389 8272//3389 8274//3389
f 8273//3389 8274//3389 8275//3389
f 8275//3390 8274//3390 8276//3390
f 8275//3390 8276//3390 8277//3390
f 8277//3391 8276//3391 8278//3391
f 8277//3391 8278//3391 8279//3391
f 8279//3392 8278//3392 8238//3392
f 8279//3392 8238//3392 8240//3392
f 8280//3393 8281//3393 8282//3393
f 8282//3393 8281//3393 8283//3393
f 8283//3394 8281//3394 8284//3394
f 8283//3395 8284//3395 8285//3395
f 8285//3396 8284//3396 8286//3396
f 8285//3396 8286//3396 8287//3396
f 8287//3397 8286//3397 8288//3397
f 8287//3397 8288//3397 8289//3397
f 8289//3398 8288//3398 8290//3398
f 8289//3399 8290//3399 8291//3399
f 8291//3400 8290//3400 8292//3400
f 8291//3400 8292//3400 8293//3400
f 8293//974 8292//974 8294//974
f 8293//3401 8294//3401 8295//3401
f 8295//3402 8294//3402 8296//3402
f 8295//3402 8296//3402 8297//3402
f 8297//3403 8296//3403 8254//3403
f 8297//3403 8254//3403 8256//3403
f 8298//3404 8299//3404 8300//3404
f 8300//3405 8299//3405 8301//3405
f 8301//3406 8299//3406 8302//3406
f 8301//3407 8302//3407 8303//3407
f 8303//3408 8302//3408 8304//3408
f 8303//3408 8304//3408 8305//3408
f 8305//3409 8304//3409 8306//3409
f 8305//3410 8306//3410 8307//3410
f 8307//3411 8306//3411 8308//3411
f 8307//3411 8308//3411 8309//3411
f 8309//3412 8308//3412 8310//3412
f 8309//3412 8310//3412 8311//3412
f 8311//3413 8310//3413 8312//3413
f 8311//3414 8312//3414 8313//3414
f 8313//3415 8312//3415 8314//3415
f 8313//3415 8314//3415 8315//3415
f 8315//3416 8314//3416 8316//3416
f 8315//3416 8316//3416 8317//3416
f 8317//3417 8316//3417 8318//3417
f 8317//3417 8318//3417 8319//3417
f 8319//3418 8318//3418 8320//3418
f 8319//3418 8320//3418 8321//3418
f 8321//3419 8320//3419 8322//3419
f 8321//3419 8322//3419 8323//3419
f 8323//3420 8322//3420 8280//3420
f 8323//3420 8280//3420 8282//3420
f 807//3421 8324//3421 808//3421
f 808//3421 8324//3421 8325//3421
f 8325//3422 8324//3422 8326//3422
f 8325//3422 8326//3422 8327//3422
f 8327//3423 8326//3423 8328//3423
f 8327//3424 8328//3424 8329//3424
f 8329//3425 8328//3425 8330//3425
f 8329//3425 8330//3425 8331//3425
f 8331//3426 8330//3426 8332//3426
f 8331//3426 8332//3426 8333//3426
f 8333//3427 8332//3427 8334//3427
f 8333//3427 8334//3427 8335//3427
f 8335//3428 8334//3428 8336//3428
f 8335//3428 8336//3428 8337//3428
f 8337//3429 8336//3429 8338//3429
f 8337//3430 8338//3430 8339//3430
f 8339//3431 8338//3431 8340//3431
f 8339//3431 8340//3431 8341//3431
f 8341//3432 8340//3432 8342//3432
f 8341//3432 8342//3432 8343//3432
f 8343//3433 8342//3433 8344//3433
f 8343//3434 8344//3434 8345//3434
f 8345//3435 8344//3435 8298//3435
f 8345//3436 8298//3436 8300//3436
f 32//3437 886//3437 31//3437
f 31//3437 886//3437 888//3437
f 31//3437 888//3437 847//3437
f 34//3437 882//3437 32//3437
f 32//3437 882//3437 884//3437
f 32//3437 884//3437 886//3437
f 882//3437 34//3437 880//3437
f 880//3437 34//3437 36//3437
f 880//3437 36//3437 878//3437
f 878//3437 36//3437 38//3437
f 878//3437 38//3437 876//3437
f 876//3437 38//3437 875//3437
f 875//3437 38//3437 40//3437
f 875//3437 40//3437 932//3437
f 932//3437 40//3437 42//3437
f 932//3437 42//3437 930//3437
f 930//3437 42//3437 44//3437
f 930//3437 44//3437 928//3437
f 928//3437 44//3437 46//3437
f 928//3437 46//3437 48//3437
f 48//3437 50//3437 928//3437
f 928//3437 50//3437 926//3437
f 926//3437 50//3437 52//3437
f 926//3437 52//3437 5888//3437
f 5888//3437 52//3437 99//3437
f 5888//3437 99//3437 98//3437
f 97//3437 5932//3437 98//3437
f 98//3437 5932//3437 5887//3437
f 98//3437 5887//3437 5888//3437
f 5932//3437 97//3437 5930//3437
f 5930//3437 97//3437 96//3437
f 5930//3437 96//3437 95//3437
f 5930//3437 95//3437 5928//3437
f 5928//3437 95//3437 94//3437
f 5928//3437 94//3437 5926//3437
f 5926//3437 94//3437 93//3437
f 5926//3437 93//3437 5924//3437
f 5924//3437 93//3437 92//3437
f 5924//3437 92//3437 5922//3437
f 5922//3437 92//3437 91//3437
f 5922//3437 91//3437 90//3437
f 90//3437 89//3437 5922//3437
f 5922//3437 89//3437 5920//3437
f 5920//3437 89//3437 88//3437
f 5920//3437 88//3437 87//3437
f 87//3437 86//3437 5920//3437
f 5920//3437 86//3437 85//3437
f 5920//3437 85//3437 84//3437
f 84//3437 101//3437 5920//3437
f 5920//3437 101//3437 103//3437
f 5920//3437 103//3437 105//3437
f 105//3437 107//3437 5920//3437
f 5920//3437 107//3437 5918//3437
f 5918//3437 107//3437 109//3437
f 5918//3437 109//3437 111//3437
f 111//3437 113//3437 5918//3437
f 5918//3437 113//3437 5916//3437
f 5916//3437 113//3437 115//3437
f 5916//3437 115//3437 117//3437
f 117//3437 119//3437 5916//3437
f 5916//3437 119//3437 121//3437
f 5916//3437 121//3437 123//3437
f 123//3437 128//3437 5916//3437
f 5916//3437 128//3437 130//3437
f 5916//3437 130//3437 132//3437
f 132//3437 134//3437 5916//3437
f 5916//3437 134//3437 136//3437
f 5916//3437 136//3437 138//3437
f 138//3437 140//3437 5916//3437
f 5916//3437 140//3437 142//3437
f 5916//3437 142//3437 144//3437
f 144//3437 146//3437 5916//3437
f 5916//3437 146//3437 148//3437
f 5916//3437 148//3437 150//3437
f 150//3437 152//3437 5916//3437
f 5916//3437 152//3437 154//3437
f 5916//3437 154//3437 5914//3437
f 5914//3437 154//3437 156//3437
f 5914//3437 156//3437 158//3437
f 158//3437 159//3437 5914//3437
f 5914//3437 159//3437 207//3437
f 5914//3437 207//3437 209//3437
f 209//3437 211//3437 5914//3437
f 5914//3437 211//3437 213//3437
f 5914//3437 213//3437 215//3437
f 215//3437 217//3437 5914//3437
f 5914//3437 217//3437 219//3437
f 5914//3437 219//3437 221//3437
f 221//3437 223//3437 5914//3437
f 5914//3437 223//3437 5912//3437
f 5912//3437 223//3437 225//3437
f 5912//3437 225//3437 227//3437
f 227//3437 229//3437 5912//3437
f 5912//3437 229//3437 5910//3437
f 5910//3437 229//3437 231//3437
f 5910//3437 231//3437 233//3437
f 5910//3437 233//3437 5908//3437
f 5908//3437 233//3437 235//3437
f 5908//3437 235//3437 237//3437
f 237//3437 239//3437 5908//3437
f 5908//3437 239//3437 5907//3437
f 5907//3437 239//3437 241//3437
f 5907//3437 241//3437 243//3437
f 243//3437 245//3437 5907//3437
f 5907//3437 245//3437 5950//3437
f 5950//3437 245//3437 247//3437
f 5950//3437 247//3437 249//3437
f 5950//3437 249//3437 5948//3437
f 5948//3437 249//3437 251//3437
f 5948//3437 251//3437 253//3437
f 253//3437 255//3437 5948//3437
f 5948//3437 255//3437 5946//3437
f 5946//3437 255//3437 257//3437
f 5946//3437 257//3437 259//3437
f 5946//3437 259//3437 5944//3437
f 5944//3437 259//3437 261//3437
f 5944//3437 261//3437 5942//3437
f 5942//3437 261//3437 263//3437
f 5942//3437 263//3437 5940//3437
f 5940//3437 263//3437 265//3437
f 5940//3437 265//3437 267//3437
f 5940//3437 267//3437 5938//3437
f 5938//3437 267//3437 269//3437
f 5938//3437 269//3437 271//3437
f 271//3437 273//3437 5938//3437
f 5938//3437 273//3437 275//3437
f 5938//3437 275//3437 5936//3437
f 5936//3437 275//3437 277//3437
f 5936//3437 277//3437 279//3437
f 279//3437 281//3437 5936//3437
f 5936//3437 281//3437 283//3437
f 5936//3437 283//3437 285//3437
f 285//3437 287//3437 5936//3437
f 5936//3437 287//3437 289//3437
f 5936//3437 289//3437 5935//3437
f 5935//3437 289//3437 5974//3437
f 5974//3437 289//3437 291//3437
f 5974//3437 291//3437 5972//3437
f 5972//3437 291//3437 5970//3437
f 5970//3437 291//3437 293//3437
f 5970//3437 293//3437 5968//3437
f 5968//3437 293//3437 295//3437
f 5968//3437 295//3437 5966//3437
f 5966//3437 295//3437 5964//3437
f 5964//3437 295//3437 5962//3437
f 5962//3437 295//3437 297//3437
f 5962//3437 297//3437 5960//3437
f 5960//3437 297//3437 299//3437
f 5960//3437 299//3437 5958//3437
f 5958//3437 299//3437 5956//3437
f 5956//3437 299//3437 301//3437
f 5956//3437 301//3437 5954//3437
f 5954//3437 301//3437 303//3437
f 5954//3437 303//3437 5953//3437
f 5953//3437 303//3437 305//3437
f 5953//3437 305//3437 6006//3437
f 6006//3437 305//3437 307//3437
f 6006//3437 307//3437 6004//3437
f 6004//3437 307//3437 309//3437
f 6004//3437 309//3437 6002//3437
f 6002//3437 309//3437 311//3437
f 6002//3437 311//3437 6000//3437
f 6000//3437 311//3437 313//3437
f 6000//3437 313//3437 315//3437
f 6000//3437 315//3437 5998//3437
f 5998//3437 315//3437 317//3437
f 5998//3437 317//3437 5996//3437
f 5996//3437 317//3437 319//3437
f 5996//3437 319//3437 5994//3437
f 5994//3437 319//3437 321//3437
f 5994//3437 321//3437 323//3437
f 5994//3437 323//3437 5992//3437
f 5992//3437 323//3437 325//3437
f 5992//3437 325//3437 5990//3437
f 5990//3437 325//3437 327//3437
f 5990//3437 327//3437 5988//3437
f 5988//3437 327//3437 329//3437
f 5988//3437 329//3437 5986//3437
f 5986//3437 329//3437 331//3437
f 5986//3437 331//3437 5984//3437
f 5984//3437 331//3437 5982//3437
f 5982//3437 331//3437 5980//3437
f 5980//3437 331//3437 5978//3437
f 5978//3437 331//3437 5977//3437
f 5977//3437 331//3437 333//3437
f 5977//3437 333//3437 6047//3437
f 6047//3437 333//3437 6045//3437
f 6045//3437 333//3437 6043//3437
f 6043//3437 333//3437 6041//3437
f 6041//3437 333//3437 6039//3437
f 6039//3437 333//3437 6037//3437
f 6037//3437 333//3437 6035//3437
f 6035//3437 333//3437 6777//3437
f 6035//3437 6777//3437 6033//3437
f 6033//3437 6777//3437 6031//3437
f 6031//3437 6777//3437 6029//3437
f 6029//3437 6777//3437 6027//3437
f 6027//3437 6777//3437 6025//3437
f 6025//3437 6777//3437 6023//3437
f 6023//3437 6777//3437 6021//3437
f 6021//3437 6777//3437 6019//3437
f 6019//3437 6777//3437 6017//3437
f 6017//3437 6777//3437 6015//3437
f 6015//3437 6777//3437 6013//3437
f 6013//3437 6777//3437 6112//3437
f 6013//3437 6112//3437 6114//3437
f 333//3437 335//3437 6777//3437
f 6777//3437 335//3437 6814//3437
f 6814//3437 335//3437 337//3437
f 6814//3437 337//3437 6812//3437
f 6812//3437 337//3437 339//3437
f 6812//3437 339//3437 6810//3437
f 6810//3437 339//3437 6808//3437
f 6808//3437 339//3437 6848//3437
f 6808//3437 6848//3437 6806//3437
f 6806//3437 6848//3437 6850//3437
f 6806//3437 6850//3437 6799//3437
f 6799//3437 6850//3437 6830//3437
f 6830//3437 6850//3437 6852//3437
f 6830//3437 6852//3437 6828//3437
f 6828//3437 6852//3437 6826//3437
f 6826//3437 6852//3437 6817//3437
f 6826//3437 6817//3437 6824//3437
f 6824//3437 6817//3437 6822//3437
f 6822//3437 6817//3437 6818//3437
f 6822//3437 6818//3437 6820//3437
f 341//3437 7260//3437 339//3437
f 339//3437 7260//3437 7165//3437
f 339//3437 7165//3437 6905//3437
f 6905//3437 7165//3437 7166//3437
f 6905//3437 7166//3437 7168//3437
f 343//3437 7235//3437 341//3437
f 341//3437 7235//3437 7236//3437
f 341//3437 7236//3437 7238//3437
f 343//3437 345//3437 7235//3437
f 7235//3437 345//3437 7288//3437
f 7288//3437 345//3437 347//3437
f 7288//3437 347//3437 349//3437
f 349//3437 351//3437 7288//3437
f 7288//3437 351//3437 7286//3437
f 7286//3437 351//3437 353//3437
f 7286//3437 353//3437 355//3437
f 355//3437 357//3437 7286//3437
f 7286//3437 357//3437 359//3437
f 7286//3437 359//3437 361//3437
f 361//3437 363//3437 7286//3437
f 7286//3437 363//3437 7284//3437
f 7284//3437 363//3437 367//3437
f 7284//3437 367//3437 7282//3437
f 7282//3437 367//3437 7280//3437
f 7280//3437 367//3437 7278//3437
f 7278//3437 367//3437 7270//3437
f 7278//3437 7270//3437 7276//3437
f 7276//3437 7270//3437 7274//3437
f 7274//3437 7270//3437 7272//3437
f 363//3437 365//3437 367//3437
f 369//3437 808//3437 367//3437
f 367//3437 808//3437 8325//3437
f 367//3437 8325//3437 8327//3437
f 369//3437 371//3437 808//3437
f 808//3437 371//3437 373//3437
f 808//3437 373//3437 375//3437
f 375//3437 377//3437 808//3437
f 808//3437 377//3437 379//3437
f 808//3437 379//3437 381//3437
f 808//3437 381//3437 806//3437
f 806//3437 381//3437 383//3437
f 806//3437 383//3437 804//3437
f 804//3437 383//3437 385//3437
f 804//3437 385//3437 802//3437
f 802//3437 385//3437 387//3437
f 802//3437 387//3437 800//3437
f 800//3437 387//3437 389//3437
f 800//3437 389//3437 391//3437
f 800//3437 391//3437 798//3437
f 798//3437 391//3437 393//3437
f 798//3437 393//3437 395//3437
f 395//3437 397//3437 798//3437
f 798//3437 397//3437 399//3437
f 798//3437 399//3437 796//3437
f 796//3437 399//3437 446//3437
f 796//3437 446//3437 445//3437
f 445//3437 444//3437 796//3437
f 796//3437 444//3437 443//3437
f 796//3437 443//3437 442//3437
f 442//3437 441//3437 796//3437
f 796//3437 441//3437 440//3437
f 796//3437 440//3437 439//3437
f 439//3437 438//3437 796//3437
f 796//3437 438//3437 794//3437
f 794//3437 438//3437 437//3437
f 794//3437 437//3437 436//3437
f 436//3437 435//3437 794//3437
f 794//3437 435//3437 434//3437
f 794//3437 434//3437 433//3437
f 433//3437 432//3437 794//3437
f 794//3437 432//3437 431//3437
f 794//3437 431//3437 593//3437
f 593//3437 591//3437 794//3437
f 794//3437 591//3437 589//3437
f 794//3437 589//3437 792//3437
f 792//3437 589//3437 587//3437
f 792//3437 587//3437 585//3437
f 792//3437 585//3437 790//3437
f 790//3437 585//3437 583//3437
f 790//3437 583//3437 581//3437
f 581//3437 579//3437 790//3437
f 790//3437 579//3437 577//3437
f 790//3437 577//3437 575//3437
f 575//3437 573//3437 790//3437
f 790//3437 573//3437 571//3437
f 790//3437 571//3437 569//3437
f 569//3437 506//3437 790//3437
f 790//3437 506//3437 505//3437
f 790//3437 505//3437 553//3437
f 553//3437 567//3437 790//3437
f 790//3437 567//3437 565//3437
f 790//3437 565//3437 563//3437
f 563//3437 561//3437 790//3437
f 790//3437 561//3437 554//3437
f 790//3437 554//3437 547//3437
f 547//3437 702//3437 790//3437
f 790//3437 702//3437 704//3437
f 790//3437 704//3437 706//3437
f 706//3437 708//3437 790//3437
f 790//3437 708//3437 710//3437
f 790//3437 710//3437 712//3437
f 712//3437 714//3437 790//3437
f 790//3437 714//3437 716//3437
f 790//3437 716//3437 718//3437
f 718//3437 720//3437 790//3437
f 790//3437 720//3437 788//3437
f 788//3437 720//3437 722//3437
f 788//3437 722//3437 724//3437
f 724//3437 726//3437 788//3437
f 788//3437 726//3437 786//3437
f 786//3437 726//3437 728//3437
f 786//3437 728//3437 730//3437
f 786//3437 730//3437 785//3437
f 785//3437 730//3437 732//3437
f 785//3437 732//3437 828//3437
f 828//3437 732//3437 734//3437
f 828//3437 734//3437 826//3437
f 826//3437 734//3437 736//3437
f 826//3437 736//3437 824//3437
f 824//3437 736//3437 738//3437
f 824//3437 738//3437 822//3437
f 822//3437 738//3437 740//3437
f 822//3437 740//3437 742//3437
f 822//3437 742//3437 820//3437
f 820//3437 742//3437 744//3437
f 820//3437 744//3437 818//3437
f 818//3437 744//3437 746//3437
f 818//3437 746//3437 816//3437
f 816//3437 746//3437 748//3437
f 816//3437 748//3437 814//3437
f 814//3437 748//3437 812//3437
f 812//3437 748//3437 750//3437
f 812//3437 750//3437 811//3437
f 811//3437 750//3437 844//3437
f 844//3437 750//3437 752//3437
f 844//3437 752//3437 842//3437
f 842//3437 752//3437 754//3437
f 842//3437 754//3437 840//3437
f 840//3437 754//3437 838//3437
f 838//3437 754//3437 756//3437
f 838//3437 756//3437 836//3437
f 836//3437 756//3437 758//3437
f 836//3437 758//3437 834//3437
f 834//3437 758//3437 760//3437
f 834//3437 760//3437 832//3437
f 832//3437 760//3437 762//3437
f 832//3437 762//3437 764//3437
f 832//3437 764//3437 831//3437
f 831//3437 764//3437 766//3437
f 831//3437 766//3437 768//3437
f 831//3437 768//3437 872//3437
f 872//3437 768//3437 770//3437
f 872//3437 770//3437 870//3437
f 870//3437 770//3437 772//3437
f 870//3437 772//3437 868//3437
f 868//3437 772//3437 774//3437
f 868//3437 774//3437 866//3437
f 866//3437 774//3437 776//3437
f 866//3437 776//3437 864//3437
f 864//3437 776//3437 862//3437
f 862//3437 776//3437 778//3437
f 862//3437 778//3437 860//3437
f 860//3437 778//3437 780//3437
f 860//3437 780//3437 858//3437
f 858//3437 780//3437 856//3437
f 856//3437 780//3437 854//3437
f 854//3437 780//3437 852//3437
f 852//3437 780//3437 850//3437
f 850//3437 780//3437 782//3437
f 850//3437 782//3437 848//3437
f 848//3437 782//3437 847//3437
f 847//3437 782//3437 31//3437
f 8327//3437 8329//3437 367//3437
f 367//3437 8329//3437 8331//3437
f 367//3437 8331//3437 8333//3437
f 8333//3437 8335//3437 367//3437
f 367//3437 8335//3437 8337//3437
f 367//3437 8337//3437 8339//3437
f 8339//3437 8341//3437 367//3437
f 367//3437 8341//3437 8343//3437
f 367//3437 8343//3437 8345//3437
f 8345//3437 8300//3437 367//3437
f 367//3437 8300//3437 8247//3437
f 367//3437 8247//3437 8249//3437
f 8301//3437 8303//3437 8300//3437
f 8300//3437 8303//3437 8293//3437
f 8300//3437 8293//3437 8295//3437
f 8303//3437 8305//3437 8293//3437
f 8293//3437 8305//3437 8307//3437
f 8293//3437 8307//3437 8309//3437
f 8309//3437 8311//3437 8293//3437
f 8293//3437 8311//3437 8313//3437
f 8293//3437 8313//3437 8315//3437
f 8315//3437 8317//3437 8293//3437
f 8293//3437 8317//3437 8291//3437
f 8291//3437 8317//3437 8319//3437
f 8291//3437 8319//3437 8321//3437
f 8321//3437 8323//3437 8291//3437
f 8291//3437 8323//3437 8282//3437
f 8291//3437 8282//3437 8283//3437
f 8283//3437 8285//3437 8291//3437
f 8291//3437 8285//3437 8287//3437
f 8291//3437 8287//3437 8289//3437
f 8295//3437 8297//3437 8300//3437
f 8300//3437 8297//3437 8247//3437
f 8297//3437 8256//3437 8247//3437
f 8247//3437 8256//3437 8257//3437
f 8247//3437 8257//3437 8259//3437
f 8261//3437 8275//3437 8259//3437
f 8259//3437 8275//3437 8277//3437
f 8259//3437 8277//3437 8279//3437
f 8275//3437 8261//3437 8273//3437
f 8273//3437 8261//3437 8263//3437
f 8273//3437 8263//3437 8271//3437
f 8271//3437 8263//3437 8265//3437
f 8271//3437 8265//3437 8269//3437
f 8269//3437 8265//3437 8267//3437
f 8279//3437 8240//3437 8259//3437
f 8259//3437 8240//3437 8241//3437
f 8259//3437 8241//3437 8243//3437
f 8243//3437 8245//3437 8259//3437
f 8259//3437 8245//3437 8247//3437
f 8249//3437 8251//3437 367//3437
f 367//3437 8251//3437 8253//3437
f 367//3437 8253//3437 8127//3437
f 8127//3437 8125//3437 367//3437
f 367//3437 8125//3437 8123//3437
f 367//3437 8123//3437 8121//3437
f 8121//3437 8119//3437 367//3437
f 367//3437 8119//3437 8117//3437
f 367//3437 8117//3437 8103//3437
f 8103//3437 8117//3437 8105//3437
f 8105//3437 8117//3437 8115//3437
f 8105//3437 8115//3437 8113//3437
f 8111//3437 8109//3437 8113//3437
f 8113//3437 8109//3437 8107//3437
f 8113//3437 8107//3437 8105//3437
f 8103//3437 8101//3437 367//3437
f 367//3437 8101//3437 8099//3437
f 367//3437 8099//3437 8097//3437
f 8097//3437 8095//3437 367//3437
f 367//3437 8095//3437 8093//3437
f 367//3437 8093//3437 8091//3437
f 8091//3437 8089//3437 367//3437
f 367//3437 8089//3437 8087//3437
f 367//3437 8087//3437 8085//3437
f 367//3437 8085//3437 7882//3437
f 7882//3437 8085//3437 8083//3437
f 7882//3437 8083//3437 7884//3437
f 7884//3437 8083//3437 8081//3437
f 7884//3437 8081//3437 7886//3437
f 7886//3437 8081//3437 7888//3437
f 7888//3437 8081//3437 8079//3437
f 7888//3437 8079//3437 7890//3437
f 7890//3437 8079//3437 8077//3437
f 7890//3437 8077//3437 7892//3437
f 7892//3437 8077//3437 7853//3437
f 7853//3437 8077//3437 8075//3437
f 7853//3437 8075//3437 8056//3437
f 8056//3437 8075//3437 8057//3437
f 8057//3437 8075//3437 8073//3437
f 8057//3437 8073//3437 7979//3437
f 7979//3437 8073//3437 7980//3437
f 7980//3437 8073//3437 8071//3437
f 7980//3437 8071//3437 8059//3437
f 8059//3437 8071//3437 8061//3437
f 8061//3437 8071//3437 8063//3437
f 8063//3437 8071//3437 8065//3437
f 8065//3437 8071//3437 8067//3437
f 8067//3437 8071//3437 8069//3437
f 367//3437 7882//3437 7694//3437
f 7694//3437 7882//3437 7880//3437
f 7694//3437 7880//3437 7692//3437
f 7692//3437 7880//3437 7690//3437
f 7690//3437 7880//3437 7688//3437
f 7688//3437 7880//3437 7878//3437
f 7688//3437 7878//3437 7686//3437
f 7686//3437 7878//3437 7876//3437
f 7686//3437 7876//3437 7874//3437
f 7872//3437 7866//3437 7874//3437
f 7874//3437 7866//3437 7864//3437
f 7874//3437 7864//3437 7686//3437
f 7686//3437 7864//3437 7684//3437
f 7684//3437 7864//3437 7683//3437
f 7683//3437 7864//3437 7830//3437
f 7830//3437 7864//3437 7862//3437
f 7830//3437 7862//3437 7860//3437
f 7872//3437 7870//3437 7866//3437
f 7866//3437 7870//3437 7868//3437
f 7858//3437 7856//3437 7860//3437
f 7860//3437 7856//3437 7854//3437
f 7860//3437 7854//3437 7830//3437
f 7694//3437 7696//3437 367//3437
f 367//3437 7696//3437 7698//3437
f 367//3437 7698//3437 7700//3437
f 367//3437 7700//3437 7677//3437
f 7677//3437 7700//3437 7702//3437
f 7677//3437 7702//3437 7678//3437
f 7678//3437 7702//3437 7704//3437
f 7678//3437 7704//3437 7644//3437
f 7644//3437 7704//3437 7706//3437
f 7644//3437 7706//3437 7708//3437
f 7708//3437 7710//3437 7644//3437
f 7644//3437 7710//3437 7714//3437
f 7714//3437 7710//3437 7712//3437
f 7677//3437 7676//3437 367//3437
f 367//3437 7676//3437 7675//3437
f 367//3437 7675//3437 7674//3437
f 7674//3437 7673//3437 367//3437
f 367//3437 7673//3437 7672//3437
f 367//3437 7672//3437 7671//3437
f 7671//3437 7670//3437 367//3437
f 367//3437 7670//3437 7669//3437
f 367//3437 7669//3437 7668//3437
f 7622//3437 7623//3437 7668//3437
f 7668//3437 7623//3437 7625//3437
f 7668//3437 7625//3437 7627//3437
f 7627//3437 7629//3437 7668//3437
f 7668//3437 7629//3437 7631//3437
f 7668//3437 7631//3437 7633//3437
f 7633//3437 7635//3437 7668//3437
f 7668//3437 7635//3437 367//3437
f 7635//3437 7637//3437 367//3437
f 367//3437 7637//3437 7639//3437
f 367//3437 7639//3437 7641//3437
f 7641//3437 7643//3437 367//3437
f 367//3437 7643//3437 7604//3437
f 367//3437 7604//3437 7605//3437
f 367//3437 7605//3437 7613//3437
f 7613//3437 7605//3437 7607//3437
f 7613//3437 7607//3437 7611//3437
f 7611//3437 7607//3437 7609//3437
f 7613//3437 7615//3437 367//3437
f 367//3437 7615//3437 7617//3437
f 367//3437 7617//3437 7619//3437
f 7619//3437 7552//3437 367//3437
f 367//3437 7552//3437 7601//3437
f 367//3437 7601//3437 7600//3437
f 7600//3437 7599//3437 367//3437
f 367//3437 7599//3437 7420//3437
f 367//3437 7420//3437 7418//3437
f 7599//3437 7598//3437 7420//3437
f 7420//3437 7598//3437 7422//3437
f 7422//3437 7598//3437 7424//3437
f 7424//3437 7598//3437 7426//3437
f 7426//3437 7598//3437 7428//3437
f 7428//3437 7598//3437 7430//3437
f 7430//3437 7598//3437 7432//3437
f 7432//3437 7598//3437 7597//3437
f 7432//3437 7597//3437 7434//3437
f 7434//3437 7597//3437 7596//3437
f 7434//3437 7596//3437 7436//3437
f 7436//3437 7596//3437 7438//3437
f 7438//3437 7596//3437 7595//3437
f 7438//3437 7595//3437 7594//3437
f 7594//3437 7593//3437 7438//3437
f 7438//3437 7593//3437 7592//3437
f 7438//3437 7592//3437 7591//3437
f 7591//3437 7590//3437 7438//3437
f 7438//3437 7590//3437 7440//3437
f 7440//3437 7590//3437 7589//3437
f 7440//3437 7589//3437 7588//3437
f 7588//3437 7587//3437 7440//3437
f 7440//3437 7587//3437 7586//3437
f 7440//3437 7586//3437 7442//3437
f 7442//3437 7586//3437 7468//3437
f 7442//3437 7468//3437 7466//3437
f 7442//3437 7466//3437 7444//3437
f 7444//3437 7466//3437 7464//3437
f 7444//3437 7464//3437 7446//3437
f 7446//3437 7464//3437 7462//3437
f 7446//3437 7462//3437 7460//3437
f 7460//3437 7458//3437 7446//3437
f 7446//3437 7458//3437 7448//3437
f 7448//3437 7458//3437 7456//3437
f 7448//3437 7456//3437 7454//3437
f 7454//3437 7452//3437 7448//3437
f 7448//3437 7452//3437 7450//3437
f 7418//3437 7357//3437 367//3437
f 367//3437 7357//3437 7356//3437
f 367//3437 7356//3437 7416//3437
f 7416//3437 7415//3437 367//3437
f 367//3437 7415//3437 7267//3437
f 367//3437 7267//3437 7268//3437
f 7268//3437 7270//3437 367//3437
f 7238//3437 7240//3437 341//3437
f 341//3437 7240//3437 7242//3437
f 341//3437 7242//3437 7244//3437
f 7244//3437 7246//3437 341//3437
f 341//3437 7246//3437 7248//3437
f 341//3437 7248//3437 7250//3437
f 7250//3437 7252//3437 341//3437
f 341//3437 7252//3437 7254//3437
f 341//3437 7254//3437 7256//3437
f 7256//3437 7258//3437 341//3437
f 341//3437 7258//3437 7260//3437
f 7260//3437 7262//3437 7165//3437
f 7165//3437 7262//3437 7264//3437
f 7165//3437 7264//3437 7220//3437
f 7220//3437 7264//3437 7207//3437
f 7220//3437 7207//3437 7218//3437
f 7218//3437 7207//3437 7216//3437
f 7216//3437 7207//3437 7214//3437
f 7214//3437 7207//3437 7212//3437
f 7212//3437 7207//3437 7210//3437
f 7210//3437 7207//3437 7208//3437
f 7220//3437 7222//3437 7165//3437
f 7165//3437 7222//3437 7224//3437
f 7165//3437 7224//3437 7226//3437
f 7226//3437 7228//3437 7165//3437
f 7165//3437 7228//3437 7230//3437
f 7165//3437 7230//3437 7232//3437
f 7168//3437 7170//3437 6905//3437
f 6905//3437 7170//3437 7172//3437
f 6905//3437 7172//3437 7174//3437
f 7174//3437 7176//3437 6905//3437
f 6905//3437 7176//3437 7178//3437
f 6905//3437 7178//3437 7180//3437
f 7180//3437 7182//3437 6905//3437
f 6905//3437 7182//3437 7184//3437
f 6905//3437 7184//3437 7186//3437
f 7186//3437 7188//3437 6905//3437
f 6905//3437 7188//3437 7190//3437
f 6905//3437 7190//3437 7192//3437
f 6905//3437 7192//3437 7090//3437
f 7090//3437 7192//3437 7194//3437
f 7090//3437 7194//3437 7196//3437
f 7090//3437 7196//3437 7088//3437
f 7088//3437 7196//3437 7198//3437
f 7088//3437 7198//3437 7200//3437
f 7200//3437 7202//3437 7088//3437
f 7088//3437 7202//3437 7204//3437
f 7088//3437 7204//3437 7133//3437
f 7134//3437 7045//3437 7133//3437
f 7133//3437 7045//3437 7078//3437
f 7133//3437 7078//3437 7080//3437
f 7134//3437 7136//3437 7045//3437
f 7045//3437 7136//3437 7138//3437
f 7045//3437 7138//3437 7140//3437
f 7140//3437 7142//3437 7045//3437
f 7045//3437 7142//3437 7144//3437
f 7045//3437 7144//3437 7146//3437
f 7146//3437 7148//3437 7045//3437
f 7045//3437 7148//3437 7150//3437
f 7045//3437 7150//3437 7152//3437
f 7152//3437 7154//3437 7045//3437
f 7045//3437 7154//3437 7156//3437
f 7045//3437 7156//3437 7158//3437
f 7158//3437 7160//3437 7045//3437
f 7045//3437 7160//3437 7162//3437
f 7045//3437 7162//3437 7095//3437
f 7095//3437 7096//3437 7045//3437
f 7045//3437 7096//3437 7098//3437
f 7045//3437 7098//3437 7124//3437
f 7124//3437 7098//3437 7100//3437
f 7124//3437 7100//3437 7102//3437
f 7104//3437 7118//3437 7102//3437
f 7102//3437 7118//3437 7120//3437
f 7102//3437 7120//3437 7122//3437
f 7106//3437 7112//3437 7104//3437
f 7104//3437 7112//3437 7114//3437
f 7104//3437 7114//3437 7116//3437
f 7108//3437 7110//3437 7106//3437
f 7106//3437 7110//3437 7112//3437
f 7116//3437 7118//3437 7104//3437
f 7122//3437 7124//3437 7102//3437
f 7126//3437 7128//3437 7124//3437
f 7124//3437 7128//3437 7130//3437
f 7124//3437 7130//3437 7045//3437
f 7046//3437 7070//3437 7045//3437
f 7045//3437 7070//3437 7072//3437
f 7045//3437 7072//3437 7074//3437
f 7048//3437 7066//3437 7046//3437
f 7046//3437 7066//3437 7068//3437
f 7046//3437 7068//3437 7070//3437
f 7050//3437 7060//3437 7048//3437
f 7048//3437 7060//3437 7062//3437
f 7048//3437 7062//3437 7064//3437
f 7060//3437 7050//3437 7058//3437
f 7058//3437 7050//3437 7052//3437
f 7058//3437 7052//3437 7054//3437
f 7054//3437 7056//3437 7058//3437
f 7064//3437 7066//3437 7048//3437
f 7074//3437 7076//3437 7045//3437
f 7045//3437 7076//3437 7078//3437
f 7080//3437 7082//3437 7133//3437
f 7133//3437 7082//3437 7084//3437
f 7133//3437 7084//3437 7086//3437
f 7086//3437 7088//3437 7133//3437
f 7090//3437 7092//3437 6905//3437
f 6905//3437 7092//3437 7005//3437
f 6905//3437 7005//3437 7006//3437
f 7006//3437 7008//3437 6905//3437
f 6905//3437 7008//3437 7010//3437
f 6905//3437 7010//3437 7012//3437
f 7012//3437 7014//3437 6905//3437
f 6905//3437 7014//3437 7016//3437
f 6905//3437 7016//3437 7018//3437
f 7020//3437 6946//3437 7018//3437
f 7018//3437 6946//3437 6948//3437
f 7018//3437 6948//3437 6950//3437
f 7022//3437 6940//3437 7020//3437
f 7020//3437 6940//3437 6942//3437
f 7020//3437 6942//3437 6944//3437
f 7024//3437 6936//3437 7022//3437
f 7022//3437 6936//3437 6938//3437
f 7022//3437 6938//3437 6940//3437
f 6936//3437 7024//3437 6935//3437
f 6935//3437 7024//3437 7026//3437
f 6935//3437 7026//3437 6980//3437
f 6980//3437 7026//3437 7028//3437
f 6980//3437 7028//3437 6978//3437
f 6978//3437 7028//3437 6992//3437
f 6978//3437 6992//3437 6994//3437
f 7028//3437 7030//3437 6992//3437
f 6992//3437 7030//3437 6990//3437
f 6990//3437 7030//3437 6988//3437
f 6988//3437 7030//3437 7032//3437
f 6988//3437 7032//3437 6986//3437
f 6986//3437 7032//3437 7034//3437
f 6986//3437 7034//3437 6984//3437
f 6984//3437 7034//3437 7036//3437
f 6984//3437 7036//3437 7038//3437
f 7038//3437 7040//3437 6984//3437
f 6984//3437 7040//3437 6983//3437
f 6983//3437 7040//3437 7042//3437
f 6978//3437 6994//3437 6976//3437
f 6976//3437 6994//3437 6996//3437
f 6976//3437 6996//3437 6974//3437
f 6974//3437 6996//3437 6998//3437
f 6974//3437 6998//3437 6972//3437
f 6972//3437 6998//3437 7000//3437
f 6972//3437 7000//3437 7002//3437
f 6961//3437 6968//3437 7002//3437
f 7002//3437 6968//3437 6970//3437
f 7002//3437 6970//3437 6972//3437
f 6961//3437 6962//3437 6968//3437
f 6968//3437 6962//3437 6964//3437
f 6968//3437 6964//3437 6966//3437
f 6944//3437 6946//3437 7020//3437
f 6950//3437 6952//3437 7018//3437
f 7018//3437 6952//3437 6954//3437
f 7018//3437 6954//3437 6956//3437
f 6956//3437 6958//3437 7018//3437
f 7018//3437 6958//3437 6905//3437
f 6906//3437 6908//3437 6905//3437
f 6905//3437 6908//3437 6910//3437
f 6905//3437 6910//3437 6912//3437
f 6905//3437 6912//3437 6883//3437
f 6883//3437 6912//3437 6914//3437
f 6883//3437 6914//3437 6916//3437
f 6916//3437 6918//3437 6883//3437
f 6883//3437 6918//3437 6920//3437
f 6883//3437 6920//3437 6922//3437
f 6922//3437 6924//3437 6883//3437
f 6883//3437 6924//3437 6926//3437
f 6883//3437 6926//3437 6928//3437
f 6930//3437 6932//3437 6928//3437
f 6928//3437 6932//3437 6883//3437
f 6883//3437 6884//3437 6905//3437
f 6905//3437 6884//3437 339//3437
f 6884//3437 6886//3437 339//3437
f 339//3437 6886//3437 6848//3437
f 6848//3437 6886//3437 6846//3437
f 6846//3437 6886//3437 6888//3437
f 6846//3437 6888//3437 6844//3437
f 6844//3437 6888//3437 6890//3437
f 6844//3437 6890//3437 6842//3437
f 6842//3437 6890//3437 6892//3437
f 6842//3437 6892//3437 6840//3437
f 6840//3437 6892//3437 6894//3437
f 6840//3437 6894//3437 6896//3437
f 6896//3437 6898//3437 6840//3437
f 6840//3437 6898//3437 6838//3437
f 6838//3437 6898//3437 6900//3437
f 6838//3437 6900//3437 6836//3437
f 6836//3437 6900//3437 6902//3437
f 6836//3437 6902//3437 6866//3437
f 6866//3437 6902//3437 6864//3437
f 6864//3437 6902//3437 6855//3437
f 6864//3437 6855//3437 6862//3437
f 6862//3437 6855//3437 6860//3437
f 6860//3437 6855//3437 6858//3437
f 6858//3437 6855//3437 6856//3437
f 6866//3437 6868//3437 6836//3437
f 6836//3437 6868//3437 6870//3437
f 6836//3437 6870//3437 6834//3437
f 6834//3437 6870//3437 6872//3437
f 6834//3437 6872//3437 6874//3437
f 6876//3437 6878//3437 6874//3437
f 6874//3437 6878//3437 6880//3437
f 6874//3437 6880//3437 6833//3437
f 6833//3437 6834//3437 6874//3437
f 6806//3437 6799//3437 6804//3437
f 6804//3437 6799//3437 6800//3437
f 6804//3437 6800//3437 6802//3437
f 6778//3437 6661//3437 6777//3437
f 6777//3437 6661//3437 6663//3437
f 6777//3437 6663//3437 6665//3437
f 6778//3437 6780//3437 6661//3437
f 6661//3437 6780//3437 6659//3437
f 6659//3437 6780//3437 6782//3437
f 6659//3437 6782//3437 6657//3437
f 6657//3437 6782//3437 6655//3437
f 6655//3437 6782//3437 6784//3437
f 6655//3437 6784//3437 6653//3437
f 6653//3437 6784//3437 6651//3437
f 6651//3437 6784//3437 6649//3437
f 6649//3437 6784//3437 6786//3437
f 6649//3437 6786//3437 6648//3437
f 6648//3437 6786//3437 6788//3437
f 6648//3437 6788//3437 6790//3437
f 6648//3437 6790//3437 6686//3437
f 6686//3437 6790//3437 6792//3437
f 6686//3437 6792//3437 6687//3437
f 6687//3437 6792//3437 6794//3437
f 6687//3437 6794//3437 6688//3437
f 6688//3437 6794//3437 6796//3437
f 6688//3437 6796//3437 6689//3437
f 6689//3437 6796//3437 6697//3437
f 6689//3437 6697//3437 6698//3437
f 6689//3437 6698//3437 6690//3437
f 6690//3437 6698//3437 6700//3437
f 6690//3437 6700//3437 6691//3437
f 6691//3437 6700//3437 6702//3437
f 6691//3437 6702//3437 6692//3437
f 6692//3437 6702//3437 6704//3437
f 6692//3437 6704//3437 6730//3437
f 6730//3437 6704//3437 6706//3437
f 6730//3437 6706//3437 6728//3437
f 6728//3437 6706//3437 6726//3437
f 6726//3437 6706//3437 6724//3437
f 6724//3437 6706//3437 6708//3437
f 6724//3437 6708//3437 6722//3437
f 6722//3437 6708//3437 6720//3437
f 6720//3437 6708//3437 6718//3437
f 6718//3437 6708//3437 6710//3437
f 6718//3437 6710//3437 6716//3437
f 6716//3437 6710//3437 6714//3437
f 6714//3437 6710//3437 6712//3437
f 6732//3437 6736//3437 6730//3437
f 6730//3437 6736//3437 6670//3437
f 6730//3437 6670//3437 6692//3437
f 6732//3437 6734//3437 6736//3437
f 6665//3437 6667//3437 6777//3437
f 6777//3437 6667//3437 6669//3437
f 6777//3437 6669//3437 6620//3437
f 6621//3437 6228//3437 6620//3437
f 6620//3437 6228//3437 6230//3437
f 6620//3437 6230//3437 6232//3437
f 6228//3437 6621//3437 6226//3437
f 6226//3437 6621//3437 6623//3437
f 6226//3437 6623//3437 6596//3437
f 6596//3437 6623//3437 6625//3437
f 6596//3437 6625//3437 6645//3437
f 6645//3437 6625//3437 6627//3437
f 6645//3437 6627//3437 6643//3437
f 6643//3437 6627//3437 6641//3437
f 6641//3437 6627//3437 6629//3437
f 6641//3437 6629//3437 6639//3437
f 6639//3437 6629//3437 6637//3437
f 6637//3437 6629//3437 6635//3437
f 6635//3437 6629//3437 6633//3437
f 6633//3437 6629//3437 6631//3437
f 6226//3437 6596//3437 6224//3437
f 6224//3437 6596//3437 6597//3437
f 6224//3437 6597//3437 6222//3437
f 6222//3437 6597//3437 6220//3437
f 6220//3437 6597//3437 6599//3437
f 6220//3437 6599//3437 6219//3437
f 6219//3437 6599//3437 6601//3437
f 6219//3437 6601//3437 6603//3437
f 6603//3437 6605//3437 6219//3437
f 6219//3437 6605//3437 6607//3437
f 6219//3437 6607//3437 6609//3437
f 6609//3437 6611//3437 6219//3437
f 6219//3437 6611//3437 6286//3437
f 6219//3437 6286//3437 6288//3437
f 6611//3437 6613//3437 6286//3437
f 6286//3437 6613//3437 6284//3437
f 6284//3437 6613//3437 6615//3437
f 6284//3437 6615//3437 6617//3437
f 6284//3437 6617//3437 6282//3437
f 6282//3437 6617//3437 6572//3437
f 6282//3437 6572//3437 6280//3437
f 6280//3437 6572//3437 6278//3437
f 6278//3437 6572//3437 6276//3437
f 6276//3437 6572//3437 6275//3437
f 6275//3437 6572//3437 6314//3437
f 6314//3437 6572//3437 6312//3437
f 6312//3437 6572//3437 6310//3437
f 6310//3437 6572//3437 6308//3437
f 6308//3437 6572//3437 6306//3437
f 6306//3437 6572//3437 6304//3437
f 6304//3437 6572//3437 6573//3437
f 6304//3437 6573//3437 6302//3437
f 6302//3437 6573//3437 6575//3437
f 6302//3437 6575//3437 6300//3437
f 6300//3437 6575//3437 6577//3437
f 6300//3437 6577//3437 6298//3437
f 6298//3437 6577//3437 6579//3437
f 6298//3437 6579//3437 6544//3437
f 6544//3437 6579//3437 6581//3437
f 6544//3437 6581//3437 6583//3437
f 6583//3437 6585//3437 6544//3437
f 6544//3437 6585//3437 6587//3437
f 6544//3437 6587//3437 6589//3437
f 6589//3437 6591//3437 6544//3437
f 6544//3437 6591//3437 6593//3437
f 6545//3437 6291//3437 6544//3437
f 6544//3437 6291//3437 6292//3437
f 6544//3437 6292//3437 6294//3437
f 6545//3437 6547//3437 6291//3437
f 6291//3437 6547//3437 6526//3437
f 6291//3437 6526//3437 6474//3437
f 6474//3437 6526//3437 6527//3437
f 6474//3437 6527//3437 6529//3437
f 6547//3437 6549//3437 6526//3437
f 6526//3437 6549//3437 6551//3437
f 6526//3437 6551//3437 6553//3437
f 6553//3437 6555//3437 6526//3437
f 6526//3437 6555//3437 6557//3437
f 6526//3437 6557//3437 6559//3437
f 6559//3437 6561//3437 6526//3437
f 6526//3437 6561//3437 6563//3437
f 6526//3437 6563//3437 6565//3437
f 6565//3437 6567//3437 6526//3437
f 6526//3437 6567//3437 6569//3437
f 6531//3437 6535//3437 6529//3437
f 6529//3437 6535//3437 6537//3437
f 6529//3437 6537//3437 6539//3437
f 6531//3437 6533//3437 6535//3437
f 6539//3437 6541//3437 6529//3437
f 6529//3437 6541//3437 6474//3437
f 6523//3437 6510//3437 6474//3437
f 6474//3437 6510//3437 6509//3437
f 6474//3437 6509//3437 6508//3437
f 6523//3437 6522//3437 6510//3437
f 6510//3437 6522//3437 6511//3437
f 6511//3437 6522//3437 6521//3437
f 6511//3437 6521//3437 6512//3437
f 6512//3437 6521//3437 6520//3437
f 6512//3437 6520//3437 6519//3437
f 6519//3437 6518//3437 6512//3437
f 6512//3437 6518//3437 6513//3437
f 6513//3437 6518//3437 6514//3437
f 6514//3437 6518//3437 6517//3437
f 6514//3437 6517//3437 6515//3437
f 6515//3437 6517//3437 6516//3437
f 6508//3437 6450//3437 6474//3437
f 6474//3437 6450//3437 6451//3437
f 6474//3437 6451//3437 6291//3437
f 6291//3437 6451//3437 6407//3437
f 6291//3437 6407//3437 6447//3437
f 6407//3437 6451//3437 6473//3437
f 6473//3437 6451//3437 6453//3437
f 6473//3437 6453//3437 6471//3437
f 6471//3437 6453//3437 6469//3437
f 6469//3437 6453//3437 6455//3437
f 6469//3437 6455//3437 6467//3437
f 6467//3437 6455//3437 6465//3437
f 6465//3437 6455//3437 6457//3437
f 6465//3437 6457//3437 6463//3437
f 6463//3437 6457//3437 6461//3437
f 6461//3437 6457//3437 6459//3437
f 6291//3437 6447//3437 6333//3437
f 6333//3437 6447//3437 6446//3437
f 6333//3437 6446//3437 6445//3437
f 6445//3437 6444//3437 6333//3437
f 6333//3437 6444//3437 6391//3437
f 6391//3437 6444//3437 6392//3437
f 6392//3437 6444//3437 6393//3437
f 6393//3437 6444//3437 6443//3437
f 6393//3437 6443//3437 6394//3437
f 6394//3437 6443//3437 6442//3437
f 6394//3437 6442//3437 6395//3437
f 6395//3437 6442//3437 6441//3437
f 6395//3437 6441//3437 6440//3437
f 6440//3437 6439//3437 6395//3437
f 6395//3437 6439//3437 6396//3437
f 6396//3437 6439//3437 6438//3437
f 6396//3437 6438//3437 6437//3437
f 6437//3437 6436//3437 6396//3437
f 6396//3437 6436//3437 6435//3437
f 6396//3437 6435//3437 6397//3437
f 6397//3437 6435//3437 6357//3437
f 6397//3437 6357//3437 6406//3437
f 6397//3437 6406//3437 6398//3437
f 6398//3437 6406//3437 6405//3437
f 6398//3437 6405//3437 6404//3437
f 6403//3437 6400//3437 6404//3437
f 6404//3437 6400//3437 6399//3437
f 6404//3437 6399//3437 6398//3437
f 6402//3437 6401//3437 6403//3437
f 6403//3437 6401//3437 6400//3437
f 6334//3437 6336//3437 6333//3437
f 6333//3437 6336//3437 6291//3437
f 6336//3437 6338//3437 6291//3437
f 6291//3437 6338//3437 6340//3437
f 6291//3437 6340//3437 6342//3437
f 6342//3437 6344//3437 6291//3437
f 6291//3437 6344//3437 6346//3437
f 6291//3437 6346//3437 6348//3437
f 6350//3437 6328//3437 6348//3437
f 6348//3437 6328//3437 6330//3437
f 6348//3437 6330//3437 6291//3437
f 6328//3437 6350//3437 6326//3437
f 6326//3437 6350//3437 6352//3437
f 6326//3437 6352//3437 6354//3437
f 6354//3437 6356//3437 6326//3437
f 6326//3437 6356//3437 6324//3437
f 6324//3437 6356//3437 6317//3437
f 6324//3437 6317//3437 6322//3437
f 6322//3437 6317//3437 6320//3437
f 6320//3437 6317//3437 6318//3437
f 6294//3437 6296//3437 6544//3437
f 6544//3437 6296//3437 6298//3437
f 6288//3437 6249//3437 6219//3437
f 6219//3437 6249//3437 6250//3437
f 6219//3437 6250//3437 6252//3437
f 6252//3437 6254//3437 6219//3437
f 6219//3437 6254//3437 6256//3437
f 6219//3437 6256//3437 6272//3437
f 6272//3437 6256//3437 6258//3437
f 6272//3437 6258//3437 6260//3437
f 6272//3437 6260//3437 6270//3437
f 6270//3437 6260//3437 6262//3437
f 6270//3437 6262//3437 6264//3437
f 6266//3437 6268//3437 6264//3437
f 6264//3437 6268//3437 6270//3437
f 6232//3437 6234//3437 6620//3437
f 6620//3437 6234//3437 6236//3437
f 6620//3437 6236//3437 6238//3437
f 6238//3437 6240//3437 6620//3437
f 6620//3437 6240//3437 6242//3437
f 6620//3437 6242//3437 6244//3437
f 6244//3437 6246//3437 6620//3437
f 6620//3437 6246//3437 6195//3437
f 6620//3437 6195//3437 6196//3437
f 6196//3437 6198//3437 6620//3437
f 6620//3437 6198//3437 6200//3437
f 6620//3437 6200//3437 6202//3437
f 6202//3437 6204//3437 6620//3437
f 6620//3437 6204//3437 6206//3437
f 6620//3437 6206//3437 6208//3437
f 6208//3437 6210//3437 6620//3437
f 6620//3437 6210//3437 6212//3437
f 6620//3437 6212//3437 6214//3437
f 6214//3437 6216//3437 6620//3437
f 6620//3437 6216//3437 6173//3437
f 6620//3437 6173//3437 6174//3437
f 6174//3437 6176//3437 6620//3437
f 6620//3437 6176//3437 6178//3437
f 6620//3437 6178//3437 6180//3437
f 6180//3437 6182//3437 6620//3437
f 6620//3437 6182//3437 6777//3437
f 6182//3437 6184//3437 6777//3437
f 6777//3437 6184//3437 6160//3437
f 6777//3437 6160//3437 6162//3437
f 6186//3437 6154//3437 6184//3437
f 6184//3437 6154//3437 6156//3437
f 6184//3437 6156//3437 6158//3437
f 6188//3437 6148//3437 6186//3437
f 6186//3437 6148//3437 6150//3437
f 6186//3437 6150//3437 6152//3437
f 6190//3437 6144//3437 6188//3437
f 6188//3437 6144//3437 6146//3437
f 6188//3437 6146//3437 6148//3437
f 6190//3437 6192//3437 6144//3437
f 6144//3437 6192//3437 6126//3437
f 6144//3437 6126//3437 6128//3437
f 6123//3437 6124//3437 6192//3437
f 6192//3437 6124//3437 6126//3437
f 6144//3437 6128//3437 6142//3437
f 6142//3437 6128//3437 6130//3437
f 6142//3437 6130//3437 6132//3437
f 6132//3437 6134//3437 6142//3437
f 6142//3437 6134//3437 6140//3437
f 6140//3437 6134//3437 6136//3437
f 6140//3437 6136//3437 6138//3437
f 6152//3437 6154//3437 6186//3437
f 6158//3437 6160//3437 6184//3437
f 6162//3437 6164//3437 6777//3437
f 6777//3437 6164//3437 6166//3437
f 6777//3437 6166//3437 6168//3437
f 6168//3437 6170//3437 6777//3437
f 6777//3437 6170//3437 6101//3437
f 6777//3437 6101//3437 6102//3437
f 6102//3437 6104//3437 6777//3437
f 6777//3437 6104//3437 6106//3437
f 6777//3437 6106//3437 6108//3437
f 6108//3437 6110//3437 6777//3437
f 6777//3437 6110//3437 6112//3437
f 6114//3437 6116//3437 6013//3437
f 6013//3437 6116//3437 6011//3437
f 6011//3437 6116//3437 6118//3437
f 6011//3437 6118//3437 6120//3437
f 5888//3437 5890//3437 926//3437
f 926//3437 5890//3437 924//3437
f 924//3437 5890//3437 5892//3437
f 924//3437 5892//3437 922//3437
f 922//3437 5892//3437 5894//3437
f 922//3437 5894//3437 5896//3437
f 922//3437 5896//3437 920//3437
f 920//3437 5896//3437 5898//3437
f 920//3437 5898//3437 5900//3437
f 920//3437 5900//3437 918//3437
f 918//3437 5900//3437 5902//3437
f 918//3437 5902//3437 5904//3437
f 5904//3437 5850//3437 918//3437
f 918//3437 5850//3437 916//3437
f 916//3437 5850//3437 5884//3437
f 916//3437 5884//3437 914//3437
f 914//3437 5884//3437 5883//3437
f 914//3437 5883//3437 912//3437
f 912//3437 5883//3437 5882//3437
f 912//3437 5882//3437 910//3437
f 910//3437 5882//3437 908//3437
f 908//3437 5882//3437 5881//3437
f 908//3437 5881//3437 5880//3437
f 5880//3437 5879//3437 908//3437
f 908//3437 5879//3437 906//3437
f 906//3437 5879//3437 5878//3437
f 906//3437 5878//3437 904//3437
f 904//3437 5878//3437 5877//3437
f 904//3437 5877//3437 5876//3437
f 5876//3437 5875//3437 904//3437
f 904//3437 5875//3437 902//3437
f 902//3437 5875//3437 5874//3437
f 902//3437 5874//3437 5834//3437
f 5834//3437 5835//3437 902//3437
f 902//3437 5835//3437 5837//3437
f 902//3437 5837//3437 900//3437
f 900//3437 5837//3437 5839//3437
f 900//3437 5839//3437 5841//3437
f 900//3437 5841//3437 898//3437
f 898//3437 5841//3437 5843//3437
f 898//3437 5843//3437 896//3437
f 896//3437 5843//3437 894//3437
f 894//3437 5843//3437 5845//3437
f 894//3437 5845//3437 892//3437
f 892//3437 5845//3437 891//3437
f 891//3437 5845//3437 950//3437
f 950//3437 5845//3437 1365//3437
f 950//3437 1365//3437 1363//3437
f 5845//3437 5847//3437 1365//3437
f 1365//3437 5847//3437 1367//3437
f 1367//3437 5847//3437 1369//3437
f 1369//3437 5847//3437 1371//3437
f 1371//3437 5847//3437 1373//3437
f 1373//3437 5847//3437 1375//3437
f 1375//3437 5847//3437 1377//3437
f 1377//3437 5847//3437 1453//3437
f 1453//3437 5847//3437 1454//3437
f 1454//3437 5847//3437 1455//3437
f 1455//3437 5847//3437 1456//3437
f 1456//3437 5847//3437 5849//3437
f 1456//3437 5849//3437 1457//3437
f 1457//3437 5849//3437 5782//3437
f 1457//3437 5782//3437 1458//3437
f 1458//3437 5782//3437 1459//3437
f 1459//3437 5782//3437 1460//3437
f 1460//3437 5782//3437 1435//3437
f 1435//3437 5782//3437 1490//3437
f 1490//3437 5782//3437 5783//3437
f 1490//3437 5783//3437 1488//3437
f 1488//3437 5783//3437 1486//3437
f 1486//3437 5783//3437 1484//3437
f 1484//3437 5783//3437 5785//3437
f 1484//3437 5785//3437 1482//3437
f 1482//3437 5785//3437 1480//3437
f 1480//3437 5785//3437 5787//3437
f 1480//3437 5787//3437 1478//3437
f 1478//3437 5787//3437 1476//3437
f 1476//3437 5787//3437 5789//3437
f 1476//3437 5789//3437 1474//3437
f 1474//3437 5789//3437 5791//3437
f 1474//3437 5791//3437 1472//3437
f 1472//3437 5791//3437 5793//3437
f 1472//3437 5793//3437 1470//3437
f 1470//3437 5793//3437 5795//3437
f 1470//3437 5795//3437 1468//3437
f 1468//3437 5795//3437 5797//3437
f 1468//3437 5797//3437 1466//3437
f 1466//3437 5797//3437 5799//3437
f 1466//3437 5799//3437 1465//3437
f 1465//3437 5799//3437 5801//3437
f 1465//3437 5801//3437 1532//3437
f 1532//3437 5801//3437 5803//3437
f 1532//3437 5803//3437 5805//3437
f 5805//3437 5807//3437 1532//3437
f 1532//3437 5807//3437 5777//3437
f 1532//3437 5777//3437 1530//3437
f 1530//3437 5777//3437 5750//3437
f 1530//3437 5750//3437 5751//3437
f 1530//3437 5751//3437 1528//3437
f 1528//3437 5751//3437 5753//3437
f 1528//3437 5753//3437 5755//3437
f 5757//3437 1544//3437 5755//3437
f 5755//3437 1544//3437 1517//3437
f 5755//3437 1517//3437 1518//3437
f 5759//3437 1540//3437 5757//3437
f 5757//3437 1540//3437 1542//3437
f 5757//3437 1542//3437 1544//3437
f 1540//3437 5759//3437 1538//3437
f 1538//3437 5759//3437 5761//3437
f 1538//3437 5761//3437 1536//3437
f 1536//3437 5761//3437 5763//3437
f 1536//3437 5763//3437 1535//3437
f 1535//3437 5763//3437 5765//3437
f 1535//3437 5765//3437 5767//3437
f 5769//3437 1554//3437 5767//3437
f 5767//3437 1554//3437 1556//3437
f 5767//3437 1556//3437 1558//3437
f 5771//3437 1548//3437 5769//3437
f 5769//3437 1548//3437 1550//3437
f 5769//3437 1550//3437 1552//3437
f 1548//3437 5771//3437 1547//3437
f 1547//3437 5771//3437 5773//3437
f 1547//3437 5773//3437 1586//3437
f 1586//3437 5773//3437 5775//3437
f 1586//3437 5775//3437 1584//3437
f 1584//3437 5775//3437 1582//3437
f 1582//3437 5775//3437 5728//3437
f 1582//3437 5728//3437 1580//3437
f 1580//3437 5728//3437 1578//3437
f 1578//3437 5728//3437 5729//3437
f 1578//3437 5729//3437 1576//3437
f 1576//3437 5729//3437 1574//3437
f 1574//3437 5729//3437 5731//3437
f 1574//3437 5731//3437 1572//3437
f 1572//3437 5731//3437 1570//3437
f 1570//3437 5731//3437 5733//3437
f 1570//3437 5733//3437 1568//3437
f 1568//3437 5733//3437 1567//3437
f 1567//3437 5733//3437 1612//3437
f 1612//3437 5733//3437 1610//3437
f 1610//3437 5733//3437 5735//3437
f 1610//3437 5735//3437 1608//3437
f 1608//3437 5735//3437 1606//3437
f 1606//3437 5735//3437 5737//3437
f 1606//3437 5737//3437 1604//3437
f 1604//3437 5737//3437 1602//3437
f 1602//3437 5737//3437 5739//3437
f 1602//3437 5739//3437 1600//3437
f 1600//3437 5739//3437 5741//3437
f 1600//3437 5741//3437 1598//3437
f 1598//3437 5741//3437 5743//3437
f 1598//3437 5743//3437 5745//3437
f 1598//3437 5745//3437 1596//3437
f 1596//3437 5745//3437 5747//3437
f 1596//3437 5747//3437 5710//3437
f 5710//3437 5711//3437 1596//3437
f 1596//3437 5711//3437 5713//3437
f 1596//3437 5713//3437 1594//3437
f 1594//3437 5713//3437 5715//3437
f 1594//3437 5715//3437 5717//3437
f 1594//3437 5717//3437 1592//3437
f 1592//3437 5717//3437 5719//3437
f 1592//3437 5719//3437 1590//3437
f 1590//3437 5719//3437 5721//3437
f 1590//3437 5721//3437 1589//3437
f 1589//3437 5721//3437 5723//3437
f 1589//3437 5723//3437 1628//3437
f 1628//3437 5723//3437 5725//3437
f 1628//3437 5725//3437 5696//3437
f 5696//3437 5697//3437 1628//3437
f 1628//3437 5697//3437 1626//3437
f 1626//3437 5697//3437 1624//3437
f 1624//3437 5697//3437 5699//3437
f 1624//3437 5699//3437 1622//3437
f 1622//3437 5699//3437 1620//3437
f 1620//3437 5699//3437 1618//3437
f 1618//3437 5699//3437 5701//3437
f 1618//3437 5701//3437 1616//3437
f 1616//3437 5701//3437 1615//3437
f 1615//3437 5701//3437 1654//3437
f 1654//3437 5701//3437 1652//3437
f 1652//3437 5701//3437 1650//3437
f 1650//3437 5701//3437 1648//3437
f 1648//3437 5701//3437 1646//3437
f 1646//3437 5701//3437 5703//3437
f 1646//3437 5703//3437 1644//3437
f 1644//3437 5703//3437 1642//3437
f 1642//3437 5703//3437 1640//3437
f 1640//3437 5703//3437 1638//3437
f 1638//3437 5703//3437 5705//3437
f 1638//3437 5705//3437 1636//3437
f 1636//3437 5705//3437 1634//3437
f 1634//3437 5705//3437 1632//3437
f 1632//3437 5705//3437 1631//3437
f 1631//3437 5705//3437 5707//3437
f 1631//3437 5707//3437 1670//3437
f 1670//3437 5707//3437 1668//3437
f 1668//3437 5707//3437 5670//3437
f 1668//3437 5670//3437 1666//3437
f 1666//3437 5670//3437 1664//3437
f 1664//3437 5670//3437 1662//3437
f 1662//3437 5670//3437 1660//3437
f 1660//3437 5670//3437 1658//3437
f 1658//3437 5670//3437 1657//3437
f 1657//3437 5670//3437 1688//3437
f 1688//3437 5670//3437 1686//3437
f 1686//3437 5670//3437 1684//3437
f 1684//3437 5670//3437 1682//3437
f 1682//3437 5670//3437 1680//3437
f 1680//3437 5670//3437 1678//3437
f 1678//3437 5670//3437 5671//3437
f 1678//3437 5671//3437 5673//3437
f 1678//3437 5673//3437 1676//3437
f 1676//3437 5673//3437 5675//3437
f 1676//3437 5675//3437 1674//3437
f 1674//3437 5675//3437 5677//3437
f 1674//3437 5677//3437 5679//3437
f 1674//3437 5679//3437 1673//3437
f 1673//3437 5679//3437 5681//3437
f 1673//3437 5681//3437 1712//3437
f 1712//3437 5681//3437 5683//3437
f 1712//3437 5683//3437 1710//3437
f 1710//3437 5683//3437 1708//3437
f 1708//3437 5683//3437 5685//3437
f 1708//3437 5685//3437 1706//3437
f 1706//3437 5685//3437 5687//3437
f 1706//3437 5687//3437 1704//3437
f 1704//3437 5687//3437 5689//3437
f 1704//3437 5689//3437 1702//3437
f 1702//3437 5689//3437 1700//3437
f 1700//3437 5689//3437 1698//3437
f 1698//3437 5689//3437 5691//3437
f 1698//3437 5691//3437 1696//3437
f 1696//3437 5691//3437 1691//3437
f 1696//3437 1691//3437 1694//3437
f 1694//3437 1691//3437 1692//3437
f 5693//3437 1726//3437 5691//3437
f 5691//3437 1726//3437 1728//3437
f 5691//3437 1728//3437 1691//3437
f 1726//3437 5693//3437 1724//3437
f 1724//3437 5693//3437 5646//3437
f 1724//3437 5646//3437 1722//3437
f 1722//3437 5646//3437 5647//3437
f 1722//3437 5647//3437 1720//3437
f 1720//3437 5647//3437 1718//3437
f 1718//3437 5647//3437 5649//3437
f 1718//3437 5649//3437 1716//3437
f 1716//3437 5649//3437 5651//3437
f 1716//3437 5651//3437 1715//3437
f 1715//3437 5651//3437 5653//3437
f 1715//3437 5653//3437 1752//3437
f 1752//3437 5653//3437 5655//3437
f 1752//3437 5655//3437 5657//3437
f 1752//3437 5657//3437 1750//3437
f 1750//3437 5657//3437 5659//3437
f 1750//3437 5659//3437 1748//3437
f 1748//3437 5659//3437 5661//3437
f 1748//3437 5661//3437 5663//3437
f 5663//3437 5665//3437 1748//3437
f 1748//3437 5665//3437 1746//3437
f 1746//3437 5665//3437 5667//3437
f 1746//3437 5667//3437 5630//3437
f 5630//3437 5631//3437 1746//3437
f 1746//3437 5631//3437 1744//3437
f 1744//3437 5631//3437 5633//3437
f 1744//3437 5633//3437 1742//3437
f 1742//3437 5633//3437 5635//3437
f 1742//3437 5635//3437 5637//3437
f 1742//3437 5637//3437 1740//3437
f 1740//3437 5637//3437 5639//3437
f 1740//3437 5639//3437 1738//3437
f 1738//3437 5639//3437 5641//3437
f 1738//3437 5641//3437 5643//3437
f 1738//3437 5643//3437 1736//3437
f 1736//3437 5643//3437 5604//3437
f 1736//3437 5604//3437 5605//3437
f 5605//3437 5607//3437 1736//3437
f 1736//3437 5607//3437 5609//3437
f 1736//3437 5609//3437 1734//3437
f 1734//3437 5609//3437 5611//3437
f 1734//3437 5611//3437 1732//3437
f 1732//3437 5611//3437 1731//3437
f 1731//3437 5611//3437 5613//3437
f 1731//3437 5613//3437 1770//3437
f 1770//3437 5613//3437 1768//3437
f 1768//3437 5613//3437 1766//3437
f 1766//3437 5613//3437 1764//3437
f 1764//3437 5613//3437 5615//3437
f 1764//3437 5615//3437 1762//3437
f 1762//3437 5615//3437 5617//3437
f 1762//3437 5617//3437 1760//3437
f 1760//3437 5617//3437 5619//3437
f 1760//3437 5619//3437 5621//3437
f 1760//3437 5621//3437 1758//3437
f 1758//3437 5621//3437 5623//3437
f 1758//3437 5623//3437 5625//3437
f 1758//3437 5625//3437 1756//3437
f 1756//3437 5625//3437 5627//3437
f 1756//3437 5627//3437 5588//3437
f 1756//3437 5588//3437 1755//3437
f 1755//3437 5588//3437 5589//3437
f 1755//3437 5589//3437 5591//3437
f 1755//3437 5591//3437 1792//3437
f 1792//3437 5591//3437 5593//3437
f 1792//3437 5593//3437 1790//3437
f 1790//3437 5593//3437 5595//3437
f 1790//3437 5595//3437 5597//3437
f 1790//3437 5597//3437 1788//3437
f 1788//3437 5597//3437 5599//3437
f 1788//3437 5599//3437 5601//3437
f 5601//3437 5558//3437 1788//3437
f 1788//3437 5558//3437 5559//3437
f 1788//3437 5559//3437 5561//3437
f 5561//3437 5563//3437 1788//3437
f 1788//3437 5563//3437 5565//3437
f 1788//3437 5565//3437 5567//3437
f 5567//3437 5569//3437 1788//3437
f 1788//3437 5569//3437 5571//3437
f 1788//3437 5571//3437 1786//3437
f 1786//3437 5571//3437 5573//3437
f 1786//3437 5573//3437 5575//3437
f 5575//3437 5577//3437 1786//3437
f 1786//3437 5577//3437 5579//3437
f 1786//3437 5579//3437 5581//3437
f 1786//3437 5581//3437 1784//3437
f 1784//3437 5581//3437 5583//3437
f 1784//3437 5583//3437 5585//3437
f 5585//3437 5528//3437 1784//3437
f 1784//3437 5528//3437 1782//3437
f 1782//3437 5528//3437 5529//3437
f 1782//3437 5529//3437 1780//3437
f 1780//3437 5529//3437 5531//3437
f 1780//3437 5531//3437 1778//3437
f 1778//3437 5531//3437 5533//3437
f 1778//3437 5533//3437 1776//3437
f 1776//3437 5533//3437 5535//3437
f 1776//3437 5535//3437 1774//3437
f 1774//3437 5535//3437 5537//3437
f 1774//3437 5537//3437 1773//3437
f 1773//3437 5537//3437 1852//3437
f 1852//3437 5537//3437 5539//3437
f 1852//3437 5539//3437 1850//3437
f 1850//3437 5539//3437 1848//3437
f 1848//3437 5539//3437 5541//3437
f 1848//3437 5541//3437 1846//3437
f 1846//3437 5541//3437 1844//3437
f 1844//3437 5541//3437 1842//3437
f 1842//3437 5541//3437 5543//3437
f 1842//3437 5543//3437 1824//3437
f 1824//3437 5543//3437 1822//3437
f 1822//3437 5543//3437 1820//3437
f 1820//3437 5543//3437 1818//3437
f 1818//3437 5543//3437 1816//3437
f 1816//3437 5543//3437 1814//3437
f 1814//3437 5543//3437 1812//3437
f 1812//3437 5543//3437 1810//3437
f 1810//3437 5543//3437 1808//3437
f 1808//3437 5543//3437 1806//3437
f 1806//3437 5543//3437 1804//3437
f 1804//3437 5543//3437 1802//3437
f 1802//3437 5543//3437 1800//3437
f 1800//3437 5543//3437 1798//3437
f 1798//3437 5543//3437 1796//3437
f 1796//3437 5543//3437 1795//3437
f 1795//3437 5543//3437 1876//3437
f 1876//3437 5543//3437 1874//3437
f 1874//3437 5543//3437 1872//3437
f 1872//3437 5543//3437 1870//3437
f 1870//3437 5543//3437 5545//3437
f 1870//3437 5545//3437 1868//3437
f 1868//3437 5545//3437 1866//3437
f 1866//3437 5545//3437 5547//3437
f 1866//3437 5547//3437 1864//3437
f 1864//3437 5547//3437 1862//3437
f 1862//3437 5547//3437 5549//3437
f 1862//3437 5549//3437 5551//3437
f 5551//3437 5553//3437 1862//3437
f 1862//3437 5553//3437 1860//3437
f 1860//3437 5553//3437 5555//3437
f 1860//3437 5555//3437 5492//3437
f 5492//3437 5493//3437 1860//3437
f 1860//3437 5493//3437 5495//3437
f 1860//3437 5495//3437 5497//3437
f 5497//3437 5499//3437 1860//3437
f 1860//3437 5499//3437 5501//3437
f 1860//3437 5501//3437 5503//3437
f 1860//3437 5503//3437 1858//3437
f 1858//3437 5503//3437 5505//3437
f 1858//3437 5505//3437 5507//3437
f 1858//3437 5507//3437 1856//3437
f 1856//3437 5507//3437 5509//3437
f 1856//3437 5509//3437 1855//3437
f 1855//3437 5509//3437 5511//3437
f 1855//3437 5511//3437 1902//3437
f 1902//3437 5511//3437 5513//3437
f 1902//3437 5513//3437 1900//3437
f 1900//3437 5513//3437 1898//3437
f 1898//3437 5513//3437 5515//3437
f 1898//3437 5515//3437 1896//3437
f 1896//3437 5515//3437 5517//3437
f 1896//3437 5517//3437 1894//3437
f 1894//3437 5517//3437 5519//3437
f 1894//3437 5519//3437 1892//3437
f 1892//3437 5519//3437 1890//3437
f 1890//3437 5519//3437 5521//3437
f 1890//3437 5521//3437 1888//3437
f 1888//3437 5521//3437 1886//3437
f 1886//3437 5521//3437 5523//3437
f 1886//3437 5523//3437 1884//3437
f 1884//3437 5523//3437 1882//3437
f 1882//3437 5523//3437 5525//3437
f 1882//3437 5525//3437 1880//3437
f 1880//3437 5525//3437 5461//3437
f 1880//3437 5461//3437 1879//3437
f 1879//3437 5461//3437 5489//3437
f 1879//3437 5489//3437 5488//3437
f 5487//3437 1930//3437 5488//3437
f 5488//3437 1930//3437 1932//3437
f 5488//3437 1932//3437 1934//3437
f 5486//3437 1926//3437 5487//3437
f 5487//3437 1926//3437 1928//3437
f 5487//3437 1928//3437 1930//3437
f 1926//3437 5486//3437 1924//3437
f 1924//3437 5486//3437 5485//3437
f 1924//3437 5485//3437 1922//3437
f 1922//3437 5485//3437 5484//3437
f 1922//3437 5484//3437 5483//3437
f 1922//3437 5483//3437 1920//3437
f 1920//3437 5483//3437 5482//3437
f 1920//3437 5482//3437 5481//3437
f 5481//3437 5460//3437 1920//3437
f 1920//3437 5460//3437 1918//3437
f 1918//3437 5460//3437 5458//3437
f 1918//3437 5458//3437 5456//3437
f 5456//3437 5454//3437 1918//3437
f 1918//3437 5454//3437 5452//3437
f 1918//3437 5452//3437 5450//3437
f 5450//3437 5448//3437 1918//3437
f 1918//3437 5448//3437 5446//3437
f 1918//3437 5446//3437 5444//3437
f 5444//3437 5442//3437 1918//3437
f 1918//3437 5442//3437 5440//3437
f 1918//3437 5440//3437 5438//3437
f 5438//3437 5436//3437 1918//3437
f 1918//3437 5436//3437 1916//3437
f 1916//3437 5436//3437 5408//3437
f 1916//3437 5408//3437 5407//3437
f 5407//3437 5341//3437 1916//3437
f 1916//3437 5341//3437 1914//3437
f 1914//3437 5341//3437 5342//3437
f 1914//3437 5342//3437 5344//3437
f 1914//3437 5344//3437 1912//3437
f 1912//3437 5344//3437 5346//3437
f 1912//3437 5346//3437 5348//3437
f 5348//3437 5350//3437 1912//3437
f 1912//3437 5350//3437 5352//3437
f 1912//3437 5352//3437 5354//3437
f 5354//3437 5356//3437 1912//3437
f 1912//3437 5356//3437 5358//3437
f 1912//3437 5358//3437 1910//3437
f 1910//3437 5358//3437 4907//3437
f 1910//3437 4907//3437 4905//3437
f 1910//3437 4905//3437 1908//3437
f 1908//3437 4905//3437 4903//3437
f 1908//3437 4903//3437 4901//3437
f 4901//3437 4899//3437 1908//3437
f 1908//3437 4899//3437 4897//3437
f 1908//3437 4897//3437 4895//3437
f 4895//3437 4893//3437 1908//3437
f 1908//3437 4893//3437 4891//3437
f 1908//3437 4891//3437 1906//3437
f 1906//3437 4891//3437 4889//3437
f 1906//3437 4889//3437 4887//3437
f 4887//3437 4885//3437 1906//3437
f 1906//3437 4885//3437 1905//3437
f 1905//3437 4885//3437 4883//3437
f 1905//3437 4883//3437 4881//3437
f 4881//3437 4879//3437 1905//3437
f 1905//3437 4879//3437 4877//3437
f 1905//3437 4877//3437 4875//3437
f 4875//3437 4873//3437 1905//3437
f 1905//3437 4873//3437 4871//3437
f 1905//3437 4871//3437 4869//3437
f 4869//3437 4867//3437 1905//3437
f 1905//3437 4867//3437 4865//3437
f 1905//3437 4865//3437 4863//3437
f 4863//3437 4737//3437 1905//3437
f 1905//3437 4737//3437 4736//3437
f 1905//3437 4736//3437 4861//3437
f 4861//3437 4859//3437 1905//3437
f 1905//3437 4859//3437 4857//3437
f 1905//3437 4857//3437 4855//3437
f 4855//3437 4853//3437 1905//3437
f 1905//3437 4853//3437 4851//3437
f 1905//3437 4851//3437 4849//3437
f 4847//3437 4845//3437 4849//3437
f 4849//3437 4845//3437 4843//3437
f 4849//3437 4843//3437 4841//3437
f 4841//3437 4839//3437 4849//3437
f 4849//3437 4839//3437 4816//3437
f 4849//3437 4816//3437 4618//3437
f 4849//3437 4618//3437 4466//3437
f 4466//3437 4618//3437 4619//3437
f 4466//3437 4619//3437 4621//3437
f 4623//3437 4625//3437 4621//3437
f 4621//3437 4625//3437 4466//3437
f 4625//3437 4627//3437 4466//3437
f 4466//3437 4627//3437 4629//3437
f 4466//3437 4629//3437 4467//3437
f 4467//3437 4629//3437 4468//3437
f 4468//3437 4629//3437 4469//3437
f 4469//3437 4629//3437 4471//3437
f 4471//3437 4629//3437 4472//3437
f 4472//3437 4629//3437 4631//3437
f 4472//3437 4631//3437 4473//3437
f 4473//3437 4631//3437 4483//3437
f 4483//3437 4631//3437 4518//3437
f 4483//3437 4518//3437 4484//3437
f 4484//3437 4518//3437 4516//3437
f 4484//3437 4516//3437 4486//3437
f 4486//3437 4516//3437 4514//3437
f 4486//3437 4514//3437 4512//3437
f 4512//3437 4510//3437 4486//3437
f 4486//3437 4510//3437 4508//3437
f 4486//3437 4508//3437 4488//3437
f 4488//3437 4508//3437 4506//3437
f 4488//3437 4506//3437 4504//3437
f 4504//3437 4502//3437 4488//3437
f 4488//3437 4502//3437 4500//3437
f 4488//3437 4500//3437 4498//3437
f 4498//3437 4496//3437 4488//3437
f 4488//3437 4496//3437 4494//3437
f 4488//3437 4494//3437 4492//3437
f 4492//3437 4490//3437 4488//3437
f 4466//3437 4464//3437 4849//3437
f 4849//3437 4464//3437 4463//3437
f 4849//3437 4463//3437 4462//3437
f 4849//3437 4462//3437 1905//3437
f 1905//3437 4462//3437 4461//3437
f 1905//3437 4461//3437 4459//3437
f 4459//3437 4458//3437 1905//3437
f 1905//3437 4458//3437 4456//3437
f 1905//3437 4456//3437 4454//3437
f 4454//3437 4382//3437 1905//3437
f 1905//3437 4382//3437 4381//3437
f 1905//3437 4381//3437 4452//3437
f 4452//3437 4450//3437 1905//3437
f 1905//3437 4450//3437 4249//3437
f 1905//3437 4249//3437 1937//3437
f 1937//3437 4249//3437 4250//3437
f 1937//3437 4250//3437 4252//3437
f 4450//3437 4447//3437 4249//3437
f 4249//3437 4447//3437 4291//3437
f 4249//3437 4291//3437 4313//3437
f 4313//3437 4312//3437 4249//3437
f 4249//3437 4312//3437 4307//3437
f 4307//3437 4312//3437 4308//3437
f 4308//3437 4312//3437 4311//3437
f 4308//3437 4311//3437 4309//3437
f 4309//3437 4311//3437 4310//3437
f 4252//3437 4254//3437 1937//3437
f 1937//3437 4254//3437 4256//3437
f 1937//3437 4256//3437 4258//3437
f 4260//3437 4240//3437 4258//3437
f 4258//3437 4240//3437 4238//3437
f 4258//3437 4238//3437 4116//3437
f 4116//3437 4238//3437 4236//3437
f 4116//3437 4236//3437 4114//3437
f 4114//3437 4236//3437 4234//3437
f 4114//3437 4234//3437 4112//3437
f 4112//3437 4234//3437 4232//3437
f 4112//3437 4232//3437 4230//3437
f 4240//3437 4260//3437 4242//3437
f 4242//3437 4260//3437 4262//3437
f 4242//3437 4262//3437 4244//3437
f 4244//3437 4262//3437 4270//3437
f 4270//3437 4262//3437 4268//3437
f 4268//3437 4262//3437 4266//3437
f 4266//3437 4262//3437 4264//3437
f 4112//3437 4230//3437 4110//3437
f 4110//3437 4230//3437 4228//3437
f 4110//3437 4228//3437 4226//3437
f 4110//3437 4226//3437 4109//3437
f 4109//3437 4226//3437 4224//3437
f 4109//3437 4224//3437 4167//3437
f 4167//3437 4224//3437 4222//3437
f 4167//3437 4222//3437 4168//3437
f 4168//3437 4222//3437 4208//3437
f 4208//3437 4222//3437 4210//3437
f 4210//3437 4222//3437 4220//3437
f 4210//3437 4220//3437 4218//3437
f 4218//3437 4216//3437 4210//3437
f 4210//3437 4216//3437 4212//3437
f 4212//3437 4216//3437 4214//3437
f 4116//3437 4118//3437 4258//3437
f 4258//3437 4118//3437 1937//3437
f 1937//3437 4118//3437 2944//3437
f 2944//3437 4118//3437 4120//3437
f 2944//3437 4120//3437 4122//3437
f 2944//3437 4122//3437 4106//3437
f 4106//3437 4122//3437 4077//3437
f 4106//3437 4077//3437 4078//3437
f 4106//3437 4078//3437 4104//3437
f 4104//3437 4078//3437 4080//3437
f 4104//3437 4080//3437 4102//3437
f 4102//3437 4080//3437 4100//3437
f 4100//3437 4080//3437 4082//3437
f 4100//3437 4082//3437 4098//3437
f 4098//3437 4082//3437 4084//3437
f 4098//3437 4084//3437 4086//3437
f 4086//3437 4088//3437 4098//3437
f 4098//3437 4088//3437 4090//3437
f 4098//3437 4090//3437 4092//3437
f 4092//3437 4094//3437 4098//3437
f 4098//3437 4094//3437 4096//3437
f 2944//3437 4106//3437 3047//3437
f 3047//3437 4106//3437 4051//3437
f 3047//3437 4051//3437 4052//3437
f 4052//3437 4054//3437 3047//3437
f 3047//3437 4054//3437 4056//3437
f 3047//3437 4056//3437 4058//3437
f 4060//3437 3086//3437 4058//3437
f 4058//3437 3086//3437 3088//3437
f 4058//3437 3088//3437 3090//3437
f 4062//3437 3079//3437 4060//3437
f 4060//3437 3079//3437 3080//3437
f 4060//3437 3080//3437 3082//3437
f 3079//3437 4062//3437 3164//3437
f 3164//3437 4062//3437 4064//3437
f 3164//3437 4064//3437 3162//3437
f 3162//3437 4064//3437 4066//3437
f 3162//3437 4066//3437 3160//3437
f 3160//3437 4066//3437 4068//3437
f 3160//3437 4068//3437 3158//3437
f 3158//3437 4068//3437 4070//3437
f 3158//3437 4070//3437 3156//3437
f 3156//3437 4070//3437 4072//3437
f 3156//3437 4072//3437 3154//3437
f 3154//3437 4072//3437 4074//3437
f 3154//3437 4074//3437 3152//3437
f 3152//3437 4074//3437 3150//3437
f 3150//3437 4074//3437 3148//3437
f 3148//3437 4074//3437 3946//3437
f 3148//3437 3946//3437 3146//3437
f 3146//3437 3946//3437 3144//3437
f 3144//3437 3946//3437 3931//3437
f 3144//3437 3931//3437 3815//3437
f 3815//3437 3931//3437 3933//3437
f 3815//3437 3933//3437 3816//3437
f 3816//3437 3933//3437 3935//3437
f 3816//3437 3935//3437 3817//3437
f 3817//3437 3935//3437 3818//3437
f 3818//3437 3935//3437 3937//3437
f 3818//3437 3937//3437 3819//3437
f 3819//3437 3937//3437 3939//3437
f 3819//3437 3939//3437 3820//3437
f 3820//3437 3939//3437 3941//3437
f 3820//3437 3941//3437 3821//3437
f 3821//3437 3941//3437 3895//3437
f 3821//3437 3895//3437 3920//3437
f 3948//3437 3924//3437 3946//3437
f 3946//3437 3924//3437 3929//3437
f 3946//3437 3929//3437 3931//3437
f 3948//3437 3950//3437 3924//3437
f 3924//3437 3950//3437 3952//3437
f 3924//3437 3952//3437 3954//3437
f 3954//3437 3956//3437 3924//3437
f 3924//3437 3956//3437 3958//3437
f 3924//3437 3958//3437 3960//3437
f 3960//3437 3962//3437 3924//3437
f 3924//3437 3962//3437 3980//3437
f 3924//3437 3980//3437 3982//3437
f 3962//3437 3964//3437 3980//3437
f 3980//3437 3964//3437 3978//3437
f 3978//3437 3964//3437 3976//3437
f 3976//3437 3964//3437 3974//3437
f 3974//3437 3964//3437 3972//3437
f 3972//3437 3964//3437 3970//3437
f 3970//3437 3964//3437 3968//3437
f 3968//3437 3964//3437 3966//3437
f 3982//3437 3984//3437 3924//3437
f 3924//3437 3984//3437 3986//3437
f 3924//3437 3986//3437 3988//3437
f 3925//3437 3927//3437 3924//3437
f 3924//3437 3927//3437 3929//3437
f 3821//3437 3920//3437 3790//3437
f 3790//3437 3920//3437 3918//3437
f 3790//3437 3918//3437 3916//3437
f 3790//3437 3916//3437 3879//3437
f 3879//3437 3916//3437 3914//3437
f 3879//3437 3914//3437 3896//3437
f 3896//3437 3914//3437 3898//3437
f 3898//3437 3914//3437 3912//3437
f 3898//3437 3912//3437 3900//3437
f 3900//3437 3912//3437 3910//3437
f 3900//3437 3910//3437 3902//3437
f 3902//3437 3910//3437 3908//3437
f 3902//3437 3908//3437 3904//3437
f 3904//3437 3908//3437 3906//3437
f 3814//3437 3250//3437 3815//3437
f 3815//3437 3250//3437 3142//3437
f 3815//3437 3142//3437 3144//3437
f 3250//3437 3814//3437 3346//3437
f 3346//3437 3814//3437 3813//3437
f 3346//3437 3813//3437 3351//3437
f 3351//3437 3813//3437 3353//3437
f 3353//3437 3813//3437 3355//3437
f 3355//3437 3813//3437 3345//3437
f 3345//3437 3813//3437 3303//3437
f 3303//3437 3813//3437 3812//3437
f 3303//3437 3812//3437 3781//3437
f 3781//3437 3812//3437 3779//3437
f 3779//3437 3812//3437 3777//3437
f 3777//3437 3812//3437 3775//3437
f 3775//3437 3812//3437 3770//3437
f 3775//3437 3770//3437 3773//3437
f 3773//3437 3770//3437 3771//3437
f 3783//3437 3357//3437 3781//3437
f 3781//3437 3357//3437 3304//3437
f 3781//3437 3304//3437 3303//3437
f 3785//3437 3533//3437 3783//3437
f 3783//3437 3533//3437 3535//3437
f 3783//3437 3535//3437 3357//3437
f 3357//3437 3535//3437 3466//3437
f 3357//3437 3466//3437 3359//3437
f 3359//3437 3466//3437 3361//3437
f 3361//3437 3466//3437 3467//3437
f 3361//3437 3467//3437 3363//3437
f 3363//3437 3467//3437 3365//3437
f 3365//3437 3467//3437 3469//3437
f 3365//3437 3469//3437 3367//3437
f 3367//3437 3469//3437 3471//3437
f 3367//3437 3471//3437 3369//3437
f 3369//3437 3471//3437 3473//3437
f 3369//3437 3473//3437 3371//3437
f 3371//3437 3473//3437 3373//3437
f 3373//3437 3473//3437 3375//3437
f 3375//3437 3473//3437 3377//3437
f 3377//3437 3473//3437 3475//3437
f 3377//3437 3475//3437 3379//3437
f 3379//3437 3475//3437 3381//3437
f 3381//3437 3475//3437 3493//3437
f 3493//3437 3475//3437 3491//3437
f 3491//3437 3475//3437 3477//3437
f 3491//3437 3477//3437 3489//3437
f 3489//3437 3477//3437 3487//3437
f 3487//3437 3477//3437 3479//3437
f 3487//3437 3479//3437 3481//3437
f 3533//3437 3785//3437 3531//3437
f 3531//3437 3785//3437 3787//3437
f 3531//3437 3787//3437 3529//3437
f 3529//3437 3787//3437 3789//3437
f 3529//3437 3789//3437 3527//3437
f 3527//3437 3789//3437 3716//3437
f 3527//3437 3716//3437 3610//3437
f 3610//3437 3716//3437 3608//3437
f 3608//3437 3716//3437 3606//3437
f 3606//3437 3716//3437 3604//3437
f 3604//3437 3716//3437 3602//3437
f 3602//3437 3716//3437 3717//3437
f 3602//3437 3717//3437 3719//3437
f 3789//3437 3752//3437 3716//3437
f 3716//3437 3752//3437 3753//3437
f 3716//3437 3753//3437 3755//3437
f 3757//3437 3737//3437 3755//3437
f 3755//3437 3737//3437 3739//3437
f 3755//3437 3739//3437 3741//3437
f 3737//3437 3757//3437 3735//3437
f 3735//3437 3757//3437 3759//3437
f 3735//3437 3759//3437 3734//3437
f 3734//3437 3759//3437 3767//3437
f 3767//3437 3759//3437 3765//3437
f 3765//3437 3759//3437 3763//3437
f 3763//3437 3759//3437 3761//3437
f 3741//3437 3743//3437 3755//3437
f 3755//3437 3743//3437 3745//3437
f 3755//3437 3745//3437 3716//3437
f 3716//3437 3745//3437 3747//3437
f 3716//3437 3747//3437 3749//3437
f 3719//3437 3721//3437 3602//3437
f 3602//3437 3721//3437 3723//3437
f 3602//3437 3723//3437 25//3437
f 25//3437 3723//3437 3725//3437
f 25//3437 3725//3437 3727//3437
f 25//3437 3727//3437 23//3437
f 23//3437 3727//3437 3729//3437
f 23//3437 3729//3437 3731//3437
f 3731//3437 3688//3437 23//3437
f 23//3437 3688//3437 3689//3437
f 23//3437 3689//3437 3691//3437
f 3691//3437 3693//3437 23//3437
f 23//3437 3693//3437 27//3437
f 23//3437 27//3437 18//3437
f 3693//3437 3695//3437 27//3437
f 27//3437 3695//3437 3697//3437
f 27//3437 3697//3437 3699//3437
f 3699//3437 3701//3437 27//3437
f 27//3437 3701//3437 3703//3437
f 27//3437 3703//3437 3705//3437
f 3705//3437 3707//3437 27//3437
f 27//3437 3707//3437 3709//3437
f 27//3437 3709//3437 3711//3437
f 3711//3437 3713//3437 27//3437
f 23//3437 18//3437 10//3437
f 10//3437 18//3437 17//3437
f 10//3437 17//3437 15//3437
f 8//3437 1//3437 10//3437
f 10//3437 1//3437 3//3437
f 10//3437 3//3437 23//3437
f 23//3437 3//3437 21//3437
f 21//3437 3//3437 14//3437
f 11//3437 6//3437 8//3437
f 8//3437 6//3437 1//3437
f 3663//3437 3665//3437 25//3437
f 25//3437 3665//3437 3667//3437
f 25//3437 3667//3437 3669//3437
f 3669//3437 3671//3437 25//3437
f 25//3437 3671//3437 3673//3437
f 25//3437 3673//3437 3675//3437
f 3675//3437 3677//3437 25//3437
f 25//3437 3677//3437 3679//3437
f 25//3437 3679//3437 3681//3437
f 3681//3437 3683//3437 25//3437
f 25//3437 3683//3437 3685//3437
f 25//3437 3685//3437 3661//3437
f 3661//3437 3602//3437 25//3437
f 3610//3437 3612//3437 3527//3437
f 3527//3437 3612//3437 3525//3437
f 3525//3437 3612//3437 3614//3437
f 3525//3437 3614//3437 3616//3437
f 3525//3437 3616//3437 3523//3437
f 3523//3437 3616//3437 3618//3437
f 3523//3437 3618//3437 3620//3437
f 3523//3437 3620//3437 3522//3437
f 3522//3437 3620//3437 3622//3437
f 3522//3437 3622//3437 3624//3437
f 3626//3437 3560//3437 3624//3437
f 3624//3437 3560//3437 3562//3437
f 3624//3437 3562//3437 3564//3437
f 3540//3437 3550//3437 3626//3437
f 3626//3437 3550//3437 3552//3437
f 3626//3437 3552//3437 3554//3437
f 3542//3437 3546//3437 3540//3437
f 3540//3437 3546//3437 3548//3437
f 3540//3437 3548//3437 3550//3437
f 3542//3437 3544//3437 3546//3437
f 3554//3437 3556//3437 3626//3437
f 3626//3437 3556//3437 3558//3437
f 3626//3437 3558//3437 3560//3437
f 3564//3437 3522//3437 3624//3437
f 3483//3437 3485//3437 3481//3437
f 3481//3437 3485//3437 3487//3437
f 3248//3437 3134//3437 3250//3437
f 3250//3437 3134//3437 3136//3437
f 3250//3437 3136//3437 3138//3437
f 3246//3437 3120//3437 3248//3437
f 3248//3437 3120//3437 3122//3437
f 3248//3437 3122//3437 3132//3437
f 3132//3437 3122//3437 3124//3437
f 3132//3437 3124//3437 3126//3437
f 3244//3437 3116//3437 3246//3437
f 3246//3437 3116//3437 3118//3437
f 3246//3437 3118//3437 3120//3437
f 3244//3437 3242//3437 3116//3437
f 3116//3437 3242//3437 3114//3437
f 3114//3437 3242//3437 3240//3437
f 3114//3437 3240//3437 3112//3437
f 3112//3437 3240//3437 3238//3437
f 3112//3437 3238//3437 3236//3437
f 3112//3437 3236//3437 3111//3437
f 3111//3437 3236//3437 3234//3437
f 3111//3437 3234//3437 3197//3437
f 3197//3437 3234//3437 3232//3437
f 3197//3437 3232//3437 3230//3437
f 3228//3437 3226//3437 3230//3437
f 3230//3437 3226//3437 3198//3437
f 3230//3437 3198//3437 3197//3437
f 3128//3437 3130//3437 3126//3437
f 3126//3437 3130//3437 3132//3437
f 3132//3437 3134//3437 3248//3437
f 3138//3437 3140//3437 3250//3437
f 3250//3437 3140//3437 3142//3437
f 3082//3437 3084//3437 4060//3437
f 4060//3437 3084//3437 3086//3437
f 3090//3437 3092//3437 4058//3437
f 4058//3437 3092//3437 3094//3437
f 4058//3437 3094//3437 3096//3437
f 3096//3437 3098//3437 4058//3437
f 4058//3437 3098//3437 3100//3437
f 4058//3437 3100//3437 3102//3437
f 4058//3437 3102//3437 3047//3437
f 3047//3437 3102//3437 3104//3437
f 3047//3437 3104//3437 3106//3437
f 3106//3437 3108//3437 3047//3437
f 3048//3437 3050//3437 3047//3437
f 3047//3437 3050//3437 3052//3437
f 3047//3437 3052//3437 3028//3437
f 3028//3437 3052//3437 3054//3437
f 3028//3437 3054//3437 3056//3437
f 3056//3437 3058//3437 3028//3437
f 3028//3437 3058//3437 3060//3437
f 3028//3437 3060//3437 3026//3437
f 3026//3437 3060//3437 3062//3437
f 3026//3437 3062//3437 3064//3437
f 3064//3437 3066//3437 3026//3437
f 3026//3437 3066//3437 3024//3437
f 3024//3437 3066//3437 3068//3437
f 3024//3437 3068//3437 3022//3437
f 3022//3437 3068//3437 3070//3437
f 3022//3437 3070//3437 3072//3437
f 3022//3437 3072//3437 3021//3437
f 3021//3437 3072//3437 3074//3437
f 3021//3437 3074//3437 3076//3437
f 3028//3437 3030//3437 3047//3437
f 3047//3437 3030//3437 3032//3437
f 3047//3437 3032//3437 3034//3437
f 3034//3437 3036//3437 3047//3437
f 3047//3437 3036//3437 3038//3437
f 3047//3437 3038//3437 3040//3437
f 3040//3437 3042//3437 3047//3437
f 3047//3437 3042//3437 3044//3437
f 3047//3437 3044//3437 2944//3437
f 2942//3437 2924//3437 2944//3437
f 2944//3437 2924//3437 2922//3437
f 2944//3437 2922//3437 2920//3437
f 2942//3437 2940//3437 2924//3437
f 2924//3437 2940//3437 2926//3437
f 2926//3437 2940//3437 2928//3437
f 2928//3437 2940//3437 2938//3437
f 2928//3437 2938//3437 2930//3437
f 2930//3437 2938//3437 2932//3437
f 2932//3437 2938//3437 2934//3437
f 2934//3437 2938//3437 2936//3437
f 2920//3437 2918//3437 2944//3437
f 2944//3437 2918//3437 2916//3437
f 2944//3437 2916//3437 2914//3437
f 2914//3437 2912//3437 2944//3437
f 2944//3437 2912//3437 2910//3437
f 2944//3437 2910//3437 2908//3437
f 2908//3437 2906//3437 2944//3437
f 2944//3437 2906//3437 2904//3437
f 2944//3437 2904//3437 2902//3437
f 2944//3437 2902//3437 1937//3437
f 1937//3437 2902//3437 2900//3437
f 1937//3437 2900//3437 2845//3437
f 2845//3437 2844//3437 1937//3437
f 1937//3437 2844//3437 2898//3437
f 1937//3437 2898//3437 2758//3437
f 2758//3437 2898//3437 2756//3437
f 2756//3437 2898//3437 2897//3437
f 2756//3437 2897//3437 2754//3437
f 2754//3437 2897//3437 2745//3437
f 2754//3437 2745//3437 2752//3437
f 2752//3437 2745//3437 2750//3437
f 2750//3437 2745//3437 2748//3437
f 2748//3437 2745//3437 2746//3437
f 2758//3437 2760//3437 1937//3437
f 1937//3437 2760//3437 2762//3437
f 1937//3437 2762//3437 2708//3437
f 2708//3437 2762//3437 2707//3437
f 2707//3437 2762//3437 2764//3437
f 2707//3437 2764//3437 2740//3437
f 2740//3437 2764//3437 2738//3437
f 2738//3437 2764//3437 2736//3437
f 2736//3437 2764//3437 2734//3437
f 2734//3437 2764//3437 2732//3437
f 2732//3437 2764//3437 2730//3437
f 2730//3437 2764//3437 2728//3437
f 2728//3437 2764//3437 2725//3437
f 2728//3437 2725//3437 2726//3437
f 2708//3437 2710//3437 1937//3437
f 1937//3437 2710//3437 1998//3437
f 1937//3437 1998//3437 2000//3437
f 2712//3437 1994//3437 2710//3437
f 2710//3437 1994//3437 1996//3437
f 2710//3437 1996//3437 1998//3437
f 2714//3437 1982//3437 2712//3437
f 2712//3437 1982//3437 1984//3437
f 2712//3437 1984//3437 1986//3437
f 2716//3437 1976//3437 2714//3437
f 2714//3437 1976//3437 1978//3437
f 2714//3437 1978//3437 1980//3437
f 2718//3437 2208//3437 2716//3437
f 2716//3437 2208//3437 2210//3437
f 2716//3437 2210//3437 1974//3437
f 1974//3437 2210//3437 1972//3437
f 1972//3437 2210//3437 2212//3437
f 1972//3437 2212//3437 1970//3437
f 1970//3437 2212//3437 1969//3437
f 1969//3437 2212//3437 2196//3437
f 1969//3437 2196//3437 2036//3437
f 2036//3437 2196//3437 2189//3437
f 2036//3437 2189//3437 2034//3437
f 2034//3437 2189//3437 2032//3437
f 2032//3437 2189//3437 2030//3437
f 2030//3437 2189//3437 2028//3437
f 2028//3437 2189//3437 2026//3437
f 2026//3437 2189//3437 2024//3437
f 2024//3437 2189//3437 2022//3437
f 2022//3437 2189//3437 2190//3437
f 2022//3437 2190//3437 2020//3437
f 2020//3437 2190//3437 2018//3437
f 2018//3437 2190//3437 2192//3437
f 2018//3437 2192//3437 2016//3437
f 2016//3437 2192//3437 2014//3437
f 2014//3437 2192//3437 2194//3437
f 2014//3437 2194//3437 2012//3437
f 2012//3437 2194//3437 2010//3437
f 2010//3437 2194//3437 2008//3437
f 2008//3437 2194//3437 2007//3437
f 2007//3437 2194//3437 2173//3437
f 2007//3437 2173//3437 2157//3437
f 2720//3437 2204//3437 2718//3437
f 2718//3437 2204//3437 2206//3437
f 2718//3437 2206//3437 2208//3437
f 2722//3437 2653//3437 2720//3437
f 2720//3437 2653//3437 2200//3437
f 2720//3437 2200//3437 2202//3437
f 2693//3437 2698//3437 2722//3437
f 2722//3437 2698//3437 2700//3437
f 2722//3437 2700//3437 2702//3437
f 2694//3437 2696//3437 2693//3437
f 2693//3437 2696//3437 2698//3437
f 2702//3437 2704//3437 2722//3437
f 2722//3437 2704//3437 2653//3437
f 2653//3437 2654//3437 2200//3437
f 2200//3437 2654//3437 2199//3437
f 2199//3437 2654//3437 2656//3437
f 2199//3437 2656//3437 2658//3437
f 2658//3437 2660//3437 2199//3437
f 2199//3437 2660//3437 2662//3437
f 2199//3437 2662//3437 2664//3437
f 2664//3437 2666//3437 2199//3437
f 2199//3437 2666//3437 2668//3437
f 2199//3437 2668//3437 2670//3437
f 2670//3437 2672//3437 2199//3437
f 2199//3437 2672//3437 2674//3437
f 2199//3437 2674//3437 2676//3437
f 2676//3437 2678//3437 2199//3437
f 2199//3437 2678//3437 2680//3437
f 2199//3437 2680//3437 2682//3437
f 2682//3437 2684//3437 2199//3437
f 2199//3437 2684//3437 2686//3437
f 2199//3437 2686//3437 2216//3437
f 2216//3437 2686//3437 2688//3437
f 2216//3437 2688//3437 2690//3437
f 2690//3437 2625//3437 2216//3437
f 2216//3437 2625//3437 2626//3437
f 2216//3437 2626//3437 2628//3437
f 2628//3437 2630//3437 2216//3437
f 2216//3437 2630//3437 2215//3437
f 2215//3437 2630//3437 2632//3437
f 2215//3437 2632//3437 2634//3437
f 2634//3437 2636//3437 2215//3437
f 2215//3437 2636//3437 2638//3437
f 2215//3437 2638//3437 2640//3437
f 2640//3437 2642//3437 2215//3437
f 2215//3437 2642//3437 2644//3437
f 2215//3437 2644//3437 2646//3437
f 2646//3437 2648//3437 2215//3437
f 2215//3437 2648//3437 2650//3437
f 2215//3437 2650//3437 2221//3437
f 2221//3437 2650//3437 2585//3437
f 2221//3437 2585//3437 2353//3437
f 2353//3437 2585//3437 2583//3437
f 2353//3437 2583//3437 2384//3437
f 2384//3437 2583//3437 2382//3437
f 2382//3437 2583//3437 2581//3437
f 2382//3437 2581//3437 2380//3437
f 2380//3437 2581//3437 2378//3437
f 2378//3437 2581//3437 2376//3437
f 2376//3437 2581//3437 2579//3437
f 2376//3437 2579//3437 2493//3437
f 2493//3437 2579//3437 2577//3437
f 2493//3437 2577//3437 2495//3437
f 2495//3437 2577//3437 2497//3437
f 2497//3437 2577//3437 2499//3437
f 2499//3437 2577//3437 2501//3437
f 2501//3437 2577//3437 2503//3437
f 2503//3437 2577//3437 2575//3437
f 2503//3437 2575//3437 2505//3437
f 2505//3437 2575//3437 2507//3437
f 2507//3437 2575//3437 2573//3437
f 2507//3437 2573//3437 2509//3437
f 2509//3437 2573//3437 2545//3437
f 2509//3437 2545//3437 2544//3437
f 2509//3437 2544//3437 2480//3437
f 2480//3437 2544//3437 2571//3437
f 2480//3437 2571//3437 2569//3437
f 2569//3437 2566//3437 2480//3437
f 2491//3437 2489//3437 2493//3437
f 2493//3437 2489//3437 2487//3437
f 2493//3437 2487//3437 2485//3437
f 2485//3437 2483//3437 2493//3437
f 2493//3437 2483//3437 2481//3437
f 2493//3437 2481//3437 2462//3437
f 2462//3437 2371//3437 2493//3437
f 2493//3437 2371//3437 2372//3437
f 2493//3437 2372//3437 2374//3437
f 2374//3437 2376//3437 2493//3437
f 2353//3437 2354//3437 2221//3437
f 2221//3437 2354//3437 2356//3437
f 2221//3437 2356//3437 2358//3437
f 2221//3437 2358//3437 2334//3437
f 2334//3437 2358//3437 2360//3437
f 2334//3437 2360//3437 2362//3437
f 2362//3437 2364//3437 2334//3437
f 2334//3437 2364//3437 2366//3437
f 2343//3437 2345//3437 2334//3437
f 2334//3437 2345//3437 2221//3437
f 2222//3437 2266//3437 2221//3437
f 2221//3437 2266//3437 2268//3437
f 2221//3437 2268//3437 2270//3437
f 2224//3437 2262//3437 2222//3437
f 2222//3437 2262//3437 2264//3437
f 2222//3437 2264//3437 2266//3437
f 2226//3437 2258//3437 2224//3437
f 2224//3437 2258//3437 2260//3437
f 2224//3437 2260//3437 2262//3437
f 2228//3437 2250//3437 2226//3437
f 2226//3437 2250//3437 2252//3437
f 2226//3437 2252//3437 2254//3437
f 2230//3437 2244//3437 2228//3437
f 2228//3437 2244//3437 2246//3437
f 2228//3437 2246//3437 2248//3437
f 2230//3437 2232//3437 2244//3437
f 2244//3437 2232//3437 2234//3437
f 2244//3437 2234//3437 2242//3437
f 2242//3437 2234//3437 2236//3437
f 2242//3437 2236//3437 2238//3437
f 2238//3437 2240//3437 2242//3437
f 2248//3437 2250//3437 2228//3437
f 2254//3437 2256//3437 2226//3437
f 2226//3437 2256//3437 2258//3437
f 2270//3437 2272//3437 2221//3437
f 2221//3437 2272//3437 2215//3437
f 2202//3437 2204//3437 2720//3437
f 2157//3437 2156//3437 2007//3437
f 2007//3437 2156//3437 2171//3437
f 2007//3437 2171//3437 2169//3437
f 2169//3437 2166//3437 2007//3437
f 2007//3437 2166//3437 2045//3437
f 2007//3437 2045//3437 2046//3437
f 2046//3437 2048//3437 2007//3437
f 2007//3437 2048//3437 2050//3437
f 2007//3437 2050//3437 2060//3437
f 2060//3437 2050//3437 2052//3437
f 2060//3437 2052//3437 2058//3437
f 2058//3437 2052//3437 2054//3437
f 2058//3437 2054//3437 2056//3437
f 2062//3437 2064//3437 2060//3437
f 2060//3437 2064//3437 2066//3437
f 2060//3437 2066//3437 2068//3437
f 2068//3437 2070//3437 2060//3437
f 2060//3437 2070//3437 2072//3437
f 2060//3437 2072//3437 2074//3437
f 2074//3437 2076//3437 2060//3437
f 2060//3437 2076//3437 2078//3437
f 2060//3437 2078//3437 2080//3437
f 2080//3437 2082//3437 2060//3437
f 2060//3437 2082//3437 2084//3437
f 2060//3437 2084//3437 2086//3437
f 2086//3437 2088//3437 2060//3437
f 2060//3437 2088//3437 2090//3437
f 2060//3437 2090//3437 2039//3437
f 2039//3437 2040//3437 2060//3437
f 2060//3437 2040//3437 2007//3437
f 1974//3437 1976//3437 2716//3437
f 1980//3437 1982//3437 2714//3437
f 1986//3437 1988//3437 2712//3437
f 2712//3437 1988//3437 1990//3437
f 2712//3437 1990//3437 1992//3437
f 1992//3437 1994//3437 2712//3437
f 2000//3437 2002//3437 1937//3437
f 1937//3437 2002//3437 2004//3437
f 1938//3437 1940//3437 1937//3437
f 1937//3437 1940//3437 1905//3437
f 1940//3437 1942//3437 1905//3437
f 1905//3437 1942//3437 1944//3437
f 1905//3437 1944//3437 1946//3437
f 1946//3437 1948//3437 1905//3437
f 1905//3437 1948//3437 1950//3437
f 1905//3437 1950//3437 1952//3437
f 1952//3437 1954//3437 1905//3437
f 1905//3437 1954//3437 1956//3437
f 1905//3437 1956//3437 1958//3437
f 1958//3437 1960//3437 1905//3437
f 1905//3437 1960//3437 1962//3437
f 1905//3437 1962//3437 1964//3437
f 1964//3437 1966//3437 1905//3437
f 1934//3437 1879//3437 5488//3437
f 1824//3437 1826//3437 1842//3437
f 1842//3437 1826//3437 1828//3437
f 1842//3437 1828//3437 1830//3437
f 1830//3437 1832//3437 1842//3437
f 1842//3437 1832//3437 1834//3437
f 1842//3437 1834//3437 1836//3437
f 1836//3437 1838//3437 1842//3437
f 1842//3437 1838//3437 1840//3437
f 1552//3437 1554//3437 5769//3437
f 1558//3437 1560//3437 5767//3437
f 5767//3437 1560//3437 1562//3437
f 5767//3437 1562//3437 1564//3437
f 1564//3437 1535//3437 5767//3437
f 1518//3437 1520//3437 5755//3437
f 5755//3437 1520//3437 1522//3437
f 5755//3437 1522//3437 1524//3437
f 1524//3437 1526//3437 5755//3437
f 5755//3437 1526//3437 1528//3437
f 1363//3437 1361//3437 950//3437
f 950//3437 1361//3437 1359//3437
f 950//3437 1359//3437 1357//3437
f 1357//3437 1355//3437 950//3437
f 950//3437 1355//3437 1317//3437
f 950//3437 1317//3437 1316//3437
f 1353//3437 1038//3437 1316//3437
f 1316//3437 1038//3437 948//3437
f 1316//3437 948//3437 950//3437
f 1353//3437 1351//3437 1038//3437
f 1038//3437 1351//3437 1348//3437
f 1038//3437 1348//3437 1249//3437
f 1250//3437 1113//3437 1249//3437
f 1249//3437 1113//3437 1115//3437
f 1249//3437 1115//3437 1117//3437
f 1250//3437 1252//3437 1113//3437
f 1113//3437 1252//3437 1254//3437
f 1113//3437 1254//3437 1256//3437
f 1256//3437 1258//3437 1113//3437
f 1113//3437 1258//3437 1111//3437
f 1111//3437 1258//3437 1260//3437
f 1111//3437 1260//3437 1109//3437
f 1109//3437 1260//3437 1262//3437
f 1109//3437 1262//3437 1107//3437
f 1107//3437 1262//3437 1264//3437
f 1107//3437 1264//3437 1266//3437
f 1107//3437 1266//3437 1106//3437
f 1106//3437 1266//3437 1268//3437
f 1106//3437 1268//3437 1134//3437
f 1134//3437 1268//3437 1270//3437
f 1134//3437 1270//3437 1272//3437
f 1136//3437 1160//3437 1134//3437
f 1134//3437 1160//3437 1162//3437
f 1134//3437 1162//3437 1164//3437
f 1136//3437 1138//3437 1160//3437
f 1160//3437 1138//3437 1158//3437
f 1158//3437 1138//3437 1140//3437
f 1158//3437 1140//3437 1156//3437
f 1156//3437 1140//3437 1142//3437
f 1156//3437 1142//3437 1144//3437
f 1156//3437 1144//3437 1154//3437
f 1154//3437 1144//3437 1146//3437
f 1154//3437 1146//3437 1148//3437
f 1148//3437 1150//3437 1154//3437
f 1154//3437 1150//3437 1152//3437
f 1164//3437 1166//3437 1134//3437
f 1134//3437 1166//3437 1168//3437
f 1134//3437 1168//3437 1170//3437
f 1170//3437 1172//3437 1134//3437
f 1134//3437 1172//3437 1174//3437
f 1134//3437 1174//3437 1176//3437
f 1176//3437 1178//3437 1134//3437
f 1134//3437 1178//3437 1180//3437
f 1134//3437 1180//3437 1106//3437
f 1117//3437 1119//3437 1249//3437
f 1249//3437 1119//3437 1121//3437
f 1249//3437 1121//3437 1123//3437
f 1123//3437 1125//3437 1249//3437
f 1249//3437 1125//3437 1127//3437
f 1249//3437 1127//3437 1129//3437
f 1129//3437 1038//3437 1249//3437
f 1039//3437 972//3437 1038//3437
f 1038//3437 972//3437 974//3437
f 1038//3437 974//3437 976//3437
f 1039//3437 1041//3437 972//3437
f 972//3437 1041//3437 970//3437
f 970//3437 1041//3437 968//3437
f 968//3437 1041//3437 1043//3437
f 968//3437 1043//3437 967//3437
f 967//3437 1043//3437 1045//3437
f 967//3437 1045//3437 1047//3437
f 1047//3437 1049//3437 967//3437
f 967//3437 1049//3437 1051//3437
f 967//3437 1051//3437 1053//3437
f 1053//3437 1055//3437 967//3437
f 967//3437 1055//3437 987//3437
f 967//3437 987//3437 1019//3437
f 1019//3437 987//3437 1020//3437
f 1020//3437 987//3437 1021//3437
f 1021//3437 987//3437 1022//3437
f 1022//3437 987//3437 1023//3437
f 1023//3437 987//3437 1024//3437
f 1024//3437 987//3437 1025//3437
f 1025//3437 987//3437 1026//3437
f 1026//3437 987//3437 1027//3437
f 1027//3437 987//3437 1028//3437
f 1028//3437 987//3437 1029//3437
f 1029//3437 987//3437 1030//3437
f 1030//3437 987//3437 1031//3437
f 1031//3437 987//3437 1032//3437
f 1032//3437 987//3437 1033//3437
f 1055//3437 1057//3437 987//3437
f 987//3437 1057//3437 1059//3437
f 987//3437 1059//3437 1061//3437
f 1061//3437 1063//3437 987//3437
f 987//3437 1063//3437 1065//3437
f 987//3437 1065//3437 1067//3437
f 1067//3437 1069//3437 987//3437
f 987//3437 1069//3437 1071//3437
f 976//3437 978//3437 1038//3437
f 1038//3437 978//3437 980//3437
f 1038//3437 980//3437 982//3437
f 982//3437 984//3437 1038//3437
f 1038//3437 984//3437 986//3437
f 1038//3437 986//3437 953//3437
f 953//3437 954//3437 1038//3437
f 1038//3437 954//3437 956//3437
f 1038//3437 956//3437 958//3437
f 958//3437 960//3437 1038//3437
f 1038//3437 960//3437 962//3437
f 1038//3437 962//3437 964//3437
f 964//3437 935//3437 1038//3437
f 1038//3437 935//3437 936//3437
f 1038//3437 936//3437 938//3437
f 938//3437 940//3437 1038//3437
f 1038//3437 940//3437 942//3437
f 1038//3437 942//3437 944//3437
f 944//3437 946//3437 1038//3437
f 1038//3437 946//3437 948//3437
f 49//3438 925//3438 51//3438
f 51//3438 925//3438 5886//3438
f 51//3438 5886//3438 54//3438
f 54//3438 5886//3438 55//3438
f 55//3438 5886//3438 5885//3438
f 55//3438 5885//3438 5931//3438
f 925//3438 49//3438 927//3438
f 927//3438 49//3438 47//3438
f 927//3438 47//3438 45//3438
f 45//3438 43//3438 927//3438
f 927//3438 43//3438 929//3438
f 929//3438 43//3438 41//3438
f 929//3438 41//3438 931//3438
f 931//3438 41//3438 39//3438
f 931//3438 39//3438 873//3438
f 873//3438 39//3438 37//3438
f 873//3438 37//3438 874//3438
f 874//3438 37//3438 877//3438
f 877//3438 37//3438 35//3438
f 877//3438 35//3438 879//3438
f 879//3438 35//3438 33//3438
f 879//3438 33//3438 881//3438
f 881//3438 33//3438 30//3438
f 881//3438 30//3438 883//3438
f 883//3438 30//3438 885//3438
f 885//3438 30//3438 29//3438
f 885//3438 29//3438 887//3438
f 887//3438 29//3438 845//3438
f 845//3438 29//3438 781//3438
f 845//3438 781//3438 846//3438
f 846//3438 781//3438 849//3438
f 849//3438 781//3438 779//3438
f 849//3438 779//3438 851//3438
f 851//3438 779//3438 853//3438
f 853//3438 779//3438 855//3438
f 855//3438 779//3438 857//3438
f 857//3438 779//3438 859//3438
f 859//3438 779//3438 777//3438
f 859//3438 777//3438 861//3438
f 861//3438 777//3438 775//3438
f 861//3438 775//3438 863//3438
f 863//3438 775//3438 865//3438
f 865//3438 775//3438 773//3438
f 865//3438 773//3438 867//3438
f 867//3438 773//3438 771//3438
f 867//3438 771//3438 869//3438
f 869//3438 771//3438 769//3438
f 869//3438 769//3438 871//3438
f 871//3438 769//3438 767//3438
f 871//3438 767//3438 829//3438
f 829//3438 767//3438 765//3438
f 829//3438 765//3438 763//3438
f 829//3438 763//3438 830//3438
f 830//3438 763//3438 761//3438
f 830//3438 761//3438 759//3438
f 830//3438 759//3438 833//3438
f 833//3438 759//3438 757//3438
f 833//3438 757//3438 835//3438
f 835//3438 757//3438 755//3438
f 835//3438 755//3438 837//3438
f 837//3438 755//3438 753//3438
f 837//3438 753//3438 839//3438
f 839//3438 753//3438 841//3438
f 841//3438 753//3438 751//3438
f 841//3438 751//3438 843//3438
f 843//3438 751//3438 749//3438
f 843//3438 749//3438 809//3438
f 809//3438 749//3438 810//3438
f 810//3438 749//3438 747//3438
f 810//3438 747//3438 813//3438
f 813//3438 747//3438 815//3438
f 815//3438 747//3438 745//3438
f 815//3438 745//3438 817//3438
f 817//3438 745//3438 743//3438
f 817//3438 743//3438 819//3438
f 819//3438 743//3438 741//3438
f 819//3438 741//3438 821//3438
f 821//3438 741//3438 739//3438
f 821//3438 739//3438 737//3438
f 821//3438 737//3438 823//3438
f 823//3438 737//3438 735//3438
f 823//3438 735//3438 825//3438
f 825//3438 735//3438 733//3438
f 825//3438 733//3438 827//3438
f 827//3438 733//3438 731//3438
f 827//3438 731//3438 783//3438
f 783//3438 731//3438 729//3438
f 783//3438 729//3438 784//3438
f 784//3438 729//3438 727//3438
f 784//3438 727//3438 725//3438
f 784//3438 725//3438 787//3438
f 787//3438 725//3438 723//3438
f 787//3438 723//3438 721//3438
f 721//3438 719//3438 787//3438
f 787//3438 719//3438 789//3438
f 789//3438 719//3438 717//3438
f 789//3438 717//3438 715//3438
f 715//3438 713//3438 789//3438
f 789//3438 713//3438 711//3438
f 789//3438 711//3438 709//3438
f 709//3438 707//3438 789//3438
f 789//3438 707//3438 705//3438
f 789//3438 705//3438 703//3438
f 703//3438 701//3438 789//3438
f 789//3438 701//3438 491//3438
f 789//3438 491//3438 545//3438
f 545//3438 543//3438 789//3438
f 789//3438 543//3438 541//3438
f 789//3438 541//3438 539//3438
f 539//3438 537//3438 789//3438
f 789//3438 537//3438 535//3438
f 789//3438 535//3438 533//3438
f 533//3438 531//3438 789//3438
f 789//3438 531//3438 529//3438
f 789//3438 529//3438 527//3438
f 527//3438 525//3438 789//3438
f 789//3438 525//3438 523//3438
f 789//3438 523//3438 521//3438
f 521//3438 519//3438 789//3438
f 789//3438 519//3438 517//3438
f 789//3438 517//3438 515//3438
f 515//3438 513//3438 789//3438
f 789//3438 513//3438 791//3438
f 791//3438 513//3438 511//3438
f 791//3438 511//3438 509//3438
f 791//3438 509//3438 793//3438
f 793//3438 509//3438 507//3438
f 793//3438 507//3438 447//3438
f 447//3438 430//3438 793//3438
f 793//3438 430//3438 428//3438
f 793//3438 428//3438 426//3438
f 426//3438 424//3438 793//3438
f 793//3438 424//3438 422//3438
f 793//3438 422//3438 420//3438
f 420//3438 418//3438 793//3438
f 793//3438 418//3438 416//3438
f 793//3438 416//3438 795//3438
f 795//3438 416//3438 414//3438
f 795//3438 414//3438 412//3438
f 412//3438 410//3438 795//3438
f 795//3438 410//3438 408//3438
f 795//3438 408//3438 406//3438
f 406//3438 404//3438 795//3438
f 795//3438 404//3438 402//3438
f 795//3438 402//3438 401//3438
f 401//3438 398//3438 795//3438
f 795//3438 398//3438 797//3438
f 797//3438 398//3438 396//3438
f 797//3438 396//3438 394//3438
f 394//3438 392//3438 797//3438
f 797//3438 392//3438 390//3438
f 797//3438 390//3438 799//3438
f 799//3438 390//3438 388//3438
f 799//3438 388//3438 386//3438
f 799//3438 386//3438 801//3438
f 801//3438 386//3438 384//3438
f 801//3438 384//3438 803//3438
f 803//3438 384//3438 382//3438
f 803//3438 382//3438 805//3438
f 805//3438 382//3438 380//3438
f 805//3438 380//3438 807//3438
f 807//3438 380//3438 378//3438
f 807//3438 378//3438 376//3438
f 376//3438 374//3438 807//3438
f 807//3438 374//3438 372//3438
f 807//3438 372//3438 370//3438
f 370//3438 368//3438 807//3438
f 807//3438 368//3438 366//3438
f 807//3438 366//3438 8324//3438
f 8324//3438 366//3438 8326//3438
f 8326//3438 366//3438 8328//3438
f 8328//3438 366//3438 8330//3438
f 8330//3438 366//3438 8332//3438
f 8332//3438 366//3438 8334//3438
f 8334//3438 366//3438 8336//3438
f 8336//3438 366//3438 8338//3438
f 8338//3438 366//3438 8340//3438
f 8340//3438 366//3438 8342//3438
f 8342//3438 366//3438 8344//3438
f 8344//3438 366//3438 8298//3438
f 8298//3438 366//3438 8246//3438
f 8298//3438 8246//3438 8296//3438
f 8296//3438 8246//3438 8254//3438
f 8254//3438 8246//3438 8255//3438
f 8255//3438 8246//3438 8258//3438
f 8258//3438 8246//3438 8244//3438
f 8258//3438 8244//3438 8242//3438
f 364//3438 362//3438 366//3438
f 366//3438 362//3438 7283//3438
f 366//3438 7283//3438 7281//3438
f 7283//3438 362//3438 7285//3438
f 7285//3438 362//3438 360//3438
f 7285//3438 360//3438 358//3438
f 358//3438 356//3438 7285//3438
f 7285//3438 356//3438 354//3438
f 7285//3438 354//3438 352//3438
f 352//3438 350//3438 7285//3438
f 7285//3438 350//3438 7287//3438
f 7287//3438 350//3438 348//3438
f 7287//3438 348//3438 346//3438
f 346//3438 344//3438 7287//3438
f 7287//3438 344//3438 7233//3438
f 7233//3438 344//3438 342//3438
f 7233//3438 342//3438 340//3438
f 7233//3438 340//3438 332//3438
f 332//3438 340//3438 338//3438
f 332//3438 338//3438 336//3438
f 336//3438 334//3438 332//3438
f 330//3438 5976//3438 332//3438
f 332//3438 5976//3438 5975//3438
f 332//3438 5975//3438 6050//3438
f 328//3438 5985//3438 330//3438
f 330//3438 5985//3438 5983//3438
f 330//3438 5983//3438 5981//3438
f 5985//3438 328//3438 5987//3438
f 5987//3438 328//3438 326//3438
f 5987//3438 326//3438 5989//3438
f 5989//3438 326//3438 324//3438
f 5989//3438 324//3438 5991//3438
f 5991//3438 324//3438 322//3438
f 5991//3438 322//3438 5993//3438
f 5993//3438 322//3438 320//3438
f 5993//3438 320//3438 318//3438
f 5993//3438 318//3438 5995//3438
f 5995//3438 318//3438 316//3438
f 5995//3438 316//3438 5997//3438
f 5997//3438 316//3438 314//3438
f 5997//3438 314//3438 5999//3438
f 5999//3438 314//3438 312//3438
f 5999//3438 312//3438 310//3438
f 5999//3438 310//3438 6001//3438
f 6001//3438 310//3438 308//3438
f 6001//3438 308//3438 6003//3438
f 6003//3438 308//3438 306//3438
f 6003//3438 306//3438 6005//3438
f 6005//3438 306//3438 304//3438
f 6005//3438 304//3438 5951//3438
f 5951//3438 304//3438 302//3438
f 5951//3438 302//3438 5952//3438
f 5952//3438 302//3438 300//3438
f 5952//3438 300//3438 5955//3438
f 5955//3438 300//3438 298//3438
f 5955//3438 298//3438 5957//3438
f 5957//3438 298//3438 5959//3438
f 5959//3438 298//3438 296//3438
f 5959//3438 296//3438 5961//3438
f 5961//3438 296//3438 294//3438
f 5961//3438 294//3438 5963//3438
f 5963//3438 294//3438 5965//3438
f 5965//3438 294//3438 5967//3438
f 5967//3438 294//3438 292//3438
f 5967//3438 292//3438 5969//3438
f 5969//3438 292//3438 290//3438
f 5969//3438 290//3438 5971//3438
f 5971//3438 290//3438 5973//3438
f 5973//3438 290//3438 288//3438
f 5973//3438 288//3438 5933//3438
f 5933//3438 288//3438 5934//3438
f 5934//3438 288//3438 286//3438
f 5934//3438 286//3438 284//3438
f 284//3438 282//3438 5934//3438
f 5934//3438 282//3438 280//3438
f 5934//3438 280//3438 278//3438
f 278//3438 276//3438 5934//3438
f 5934//3438 276//3438 274//3438
f 5934//3438 274//3438 5937//3438
f 5937//3438 274//3438 272//3438
f 5937//3438 272//3438 270//3438
f 270//3438 268//3438 5937//3438
f 5937//3438 268//3438 266//3438
f 5937//3438 266//3438 5939//3438
f 5939//3438 266//3438 264//3438
f 5939//3438 264//3438 262//3438
f 5939//3438 262//3438 5941//3438
f 5941//3438 262//3438 260//3438
f 5941//3438 260//3438 5943//3438
f 5943//3438 260//3438 258//3438
f 5943//3438 258//3438 5945//3438
f 5945//3438 258//3438 256//3438
f 5945//3438 256//3438 254//3438
f 5945//3438 254//3438 5947//3438
f 5947//3438 254//3438 252//3438
f 5947//3438 252//3438 250//3438
f 250//3438 248//3438 5947//3438
f 5947//3438 248//3438 5949//3438
f 5949//3438 248//3438 246//3438
f 5949//3438 246//3438 244//3438
f 5949//3438 244//3438 5905//3438
f 5905//3438 244//3438 242//3438
f 5905//3438 242//3438 240//3438
f 240//3438 238//3438 5905//3438
f 5905//3438 238//3438 5906//3438
f 5906//3438 238//3438 236//3438
f 5906//3438 236//3438 234//3438
f 234//3438 232//3438 5906//3438
f 5906//3438 232//3438 5909//3438
f 5909//3438 232//3438 230//3438
f 5909//3438 230//3438 228//3438
f 5909//3438 228//3438 5911//3438
f 5911//3438 228//3438 226//3438
f 5911//3438 226//3438 224//3438
f 224//3438 222//3438 5911//3438
f 5911//3438 222//3438 5913//3438
f 5913//3438 222//3438 220//3438
f 5913//3438 220//3438 218//3438
f 218//3438 216//3438 5913//3438
f 5913//3438 216//3438 214//3438
f 5913//3438 214//3438 212//3438
f 212//3438 210//3438 5913//3438
f 5913//3438 210//3438 208//3438
f 5913//3438 208//3438 206//3438
f 206//3438 161//3438 5913//3438
f 5913//3438 161//3438 163//3438
f 5913//3438 163//3438 165//3438
f 165//3438 167//3438 5913//3438
f 5913//3438 167//3438 5915//3438
f 5915//3438 167//3438 169//3438
f 5915//3438 169//3438 171//3438
f 171//3438 173//3438 5915//3438
f 5915//3438 173//3438 175//3438
f 5915//3438 175//3438 177//3438
f 177//3438 179//3438 5915//3438
f 5915//3438 179//3438 181//3438
f 5915//3438 181//3438 183//3438
f 183//3438 185//3438 5915//3438
f 5915//3438 185//3438 187//3438
f 5915//3438 187//3438 189//3438
f 189//3438 191//3438 5915//3438
f 5915//3438 191//3438 124//3438
f 5915//3438 124//3438 122//3438
f 122//3438 120//3438 5915//3438
f 5915//3438 120//3438 118//3438
f 5915//3438 118//3438 116//3438
f 116//3438 114//3438 5915//3438
f 5915//3438 114//3438 112//3438
f 5915//3438 112//3438 5917//3438
f 5917//3438 112//3438 110//3438
f 5917//3438 110//3438 108//3438
f 108//3438 106//3438 5917//3438
f 5917//3438 106//3438 5919//3438
f 5919//3438 106//3438 104//3438
f 5919//3438 104//3438 102//3438
f 102//3438 100//3438 5919//3438
f 5919//3438 100//3438 83//3438
f 5919//3438 83//3438 81//3438
f 81//3438 79//3438 5919//3438
f 5919//3438 79//3438 77//3438
f 5919//3438 77//3438 75//3438
f 75//3438 73//3438 5919//3438
f 5919//3438 73//3438 5921//3438
f 5921//3438 73//3438 71//3438
f 5921//3438 71//3438 69//3438
f 69//3438 67//3438 5921//3438
f 5921//3438 67//3438 5923//3438
f 5923//3438 67//3438 65//3438
f 5923//3438 65//3438 5925//3438
f 5925//3438 65//3438 63//3438
f 5925//3438 63//3438 5927//3438
f 5927//3438 63//3438 61//3438
f 5927//3438 61//3438 5929//3438
f 5929//3438 61//3438 59//3438
f 5929//3438 59//3438 57//3438
f 5929//3438 57//3438 5931//3438
f 5931//3438 57//3438 55//3438
f 5886//3438 925//3438 5889//3438
f 5889//3438 925//3438 923//3438
f 5889//3438 923//3438 5891//3438
f 5891//3438 923//3438 921//3438
f 5891//3438 921//3438 5893//3438
f 5893//3438 921//3438 5895//3438
f 5895//3438 921//3438 919//3438
f 5895//3438 919//3438 5897//3438
f 5897//3438 919//3438 5899//3438
f 5899//3438 919//3438 917//3438
f 5899//3438 917//3438 5901//3438
f 5901//3438 917//3438 5903//3438
f 5903//3438 917//3438 5851//3438
f 5851//3438 917//3438 915//3438
f 5851//3438 915//3438 5853//3438
f 5853//3438 915//3438 913//3438
f 5853//3438 913//3438 5854//3438
f 5854//3438 913//3438 911//3438
f 5854//3438 911//3438 5856//3438
f 5856//3438 911//3438 909//3438
f 5856//3438 909//3438 907//3438
f 905//3438 5862//3438 907//3438
f 907//3438 5862//3438 5860//3438
f 907//3438 5860//3438 5858//3438
f 5862//3438 905//3438 5864//3438
f 5864//3438 905//3438 903//3438
f 5864//3438 903//3438 5866//3438
f 5866//3438 903//3438 5868//3438
f 5868//3438 903//3438 5870//3438
f 5870//3438 903//3438 901//3438
f 5870//3438 901//3438 5872//3438
f 5872//3438 901//3438 5832//3438
f 5832//3438 901//3438 5833//3438
f 5833//3438 901//3438 5836//3438
f 5836//3438 901//3438 899//3438
f 5836//3438 899//3438 5838//3438
f 5838//3438 899//3438 5840//3438
f 5840//3438 899//3438 897//3438
f 5840//3438 897//3438 5842//3438
f 5842//3438 897//3438 895//3438
f 5842//3438 895//3438 893//3438
f 5842//3438 893//3438 5844//3438
f 5844//3438 893//3438 890//3438
f 5844//3438 890//3438 889//3438
f 889//3438 949//3438 5844//3438
f 5844//3438 949//3438 1326//3438
f 5844//3438 1326//3438 5846//3438
f 5846//3438 1326//3438 1324//3438
f 5846//3438 1324//3438 1322//3438
f 947//3438 1340//3438 949//3438
f 949//3438 1340//3438 1338//3438
f 949//3438 1338//3438 1336//3438
f 1340//3438 947//3438 1036//3438
f 1036//3438 947//3438 945//3438
f 1036//3438 945//3438 943//3438
f 943//3438 941//3438 1036//3438
f 1036//3438 941//3438 939//3438
f 1036//3438 939//3438 937//3438
f 937//3438 934//3438 1036//3438
f 1036//3438 934//3438 933//3438
f 1036//3438 933//3438 963//3438
f 963//3438 961//3438 1036//3438
f 1036//3438 961//3438 959//3438
f 1036//3438 959//3438 957//3438
f 957//3438 955//3438 1036//3438
f 1036//3438 955//3438 952//3438
f 1036//3438 952//3438 951//3438
f 951//3438 985//3438 1036//3438
f 1036//3438 985//3438 983//3438
f 1036//3438 983//3438 981//3438
f 981//3438 979//3438 1036//3438
f 1036//3438 979//3438 977//3438
f 1036//3438 977//3438 975//3438
f 975//3438 973//3438 1036//3438
f 1036//3438 973//3438 971//3438
f 1036//3438 971//3438 1034//3438
f 1034//3438 971//3438 1103//3438
f 1103//3438 971//3438 969//3438
f 1103//3438 969//3438 966//3438
f 1103//3438 966//3438 1101//3438
f 1101//3438 966//3438 965//3438
f 1101//3438 965//3438 1099//3438
f 1099//3438 965//3438 1097//3438
f 1097//3438 965//3438 1095//3438
f 1095//3438 965//3438 1093//3438
f 1093//3438 965//3438 1091//3438
f 1091//3438 965//3438 1089//3438
f 1089//3438 965//3438 988//3438
f 1089//3438 988//3438 1087//3438
f 1087//3438 988//3438 1085//3438
f 1085//3438 988//3438 1083//3438
f 1083//3438 988//3438 1081//3438
f 1081//3438 988//3438 1079//3438
f 1079//3438 988//3438 1077//3438
f 1077//3438 988//3438 1075//3438
f 1075//3438 988//3438 1073//3438
f 965//3438 1017//3438 988//3438
f 988//3438 1017//3438 1015//3438
f 988//3438 1015//3438 1013//3438
f 1013//3438 1011//3438 988//3438
f 988//3438 1011//3438 1009//3438
f 988//3438 1009//3438 1007//3438
f 1007//3438 1005//3438 988//3438
f 988//3438 1005//3438 1003//3438
f 988//3438 1003//3438 1001//3438
f 1001//3438 999//3438 988//3438
f 988//3438 999//3438 997//3438
f 988//3438 997//3438 995//3438
f 995//3438 993//3438 988//3438
f 988//3438 993//3438 991//3438
f 988//3438 991//3438 990//3438
f 1128//3438 1132//3438 1036//3438
f 1036//3438 1132//3438 1247//3438
f 1036//3438 1247//3438 1346//3438
f 1128//3438 1126//3438 1132//3438
f 1132//3438 1126//3438 1124//3438
f 1132//3438 1124//3438 1122//3438
f 1122//3438 1120//3438 1132//3438
f 1132//3438 1120//3438 1118//3438
f 1132//3438 1118//3438 1116//3438
f 1116//3438 1114//3438 1132//3438
f 1132//3438 1114//3438 1112//3438
f 1132//3438 1112//3438 1110//3438
f 1110//3438 1108//3438 1132//3438
f 1132//3438 1108//3438 1105//3438
f 1132//3438 1105//3438 1104//3438
f 1104//3438 1183//3438 1132//3438
f 1132//3438 1183//3438 1185//3438
f 1132//3438 1185//3438 1187//3438
f 1187//3438 1189//3438 1132//3438
f 1132//3438 1189//3438 1191//3438
f 1132//3438 1191//3438 1193//3438
f 1193//3438 1195//3438 1132//3438
f 1132//3438 1195//3438 1197//3438
f 1132//3438 1197//3438 1199//3438
f 1199//3438 1201//3438 1132//3438
f 1132//3438 1201//3438 1203//3438
f 1132//3438 1203//3438 1130//3438
f 1130//3438 1203//3438 1225//3438
f 1225//3438 1203//3438 1205//3438
f 1225//3438 1205//3438 1223//3438
f 1223//3438 1205//3438 1207//3438
f 1223//3438 1207//3438 1221//3438
f 1221//3438 1207//3438 1219//3438
f 1219//3438 1207//3438 1209//3438
f 1219//3438 1209//3438 1217//3438
f 1217//3438 1209//3438 1215//3438
f 1215//3438 1209//3438 1213//3438
f 1213//3438 1209//3438 1211//3438
f 1271//3438 1269//3438 1132//3438
f 1132//3438 1269//3438 1267//3438
f 1132//3438 1267//3438 1265//3438
f 1265//3438 1263//3438 1132//3438
f 1132//3438 1263//3438 1261//3438
f 1132//3438 1261//3438 1259//3438
f 1259//3438 1257//3438 1132//3438
f 1132//3438 1257//3438 1255//3438
f 1132//3438 1255//3438 1253//3438
f 1253//3438 1251//3438 1132//3438
f 1132//3438 1251//3438 1248//3438
f 1132//3438 1248//3438 1247//3438
f 1346//3438 1344//3438 1036//3438
f 1036//3438 1344//3438 1342//3438
f 1036//3438 1342//3438 1340//3438
f 1336//3438 1334//3438 949//3438
f 949//3438 1334//3438 1332//3438
f 949//3438 1332//3438 1330//3438
f 1330//3438 1328//3438 949//3438
f 949//3438 1328//3438 1326//3438
f 1322//3438 1320//3438 5846//3438
f 5846//3438 1320//3438 1318//3438
f 5846//3438 1318//3438 1273//3438
f 1273//3438 1275//3438 5846//3438
f 5846//3438 1275//3438 1451//3438
f 5846//3438 1451//3438 1449//3438
f 1449//3438 1447//3438 5846//3438
f 5846//3438 1447//3438 1445//3438
f 5846//3438 1445//3438 5848//3438
f 5848//3438 1445//3438 1443//3438
f 5848//3438 1443//3438 5780//3438
f 5780//3438 1443//3438 1441//3438
f 5780//3438 1441//3438 1439//3438
f 1439//3438 1438//3438 5780//3438
f 5780//3438 1438//3438 1436//3438
f 5780//3438 1436//3438 5778//3438
f 5778//3438 1436//3438 1492//3438
f 5778//3438 1492//3438 1494//3438
f 1494//3438 1496//3438 5778//3438
f 5778//3438 1496//3438 1498//3438
f 5778//3438 1498//3438 5831//3438
f 5831//3438 1498//3438 1500//3438
f 5831//3438 1500//3438 1502//3438
f 5831//3438 1502//3438 5829//3438
f 5829//3438 1502//3438 1504//3438
f 5829//3438 1504//3438 1506//3438
f 5829//3438 1506//3438 5827//3438
f 5827//3438 1506//3438 1508//3438
f 5827//3438 1508//3438 5825//3438
f 5825//3438 1508//3438 1510//3438
f 5825//3438 1510//3438 5823//3438
f 5823//3438 1510//3438 1512//3438
f 5823//3438 1512//3438 5821//3438
f 5821//3438 1512//3438 1514//3438
f 5821//3438 1514//3438 5819//3438
f 5819//3438 1514//3438 1461//3438
f 5819//3438 1461//3438 5817//3438
f 5817//3438 1461//3438 1463//3438
f 5817//3438 1463//3438 5815//3438
f 5815//3438 1463//3438 1531//3438
f 5815//3438 1531//3438 5813//3438
f 5813//3438 1531//3438 5811//3438
f 5811//3438 1531//3438 5809//3438
f 5809//3438 1531//3438 5776//3438
f 5776//3438 1531//3438 1529//3438
f 5776//3438 1529//3438 5748//3438
f 5748//3438 1529//3438 5749//3438
f 5749//3438 1529//3438 1527//3438
f 5749//3438 1527//3438 5752//3438
f 5752//3438 1527//3438 5754//3438
f 5754//3438 1527//3438 1525//3438
f 5754//3438 1525//3438 1523//3438
f 1523//3438 1521//3438 5754//3438
f 5754//3438 1521//3438 1519//3438
f 5754//3438 1519//3438 1516//3438
f 1516//3438 1515//3438 5754//3438
f 5754//3438 1515//3438 1543//3438
f 5754//3438 1543//3438 5756//3438
f 5756//3438 1543//3438 1541//3438
f 5756//3438 1541//3438 1539//3438
f 5756//3438 1539//3438 5758//3438
f 5758//3438 1539//3438 1537//3438
f 5758//3438 1537//3438 5760//3438
f 5760//3438 1537//3438 1534//3438
f 5760//3438 1534//3438 5762//3438
f 5762//3438 1534//3438 1533//3438
f 5762//3438 1533//3438 5764//3438
f 5764//3438 1533//3438 5766//3438
f 5766//3438 1533//3438 1563//3438
f 5766//3438 1563//3438 1561//3438
f 1561//3438 1559//3438 5766//3438
f 5766//3438 1559//3438 1557//3438
f 5766//3438 1557//3438 1555//3438
f 1555//3438 1553//3438 5766//3438
f 5766//3438 1553//3438 5768//3438
f 5768//3438 1553//3438 1551//3438
f 5768//3438 1551//3438 1549//3438
f 1549//3438 1546//3438 5768//3438
f 5768//3438 1546//3438 5770//3438
f 5770//3438 1546//3438 1545//3438
f 5770//3438 1545//3438 5772//3438
f 5772//3438 1545//3438 1585//3438
f 5772//3438 1585//3438 5774//3438
f 5774//3438 1585//3438 1583//3438
f 5774//3438 1583//3438 1581//3438
f 5774//3438 1581//3438 5726//3438
f 5726//3438 1581//3438 1579//3438
f 5726//3438 1579//3438 1577//3438
f 5726//3438 1577//3438 5727//3438
f 5727//3438 1577//3438 1575//3438
f 5727//3438 1575//3438 1573//3438
f 5727//3438 1573//3438 5730//3438
f 5730//3438 1573//3438 1571//3438
f 5730//3438 1571//3438 1569//3438
f 5730//3438 1569//3438 5732//3438
f 5732//3438 1569//3438 1566//3438
f 5732//3438 1566//3438 1565//3438
f 1565//3438 1611//3438 5732//3438
f 5732//3438 1611//3438 1609//3438
f 5732//3438 1609//3438 5734//3438
f 5734//3438 1609//3438 1607//3438
f 5734//3438 1607//3438 1605//3438
f 5734//3438 1605//3438 5736//3438
f 5736//3438 1605//3438 1603//3438
f 5736//3438 1603//3438 1601//3438
f 5736//3438 1601//3438 5738//3438
f 5738//3438 1601//3438 1599//3438
f 5738//3438 1599//3438 5740//3438
f 5740//3438 1599//3438 1597//3438
f 5740//3438 1597//3438 5742//3438
f 5742//3438 1597//3438 5744//3438
f 5744//3438 1597//3438 1595//3438
f 5744//3438 1595//3438 5746//3438
f 5746//3438 1595//3438 5708//3438
f 5708//3438 1595//3438 5709//3438
f 5709//3438 1595//3438 5712//3438
f 5712//3438 1595//3438 1593//3438
f 5712//3438 1593//3438 5714//3438
f 5714//3438 1593//3438 5716//3438
f 5716//3438 1593//3438 1591//3438
f 5716//3438 1591//3438 5718//3438
f 5718//3438 1591//3438 1588//3438
f 5718//3438 1588//3438 5720//3438
f 5720//3438 1588//3438 1587//3438
f 5720//3438 1587//3438 5722//3438
f 5722//3438 1587//3438 1627//3438
f 5722//3438 1627//3438 5724//3438
f 5724//3438 1627//3438 5694//3438
f 5694//3438 1627//3438 5695//3438
f 5695//3438 1627//3438 1625//3438
f 5695//3438 1625//3438 1623//3438
f 5695//3438 1623//3438 5698//3438
f 5698//3438 1623//3438 1621//3438
f 5698//3438 1621//3438 1619//3438
f 1619//3438 1617//3438 5698//3438
f 5698//3438 1617//3438 5700//3438
f 5700//3438 1617//3438 1614//3438
f 5700//3438 1614//3438 1613//3438
f 1613//3438 1653//3438 5700//3438
f 5700//3438 1653//3438 1651//3438
f 5700//3438 1651//3438 1649//3438
f 1649//3438 1647//3438 5700//3438
f 5700//3438 1647//3438 1645//3438
f 5700//3438 1645//3438 5702//3438
f 5702//3438 1645//3438 1643//3438
f 5702//3438 1643//3438 1641//3438
f 1641//3438 1639//3438 5702//3438
f 5702//3438 1639//3438 1637//3438
f 5702//3438 1637//3438 5704//3438
f 5704//3438 1637//3438 1635//3438
f 5704//3438 1635//3438 1633//3438
f 1633//3438 1630//3438 5704//3438
f 5704//3438 1630//3438 1629//3438
f 5704//3438 1629//3438 5706//3438
f 5706//3438 1629//3438 1669//3438
f 5706//3438 1669//3438 1667//3438
f 5706//3438 1667//3438 5668//3438
f 5668//3438 1667//3438 1665//3438
f 5668//3438 1665//3438 1663//3438
f 1663//3438 1661//3438 5668//3438
f 5668//3438 1661//3438 1659//3438
f 5668//3438 1659//3438 1656//3438
f 1656//3438 1655//3438 5668//3438
f 5668//3438 1655//3438 1687//3438
f 5668//3438 1687//3438 1685//3438
f 1685//3438 1683//3438 5668//3438
f 5668//3438 1683//3438 1681//3438
f 5668//3438 1681//3438 1679//3438
f 1679//3438 1677//3438 5668//3438
f 5668//3438 1677//3438 5669//3438
f 5669//3438 1677//3438 5672//3438
f 5672//3438 1677//3438 1675//3438
f 5672//3438 1675//3438 5674//3438
f 5674//3438 1675//3438 1672//3438
f 5674//3438 1672//3438 5676//3438
f 5676//3438 1672//3438 5678//3438
f 5678//3438 1672//3438 1671//3438
f 5678//3438 1671//3438 5680//3438
f 5680//3438 1671//3438 1711//3438
f 5680//3438 1711//3438 5682//3438
f 5682//3438 1711//3438 1709//3438
f 5682//3438 1709//3438 1707//3438
f 5682//3438 1707//3438 5684//3438
f 5684//3438 1707//3438 1705//3438
f 5684//3438 1705//3438 5686//3438
f 5686//3438 1705//3438 1703//3438
f 5686//3438 1703//3438 5688//3438
f 5688//3438 1703//3438 1701//3438
f 5688//3438 1701//3438 1699//3438
f 1699//3438 1697//3438 5688//3438
f 5688//3438 1697//3438 5690//3438
f 5690//3438 1697//3438 1695//3438
f 5690//3438 1695//3438 1689//3438
f 1689//3438 1695//3438 1693//3438
f 1689//3438 1693//3438 1690//3438
f 1689//3438 1727//3438 5690//3438
f 5690//3438 1727//3438 1725//3438
f 5690//3438 1725//3438 5692//3438
f 5692//3438 1725//3438 1723//3438
f 5692//3438 1723//3438 5644//3438
f 5644//3438 1723//3438 1721//3438
f 5644//3438 1721//3438 5645//3438
f 5645//3438 1721//3438 1719//3438
f 5645//3438 1719//3438 1717//3438
f 5645//3438 1717//3438 5648//3438
f 5648//3438 1717//3438 1714//3438
f 5648//3438 1714//3438 5650//3438
f 5650//3438 1714//3438 1713//3438
f 5650//3438 1713//3438 5652//3438
f 5652//3438 1713//3438 1751//3438
f 5652//3438 1751//3438 5654//3438
f 5654//3438 1751//3438 5656//3438
f 5656//3438 1751//3438 1749//3438
f 5656//3438 1749//3438 5658//3438
f 5658//3438 1749//3438 1747//3438
f 5658//3438 1747//3438 5660//3438
f 5660//3438 1747//3438 5662//3438
f 5662//3438 1747//3438 5664//3438
f 5664//3438 1747//3438 1745//3438
f 5664//3438 1745//3438 5666//3438
f 5666//3438 1745//3438 5628//3438
f 5628//3438 1745//3438 5629//3438
f 5629//3438 1745//3438 1743//3438
f 5629//3438 1743//3438 5632//3438
f 5632//3438 1743//3438 1741//3438
f 5632//3438 1741//3438 5634//3438
f 5634//3438 1741//3438 5636//3438
f 5636//3438 1741//3438 1739//3438
f 5636//3438 1739//3438 5638//3438
f 5638//3438 1739//3438 1737//3438
f 5638//3438 1737//3438 5640//3438
f 5640//3438 1737//3438 5642//3438
f 5642//3438 1737//3438 1735//3438
f 5642//3438 1735//3438 5602//3438
f 5602//3438 1735//3438 5603//3438
f 5603//3438 1735//3438 5606//3438
f 5606//3438 1735//3438 5608//3438
f 5608//3438 1735//3438 1733//3438
f 5608//3438 1733//3438 5610//3438
f 5610//3438 1733//3438 1730//3438
f 5610//3438 1730//3438 1729//3438
f 5610//3438 1729//3438 5612//3438
f 5612//3438 1729//3438 1769//3438
f 5612//3438 1769//3438 1767//3438
f 1767//3438 1765//3438 5612//3438
f 5612//3438 1765//3438 1763//3438
f 5612//3438 1763//3438 5614//3438
f 5614//3438 1763//3438 1761//3438
f 5614//3438 1761//3438 5616//3438
f 5616//3438 1761//3438 1759//3438
f 5616//3438 1759//3438 5618//3438
f 5618//3438 1759//3438 5620//3438
f 5620//3438 1759//3438 1757//3438
f 5620//3438 1757//3438 5622//3438
f 5622//3438 1757//3438 5624//3438
f 5624//3438 1757//3438 1754//3438
f 5624//3438 1754//3438 5626//3438
f 5626//3438 1754//3438 5586//3438
f 5586//3438 1754//3438 1753//3438
f 5586//3438 1753//3438 5587//3438
f 5587//3438 1753//3438 5590//3438
f 5590//3438 1753//3438 1791//3438
f 5590//3438 1791//3438 5592//3438
f 5592//3438 1791//3438 1789//3438
f 5592//3438 1789//3438 5594//3438
f 5594//3438 1789//3438 5596//3438
f 5596//3438 1789//3438 1787//3438
f 5596//3438 1787//3438 5598//3438
f 5598//3438 1787//3438 5600//3438
f 5600//3438 1787//3438 5556//3438
f 5556//3438 1787//3438 5557//3438
f 5557//3438 1787//3438 5560//3438
f 5560//3438 1787//3438 5562//3438
f 5562//3438 1787//3438 5564//3438
f 5564//3438 1787//3438 5566//3438
f 5566//3438 1787//3438 5568//3438
f 5568//3438 1787//3438 5570//3438
f 5570//3438 1787//3438 1785//3438
f 5570//3438 1785//3438 5572//3438
f 5572//3438 1785//3438 5574//3438
f 5574//3438 1785//3438 5576//3438
f 5576//3438 1785//3438 5578//3438
f 5578//3438 1785//3438 5580//3438
f 5580//3438 1785//3438 1783//3438
f 5580//3438 1783//3438 5582//3438
f 5582//3438 1783//3438 5584//3438
f 5584//3438 1783//3438 5526//3438
f 5526//3438 1783//3438 1781//3438
f 5526//3438 1781//3438 5527//3438
f 5527//3438 1781//3438 1779//3438
f 5527//3438 1779//3438 5530//3438
f 5530//3438 1779//3438 1777//3438
f 5530//3438 1777//3438 5532//3438
f 5532//3438 1777//3438 1775//3438
f 5532//3438 1775//3438 5534//3438
f 5534//3438 1775//3438 1772//3438
f 5534//3438 1772//3438 5536//3438
f 5536//3438 1772//3438 1771//3438
f 5536//3438 1771//3438 1851//3438
f 5536//3438 1851//3438 5538//3438
f 5538//3438 1851//3438 1849//3438
f 5538//3438 1849//3438 1847//3438
f 5538//3438 1847//3438 5540//3438
f 5540//3438 1847//3438 1845//3438
f 5540//3438 1845//3438 1843//3438
f 1843//3438 1841//3438 5540//3438
f 5540//3438 1841//3438 5542//3438
f 5542//3438 1841//3438 1823//3438
f 5542//3438 1823//3438 1821//3438
f 1839//3438 1837//3438 1841//3438
f 1841//3438 1837//3438 1835//3438
f 1841//3438 1835//3438 1833//3438
f 1833//3438 1831//3438 1841//3438
f 1841//3438 1831//3438 1829//3438
f 1841//3438 1829//3438 1827//3438
f 1827//3438 1825//3438 1841//3438
f 1841//3438 1825//3438 1823//3438
f 1821//3438 1819//3438 5542//3438
f 5542//3438 1819//3438 1817//3438
f 5542//3438 1817//3438 1815//3438
f 1815//3438 1813//3438 5542//3438
f 5542//3438 1813//3438 1811//3438
f 5542//3438 1811//3438 1809//3438
f 1809//3438 1807//3438 5542//3438
f 5542//3438 1807//3438 1805//3438
f 5542//3438 1805//3438 1803//3438
f 1803//3438 1801//3438 5542//3438
f 5542//3438 1801//3438 1799//3438
f 5542//3438 1799//3438 1797//3438
f 1797//3438 1794//3438 5542//3438
f 5542//3438 1794//3438 1793//3438
f 5542//3438 1793//3438 1875//3438
f 1875//3438 1873//3438 5542//3438
f 5542//3438 1873//3438 1871//3438
f 5542//3438 1871//3438 1869//3438
f 5542//3438 1869//3438 5544//3438
f 5544//3438 1869//3438 1867//3438
f 5544//3438 1867//3438 1865//3438
f 5544//3438 1865//3438 5546//3438
f 5546//3438 1865//3438 1863//3438
f 5546//3438 1863//3438 1861//3438
f 1859//3438 5552//3438 1861//3438
f 1861//3438 5552//3438 5550//3438
f 1861//3438 5550//3438 5548//3438
f 1857//3438 5502//3438 1859//3438
f 1859//3438 5502//3438 5500//3438
f 1859//3438 5500//3438 5498//3438
f 1854//3438 5506//3438 1857//3438
f 1857//3438 5506//3438 5504//3438
f 1857//3438 5504//3438 5502//3438
f 5506//3438 1854//3438 5508//3438
f 5508//3438 1854//3438 1853//3438
f 5508//3438 1853//3438 5510//3438
f 5510//3438 1853//3438 1901//3438
f 5510//3438 1901//3438 5512//3438
f 5512//3438 1901//3438 1899//3438
f 5512//3438 1899//3438 1897//3438
f 5512//3438 1897//3438 5514//3438
f 5514//3438 1897//3438 1895//3438
f 5514//3438 1895//3438 5516//3438
f 5516//3438 1895//3438 1893//3438
f 5516//3438 1893//3438 5518//3438
f 5518//3438 1893//3438 1891//3438
f 5518//3438 1891//3438 1889//3438
f 5518//3438 1889//3438 5520//3438
f 5520//3438 1889//3438 1887//3438
f 5520//3438 1887//3438 1885//3438
f 5520//3438 1885//3438 5522//3438
f 5522//3438 1885//3438 1883//3438
f 5522//3438 1883//3438 1881//3438
f 5522//3438 1881//3438 5524//3438
f 5524//3438 1881//3438 1878//3438
f 5524//3438 1878//3438 5462//3438
f 5462//3438 1878//3438 1877//3438
f 5462//3438 1877//3438 5464//3438
f 5464//3438 1877//3438 5465//3438
f 5465//3438 1877//3438 1933//3438
f 5465//3438 1933//3438 1931//3438
f 1931//3438 1929//3438 5465//3438
f 5465//3438 1929//3438 5467//3438
f 5467//3438 1929//3438 1927//3438
f 5467//3438 1927//3438 1925//3438
f 5467//3438 1925//3438 5469//3438
f 5469//3438 1925//3438 1923//3438
f 5469//3438 1923//3438 5471//3438
f 5471//3438 1923//3438 1921//3438
f 5471//3438 1921//3438 5473//3438
f 5473//3438 1921//3438 5475//3438
f 5475//3438 1921//3438 1919//3438
f 5475//3438 1919//3438 5477//3438
f 5477//3438 1919//3438 5479//3438
f 5479//3438 1919//3438 5377//3438
f 5377//3438 1919//3438 1917//3438
f 5377//3438 1917//3438 5375//3438
f 5375//3438 1917//3438 5409//3438
f 5409//3438 1917//3438 5411//3438
f 5411//3438 1917//3438 5413//3438
f 5413//3438 1917//3438 5415//3438
f 5415//3438 1917//3438 5417//3438
f 5417//3438 1917//3438 5419//3438
f 5419//3438 1917//3438 5421//3438
f 5421//3438 1917//3438 5423//3438
f 5423//3438 1917//3438 5425//3438
f 5425//3438 1917//3438 5427//3438
f 5427//3438 1917//3438 5429//3438
f 5429//3438 1917//3438 1915//3438
f 5429//3438 1915//3438 5431//3438
f 5431//3438 1915//3438 5433//3438
f 5433//3438 1915//3438 5339//3438
f 5339//3438 1915//3438 1913//3438
f 5339//3438 1913//3438 5337//3438
f 5337//3438 1913//3438 5374//3438
f 5374//3438 1913//3438 1911//3438
f 5374//3438 1911//3438 5372//3438
f 5372//3438 1911//3438 5370//3438
f 5370//3438 1911//3438 5368//3438
f 5368//3438 1911//3438 5366//3438
f 5366//3438 1911//3438 5364//3438
f 5364//3438 1911//3438 5362//3438
f 5362//3438 1911//3438 5360//3438
f 5360//3438 1911//3438 1909//3438
f 5360//3438 1909//3438 4634//3438
f 4634//3438 1909//3438 4632//3438
f 4632//3438 1909//3438 1907//3438
f 4632//3438 1907//3438 4738//3438
f 4738//3438 1907//3438 4740//3438
f 4740//3438 1907//3438 4742//3438
f 4742//3438 1907//3438 4744//3438
f 4744//3438 1907//3438 4746//3438
f 4746//3438 1907//3438 4748//3438
f 4748//3438 1907//3438 4750//3438
f 4750//3438 1907//3438 1904//3438
f 4750//3438 1904//3438 4752//3438
f 4752//3438 1904//3438 4754//3438
f 4754//3438 1904//3438 4756//3438
f 4756//3438 1904//3438 1903//3438
f 4756//3438 1903//3438 4758//3438
f 4758//3438 1903//3438 4760//3438
f 4760//3438 1903//3438 4762//3438
f 4762//3438 1903//3438 4764//3438
f 4764//3438 1903//3438 4766//3438
f 4766//3438 1903//3438 4768//3438
f 4768//3438 1903//3438 4770//3438
f 4770//3438 1903//3438 4772//3438
f 4772//3438 1903//3438 4774//3438
f 4774//3438 1903//3438 4776//3438
f 4776//3438 1903//3438 4778//3438
f 4778//3438 1903//3438 4780//3438
f 4780//3438 1903//3438 4782//3438
f 4782//3438 1903//3438 4784//3438
f 4784//3438 1903//3438 4786//3438
f 4786//3438 1903//3438 4788//3438
f 4788//3438 1903//3438 4790//3438
f 4790//3438 1903//3438 4792//3438
f 4792//3438 1903//3438 4794//3438
f 4794//3438 1903//3438 4796//3438
f 4796//3438 1903//3438 4429//3438
f 4796//3438 4429//3438 4428//3438
f 1965//3438 1963//3438 1903//3438
f 1903//3438 1963//3438 1961//3438
f 1903//3438 1961//3438 1959//3438
f 1959//3438 1957//3438 1903//3438
f 1903//3438 1957//3438 1955//3438
f 1903//3438 1955//3438 1953//3438
f 1953//3438 1951//3438 1903//3438
f 1903//3438 1951//3438 1949//3438
f 1903//3438 1949//3438 1947//3438
f 1947//3438 1945//3438 1903//3438
f 1903//3438 1945//3438 1943//3438
f 1903//3438 1943//3438 1941//3438
f 1941//3438 1939//3438 1903//3438
f 1903//3438 1939//3438 1935//3438
f 1903//3438 1935//3438 4247//3438
f 4247//3438 1935//3438 4245//3438
f 4245//3438 1935//3438 4290//3438
f 4290//3438 1935//3438 4288//3438
f 4288//3438 1935//3438 4286//3438
f 4286//3438 1935//3438 4284//3438
f 4284//3438 1935//3438 4117//3438
f 4284//3438 4117//3438 4115//3438
f 1939//3438 1936//3438 1935//3438
f 2003//3438 2001//3438 1935//3438
f 1935//3438 2001//3438 1999//3438
f 1935//3438 1999//3438 1997//3438
f 1935//3438 1997//3438 2709//3438
f 2709//3438 1997//3438 1995//3438
f 2709//3438 1995//3438 1993//3438
f 2709//3438 1993//3438 2711//3438
f 2711//3438 1993//3438 1991//3438
f 2711//3438 1991//3438 1989//3438
f 1989//3438 1987//3438 2711//3438
f 2711//3438 1987//3438 1985//3438
f 2711//3438 1985//3438 1983//3438
f 1983//3438 1981//3438 2711//3438
f 2711//3438 1981//3438 2713//3438
f 2713//3438 1981//3438 1979//3438
f 2713//3438 1979//3438 1977//3438
f 1977//3438 1975//3438 2713//3438
f 2713//3438 1975//3438 2715//3438
f 2715//3438 1975//3438 1973//3438
f 2715//3438 1973//3438 2209//3438
f 2209//3438 1973//3438 1971//3438
f 2209//3438 1971//3438 2211//3438
f 2211//3438 1971//3438 1968//3438
f 2211//3438 1968//3438 1967//3438
f 2211//3438 1967//3438 2195//3438
f 2195//3438 1967//3438 2035//3438
f 2195//3438 2035//3438 2187//3438
f 2187//3438 2035//3438 2033//3438
f 2187//3438 2033//3438 2031//3438
f 2031//3438 2029//3438 2187//3438
f 2187//3438 2029//3438 2027//3438
f 2187//3438 2027//3438 2025//3438
f 2025//3438 2023//3438 2187//3438
f 2187//3438 2023//3438 2021//3438
f 2187//3438 2021//3438 2188//3438
f 2188//3438 2021//3438 2019//3438
f 2188//3438 2019//3438 2017//3438
f 2188//3438 2017//3438 2191//3438
f 2191//3438 2017//3438 2015//3438
f 2191//3438 2015//3438 2013//3438
f 2191//3438 2013//3438 2193//3438
f 2193//3438 2013//3438 2011//3438
f 2193//3438 2011//3438 2009//3438
f 2009//3438 2006//3438 2193//3438
f 2193//3438 2006//3438 2005//3438
f 2193//3438 2005//3438 2137//3438
f 2137//3438 2005//3438 2135//3438
f 2135//3438 2005//3438 2158//3438
f 2158//3438 2005//3438 2160//3438
f 2160//3438 2005//3438 2162//3438
f 2162//3438 2005//3438 2164//3438
f 2164//3438 2005//3438 2043//3438
f 2043//3438 2005//3438 2041//3438
f 2041//3438 2005//3438 2134//3438
f 2134//3438 2005//3438 2132//3438
f 2132//3438 2005//3438 2122//3438
f 2132//3438 2122//3438 2130//3438
f 2130//3438 2122//3438 2124//3438
f 2130//3438 2124//3438 2128//3438
f 2128//3438 2124//3438 2126//3438
f 2005//3438 2038//3438 2122//3438
f 2122//3438 2038//3438 2037//3438
f 2122//3438 2037//3438 2092//3438
f 2092//3438 2094//3438 2122//3438
f 2122//3438 2094//3438 2096//3438
f 2122//3438 2096//3438 2098//3438
f 2098//3438 2100//3438 2122//3438
f 2122//3438 2100//3438 2102//3438
f 2122//3438 2102//3438 2104//3438
f 2104//3438 2106//3438 2122//3438
f 2122//3438 2106//3438 2108//3438
f 2122//3438 2108//3438 2110//3438
f 2110//3438 2112//3438 2122//3438
f 2122//3438 2112//3438 2114//3438
f 2122//3438 2114//3438 2116//3438
f 2116//3438 2118//3438 2122//3438
f 2122//3438 2118//3438 2120//3438
f 2209//3438 2207//3438 2715//3438
f 2715//3438 2207//3438 2717//3438
f 2717//3438 2207//3438 2205//3438
f 2717//3438 2205//3438 2203//3438
f 2717//3438 2203//3438 2719//3438
f 2719//3438 2203//3438 2201//3438
f 2719//3438 2201//3438 2198//3438
f 2197//3438 2652//3438 2198//3438
f 2198//3438 2652//3438 2651//3438
f 2198//3438 2651//3438 2719//3438
f 2719//3438 2651//3438 2721//3438
f 2721//3438 2651//3438 2703//3438
f 2721//3438 2703//3438 2701//3438
f 2214//3438 2685//3438 2197//3438
f 2197//3438 2685//3438 2683//3438
f 2197//3438 2683//3438 2681//3438
f 2213//3438 2629//3438 2214//3438
f 2214//3438 2629//3438 2627//3438
f 2214//3438 2627//3438 2624//3438
f 2274//3438 2219//3438 2213//3438
f 2213//3438 2219//3438 2649//3438
f 2213//3438 2649//3438 2647//3438
f 2274//3438 2276//3438 2219//3438
f 2219//3438 2276//3438 2278//3438
f 2219//3438 2278//3438 2280//3438
f 2219//3438 2280//3438 2217//3438
f 2217//3438 2280//3438 2282//3438
f 2217//3438 2282//3438 2284//3438
f 2217//3438 2284//3438 2322//3438
f 2322//3438 2284//3438 2286//3438
f 2322//3438 2286//3438 2288//3438
f 2322//3438 2288//3438 2320//3438
f 2320//3438 2288//3438 2290//3438
f 2320//3438 2290//3438 2292//3438
f 2292//3438 2294//3438 2320//3438
f 2320//3438 2294//3438 2296//3438
f 2320//3438 2296//3438 2318//3438
f 2318//3438 2296//3438 2298//3438
f 2318//3438 2298//3438 2300//3438
f 2300//3438 2302//3438 2318//3438
f 2318//3438 2302//3438 2316//3438
f 2316//3438 2302//3438 2314//3438
f 2314//3438 2302//3438 2312//3438
f 2312//3438 2302//3438 2304//3438
f 2312//3438 2304//3438 2310//3438
f 2310//3438 2304//3438 2308//3438
f 2308//3438 2304//3438 2306//3438
f 2346//3438 2325//3438 2219//3438
f 2219//3438 2325//3438 2357//3438
f 2219//3438 2357//3438 2355//3438
f 2346//3438 2323//3438 2325//3438
f 2365//3438 2363//3438 2325//3438
f 2325//3438 2363//3438 2361//3438
f 2325//3438 2361//3438 2359//3438
f 2359//3438 2357//3438 2325//3438
f 2355//3438 2352//3438 2219//3438
f 2219//3438 2352//3438 2351//3438
f 2219//3438 2351//3438 2513//3438
f 2513//3438 2351//3438 2511//3438
f 2511//3438 2351//3438 2386//3438
f 2511//3438 2386//3438 2388//3438
f 2511//3438 2388//3438 2546//3438
f 2546//3438 2388//3438 2390//3438
f 2546//3438 2390//3438 2392//3438
f 2392//3438 2394//3438 2546//3438
f 2546//3438 2394//3438 2548//3438
f 2548//3438 2394//3438 2446//3438
f 2548//3438 2446//3438 2550//3438
f 2550//3438 2446//3438 2444//3438
f 2550//3438 2444//3438 2442//3438
f 2394//3438 2396//3438 2446//3438
f 2446//3438 2396//3438 2367//3438
f 2446//3438 2367//3438 2369//3438
f 2369//3438 2460//3438 2446//3438
f 2446//3438 2460//3438 2458//3438
f 2446//3438 2458//3438 2456//3438
f 2456//3438 2454//3438 2446//3438
f 2446//3438 2454//3438 2452//3438
f 2446//3438 2452//3438 2450//3438
f 2450//3438 2448//3438 2446//3438
f 2442//3438 2440//3438 2550//3438
f 2550//3438 2440//3438 2438//3438
f 2550//3438 2438//3438 2436//3438
f 2550//3438 2436//3438 2552//3438
f 2552//3438 2436//3438 2434//3438
f 2552//3438 2434//3438 2432//3438
f 2552//3438 2432//3438 2554//3438
f 2554//3438 2432//3438 2397//3438
f 2554//3438 2397//3438 2556//3438
f 2556//3438 2397//3438 2558//3438
f 2558//3438 2397//3438 2399//3438
f 2558//3438 2399//3438 2560//3438
f 2560//3438 2399//3438 2562//3438
f 2562//3438 2399//3438 2564//3438
f 2513//3438 2649//3438 2219//3438
f 2647//3438 2645//3438 2213//3438
f 2213//3438 2645//3438 2643//3438
f 2213//3438 2643//3438 2641//3438
f 2641//3438 2639//3438 2213//3438
f 2213//3438 2639//3438 2637//3438
f 2213//3438 2637//3438 2635//3438
f 2635//3438 2633//3438 2213//3438
f 2213//3438 2633//3438 2631//3438
f 2213//3438 2631//3438 2629//3438
f 2624//3438 2623//3438 2214//3438
f 2214//3438 2623//3438 2689//3438
f 2214//3438 2689//3438 2687//3438
f 2687//3438 2685//3438 2214//3438
f 2681//3438 2679//3438 2197//3438
f 2197//3438 2679//3438 2677//3438
f 2197//3438 2677//3438 2675//3438
f 2675//3438 2673//3438 2197//3438
f 2197//3438 2673//3438 2671//3438
f 2197//3438 2671//3438 2669//3438
f 2669//3438 2667//3438 2197//3438
f 2197//3438 2667//3438 2665//3438
f 2197//3438 2665//3438 2663//3438
f 2663//3438 2661//3438 2197//3438
f 2197//3438 2661//3438 2659//3438
f 2197//3438 2659//3438 2657//3438
f 2657//3438 2655//3438 2197//3438
f 2197//3438 2655//3438 2652//3438
f 2701//3438 2699//3438 2721//3438
f 2721//3438 2699//3438 2697//3438
f 2721//3438 2697//3438 2691//3438
f 2691//3438 2697//3438 2695//3438
f 2691//3438 2695//3438 2692//3438
f 2709//3438 2706//3438 1935//3438
f 1935//3438 2706//3438 2768//3438
f 1935//3438 2768//3438 2770//3438
f 2706//3438 2705//3438 2768//3438
f 2768//3438 2705//3438 2766//3438
f 2766//3438 2705//3438 2739//3438
f 2766//3438 2739//3438 2737//3438
f 2737//3438 2735//3438 2766//3438
f 2766//3438 2735//3438 2733//3438
f 2766//3438 2733//3438 2731//3438
f 2731//3438 2729//3438 2766//3438
f 2766//3438 2729//3438 2727//3438
f 2766//3438 2727//3438 2723//3438
f 2723//3438 2727//3438 2724//3438
f 2770//3438 2772//3438 1935//3438
f 1935//3438 2772//3438 2892//3438
f 1935//3438 2892//3438 2890//3438
f 2772//3438 2774//3438 2892//3438
f 2892//3438 2774//3438 2894//3438
f 2894//3438 2774//3438 2776//3438
f 2894//3438 2776//3438 2743//3438
f 2743//3438 2776//3438 2778//3438
f 2743//3438 2778//3438 2780//3438
f 2780//3438 2782//3438 2743//3438
f 2743//3438 2782//3438 2741//3438
f 2890//3438 2888//3438 1935//3438
f 1935//3438 2888//3438 2886//3438
f 1935//3438 2886//3438 2884//3438
f 1935//3438 2884//3438 2785//3438
f 2785//3438 2884//3438 2882//3438
f 2785//3438 2882//3438 2880//3438
f 2880//3438 2878//3438 2785//3438
f 2785//3438 2878//3438 2876//3438
f 2785//3438 2876//3438 2874//3438
f 2874//3438 2872//3438 2785//3438
f 2785//3438 2872//3438 2870//3438
f 2785//3438 2870//3438 2868//3438
f 2868//3438 2866//3438 2785//3438
f 2785//3438 2866//3438 2864//3438
f 2785//3438 2864//3438 2862//3438
f 2860//3438 2846//3438 2862//3438
f 2862//3438 2846//3438 2783//3438
f 2862//3438 2783//3438 2785//3438
f 2860//3438 2858//3438 2846//3438
f 2846//3438 2858//3438 2848//3438
f 2848//3438 2858//3438 2856//3438
f 2848//3438 2856//3438 2854//3438
f 2854//3438 2852//3438 2848//3438
f 2848//3438 2852//3438 2850//3438
f 3043//3438 3045//3438 2785//3438
f 2785//3438 3045//3438 4105//3438
f 2785//3438 4105//3438 4121//3438
f 4121//3438 4105//3438 4075//3438
f 4075//3438 4105//3438 4076//3438
f 4076//3438 4105//3438 4103//3438
f 4076//3438 4103//3438 4079//3438
f 4079//3438 4103//3438 4101//3438
f 4079//3438 4101//3438 4099//3438
f 3043//3438 3041//3438 3045//3438
f 3045//3438 3041//3438 3039//3438
f 3045//3438 3039//3438 3037//3438
f 3037//3438 3035//3438 3045//3438
f 3045//3438 3035//3438 3033//3438
f 3045//3438 3033//3438 3031//3438
f 3031//3438 3029//3438 3045//3438
f 3045//3438 3029//3438 3027//3438
f 3045//3438 3027//3438 3051//3438
f 3051//3438 3027//3438 3053//3438
f 3053//3438 3027//3438 3055//3438
f 3055//3438 3027//3438 3057//3438
f 3057//3438 3027//3438 3059//3438
f 3059//3438 3027//3438 3025//3438
f 3059//3438 3025//3438 3061//3438
f 3061//3438 3025//3438 3063//3438
f 3063//3438 3025//3438 3065//3438
f 3065//3438 3025//3438 3023//3438
f 3065//3438 3023//3438 3067//3438
f 3067//3438 3023//3438 3020//3438
f 3067//3438 3020//3438 3069//3438
f 3069//3438 3020//3438 3071//3438
f 3071//3438 3020//3438 3019//3438
f 3071//3438 3019//3438 3073//3438
f 3073//3438 3019//3438 3075//3438
f 3051//3438 3049//3438 3045//3438
f 3045//3438 3049//3438 3046//3438
f 3107//3438 3105//3438 3045//3438
f 3045//3438 3105//3438 3103//3438
f 3045//3438 3103//3438 3101//3438
f 3045//3438 3101//3438 4057//3438
f 4057//3438 3101//3438 3099//3438
f 4057//3438 3099//3438 3097//3438
f 3097//3438 3095//3438 4057//3438
f 4057//3438 3095//3438 3093//3438
f 4057//3438 3093//3438 3091//3438
f 3091//3438 3089//3438 4057//3438
f 4057//3438 3089//3438 3087//3438
f 4057//3438 3087//3438 3085//3438
f 4057//3438 3085//3438 4059//3438
f 4059//3438 3085//3438 3083//3438
f 4059//3438 3083//3438 3081//3438
f 3081//3438 3078//3438 4059//3438
f 4059//3438 3078//3438 3077//3438
f 4059//3438 3077//3438 4061//3438
f 4061//3438 3077//3438 3163//3438
f 4061//3438 3163//3438 4063//3438
f 4063//3438 3163//3438 3161//3438
f 4063//3438 3161//3438 4065//3438
f 4065//3438 3161//3438 3159//3438
f 4065//3438 3159//3438 4067//3438
f 4067//3438 3159//3438 3157//3438
f 4067//3438 3157//3438 4069//3438
f 4069//3438 3157//3438 3155//3438
f 4069//3438 3155//3438 4071//3438
f 4071//3438 3155//3438 3153//3438
f 4071//3438 3153//3438 4073//3438
f 4073//3438 3153//3438 3151//3438
f 4073//3438 3151//3438 3149//3438
f 3149//3438 3147//3438 4073//3438
f 4073//3438 3147//3438 3944//3438
f 3944//3438 3147//3438 3145//3438
f 3944//3438 3145//3438 3143//3438
f 3141//3438 3804//3438 3143//3438
f 3143//3438 3804//3438 3930//3438
f 3143//3438 3930//3438 3944//3438
f 3944//3438 3930//3438 3928//3438
f 3944//3438 3928//3438 3922//3438
f 3922//3438 3928//3438 3926//3438
f 3922//3438 3926//3438 3923//3438
f 3804//3438 3141//3438 3167//3438
f 3167//3438 3141//3438 3139//3438
f 3167//3438 3139//3438 3137//3438
f 3137//3438 3135//3438 3167//3438
f 3167//3438 3135//3438 3133//3438
f 3167//3438 3133//3438 3165//3438
f 3165//3438 3133//3438 3131//3438
f 3165//3438 3131//3438 3121//3438
f 3121//3438 3131//3438 3123//3438
f 3123//3438 3131//3438 3125//3438
f 3125//3438 3131//3438 3129//3438
f 3125//3438 3129//3438 3127//3438
f 3121//3438 3119//3438 3165//3438
f 3165//3438 3119//3438 3199//3438
f 3199//3438 3119//3438 3117//3438
f 3199//3438 3117//3438 3115//3438
f 3113//3438 3203//3438 3115//3438
f 3115//3438 3203//3438 3201//3438
f 3115//3438 3201//3438 3199//3438
f 3203//3438 3113//3438 3205//3438
f 3205//3438 3113//3438 3110//3438
f 3205//3438 3110//3438 3207//3438
f 3207//3438 3110//3438 3209//3438
f 3209//3438 3110//3438 3109//3438
f 3209//3438 3109//3438 3211//3438
f 3211//3438 3109//3438 3223//3438
f 3211//3438 3223//3438 3213//3438
f 3213//3438 3223//3438 3215//3438
f 3215//3438 3223//3438 3221//3438
f 3215//3438 3221//3438 3219//3438
f 3219//3438 3217//3438 3215//3438
f 3804//3438 3167//3438 3806//3438
f 3806//3438 3167//3438 3339//3438
f 3806//3438 3339//3438 3808//3438
f 3808//3438 3339//3438 3337//3438
f 3808//3438 3337//3438 3335//3438
f 3335//3438 3333//3438 3808//3438
f 3808//3438 3333//3438 3331//3438
f 3808//3438 3331//3438 3329//3438
f 3327//3438 3780//3438 3329//3438
f 3329//3438 3780//3438 3810//3438
f 3329//3438 3810//3438 3808//3438
f 3327//3438 3325//3438 3780//3438
f 3780//3438 3325//3438 3782//3438
f 3782//3438 3325//3438 3534//3438
f 3782//3438 3534//3438 3532//3438
f 3534//3438 3325//3438 3464//3438
f 3464//3438 3325//3438 3323//3438
f 3464//3438 3323//3438 3321//3438
f 3464//3438 3321//3438 3462//3438
f 3462//3438 3321//3438 3319//3438
f 3462//3438 3319//3438 3317//3438
f 3462//3438 3317//3438 3519//3438
f 3519//3438 3317//3438 3315//3438
f 3519//3438 3315//3438 3517//3438
f 3517//3438 3315//3438 3313//3438
f 3517//3438 3313//3438 3515//3438
f 3515//3438 3313//3438 3311//3438
f 3515//3438 3311//3438 3309//3438
f 3309//3438 3307//3438 3515//3438
f 3515//3438 3307//3438 3305//3438
f 3515//3438 3305//3438 3513//3438
f 3513//3438 3305//3438 3251//3438
f 3513//3438 3251//3438 3253//3438
f 3253//3438 3495//3438 3513//3438
f 3513//3438 3495//3438 3497//3438
f 3513//3438 3497//3438 3511//3438
f 3511//3438 3497//3438 3499//3438
f 3511//3438 3499//3438 3501//3438
f 3503//3438 3507//3438 3501//3438
f 3501//3438 3507//3438 3509//3438
f 3501//3438 3509//3438 3511//3438
f 3503//3438 3505//3438 3507//3438
f 3782//3438 3532//3438 3784//3438
f 3784//3438 3532//3438 3530//3438
f 3784//3438 3530//3438 3786//3438
f 3786//3438 3530//3438 3528//3438
f 3786//3438 3528//3438 3788//3438
f 3788//3438 3528//3438 3526//3438
f 3788//3438 3526//3438 3714//3438
f 3714//3438 3526//3438 3645//3438
f 3714//3438 3645//3438 3647//3438
f 3645//3438 3526//3438 3643//3438
f 3643//3438 3526//3438 3524//3438
f 3643//3438 3524//3438 3641//3438
f 3641//3438 3524//3438 3639//3438
f 3639//3438 3524//3438 3521//3438
f 3639//3438 3521//3438 3637//3438
f 3637//3438 3521//3438 3635//3438
f 3635//3438 3521//3438 3520//3438
f 3635//3438 3520//3438 3633//3438
f 3633//3438 3520//3438 3631//3438
f 3631//3438 3520//3438 3567//3438
f 3631//3438 3567//3438 3569//3438
f 3569//3438 3571//3438 3631//3438
f 3631//3438 3571//3438 3629//3438
f 3629//3438 3571//3438 3573//3438
f 3629//3438 3573//3438 3575//3438
f 3575//3438 3577//3438 3629//3438
f 3629//3438 3577//3438 3579//3438
f 3629//3438 3579//3438 3581//3438
f 3629//3438 3581//3438 3538//3438
f 3538//3438 3581//3438 3583//3438
f 3538//3438 3583//3438 3585//3438
f 3587//3438 3536//3438 3585//3438
f 3585//3438 3536//3438 3538//3438
f 3647//3438 3649//3438 3714//3438
f 3714//3438 3649//3438 3598//3438
f 3714//3438 3598//3438 3600//3438
f 3660//3438 26//3438 3600//3438
f 3600//3438 26//3438 3722//3438
f 3600//3438 3722//3438 3720//3438
f 3660//3438 3684//3438 26//3438
f 26//3438 3684//3438 3682//3438
f 26//3438 3682//3438 3680//3438
f 3680//3438 3678//3438 26//3438
f 26//3438 3678//3438 3676//3438
f 26//3438 3676//3438 3674//3438
f 3674//3438 3672//3438 26//3438
f 26//3438 3672//3438 3670//3438
f 26//3438 3670//3438 3668//3438
f 3668//3438 3666//3438 26//3438
f 26//3438 3666//3438 3664//3438
f 26//3438 3664//3438 3662//3438
f 24//3438 3726//3438 26//3438
f 26//3438 3726//3438 3724//3438
f 26//3438 3724//3438 3722//3438
f 22//3438 4//3438 24//3438
f 24//3438 4//3438 9//3438
f 24//3438 9//3438 20//3438
f 20//3438 9//3438 19//3438
f 19//3438 9//3438 16//3438
f 22//3438 13//3438 4//3438
f 9//3438 4//3438 7//3438
f 7//3438 4//3438 2//3438
f 7//3438 2//3438 12//3438
f 12//3438 2//3438 5//3438
f 20//3438 28//3438 24//3438
f 24//3438 28//3438 3692//3438
f 24//3438 3692//3438 3690//3438
f 3712//3438 3710//3438 28//3438
f 28//3438 3710//3438 3708//3438
f 28//3438 3708//3438 3706//3438
f 3706//3438 3704//3438 28//3438
f 28//3438 3704//3438 3702//3438
f 28//3438 3702//3438 3700//3438
f 3700//3438 3698//3438 28//3438
f 28//3438 3698//3438 3696//3438
f 28//3438 3696//3438 3694//3438
f 3694//3438 3692//3438 28//3438
f 3690//3438 3687//3438 24//3438
f 24//3438 3687//3438 3686//3438
f 24//3438 3686//3438 3730//3438
f 3730//3438 3728//3438 24//3438
f 24//3438 3728//3438 3726//3438
f 3720//3438 3718//3438 3600//3438
f 3600//3438 3718//3438 3715//3438
f 3600//3438 3715//3438 3714//3438
f 3748//3438 3746//3438 3714//3438
f 3714//3438 3746//3438 3744//3438
f 3714//3438 3744//3438 3754//3438
f 3754//3438 3744//3438 3742//3438
f 3754//3438 3742//3438 3740//3438
f 3740//3438 3738//3438 3754//3438
f 3754//3438 3738//3438 3736//3438
f 3754//3438 3736//3438 3756//3438
f 3756//3438 3736//3438 3733//3438
f 3756//3438 3733//3438 3758//3438
f 3758//3438 3733//3438 3732//3438
f 3758//3438 3732//3438 3766//3438
f 3766//3438 3764//3438 3758//3438
f 3758//3438 3764//3438 3762//3438
f 3758//3438 3762//3438 3760//3438
f 3754//3438 3751//3438 3714//3438
f 3714//3438 3751//3438 3750//3438
f 3714//3438 3750//3438 3788//3438
f 3780//3438 3778//3438 3810//3438
f 3810//3438 3778//3438 3776//3438
f 3810//3438 3776//3438 3774//3438
f 3810//3438 3774//3438 3768//3438
f 3768//3438 3774//3438 3772//3438
f 3768//3438 3772//3438 3769//3438
f 3930//3438 3804//3438 3932//3438
f 3932//3438 3804//3438 3802//3438
f 3932//3438 3802//3438 3934//3438
f 3934//3438 3802//3438 3800//3438
f 3934//3438 3800//3438 3798//3438
f 3934//3438 3798//3438 3936//3438
f 3936//3438 3798//3438 3796//3438
f 3936//3438 3796//3438 3938//3438
f 3938//3438 3796//3438 3794//3438
f 3938//3438 3794//3438 3940//3438
f 3940//3438 3794//3438 3793//3438
f 3940//3438 3793//3438 3824//3438
f 3824//3438 3793//3438 3822//3438
f 3822//3438 3793//3438 3791//3438
f 3822//3438 3791//3438 3853//3438
f 3853//3438 3791//3438 3855//3438
f 3855//3438 3791//3438 3877//3438
f 3855//3438 3877//3438 3857//3438
f 3857//3438 3877//3438 3875//3438
f 3857//3438 3875//3438 3873//3438
f 3857//3438 3873//3438 3859//3438
f 3859//3438 3873//3438 3871//3438
f 3859//3438 3871//3438 3861//3438
f 3861//3438 3871//3438 3869//3438
f 3861//3438 3869//3438 3863//3438
f 3863//3438 3869//3438 3867//3438
f 3863//3438 3867//3438 3865//3438
f 3991//3438 3993//3438 3922//3438
f 3922//3438 3993//3438 3995//3438
f 3922//3438 3995//3438 3997//3438
f 3997//3438 3999//3438 3922//3438
f 3922//3438 3999//3438 4017//3438
f 3922//3438 4017//3438 4019//3438
f 4017//3438 3999//3438 4015//3438
f 4015//3438 3999//3438 4001//3438
f 4015//3438 4001//3438 4003//3438
f 4003//3438 4005//3438 4015//3438
f 4015//3438 4005//3438 4007//3438
f 4015//3438 4007//3438 4009//3438
f 4009//3438 4011//3438 4015//3438
f 4015//3438 4011//3438 4013//3438
f 4019//3438 4021//3438 3922//3438
f 3922//3438 4021//3438 4023//3438
f 3922//3438 4023//3438 4025//3438
f 4025//3438 4027//3438 3922//3438
f 3922//3438 4027//3438 4029//3438
f 3922//3438 4029//3438 3942//3438
f 3942//3438 3944//3438 3922//3438
f 4057//3438 4055//3438 3045//3438
f 3045//3438 4055//3438 4053//3438
f 3045//3438 4053//3438 4050//3438
f 4050//3438 4049//3438 3045//3438
f 3045//3438 4049//3438 4105//3438
f 4079//3438 4099//3438 4081//3438
f 4081//3438 4099//3438 4097//3438
f 4081//3438 4097//3438 4083//3438
f 4083//3438 4097//3438 4085//3438
f 4085//3438 4097//3438 4087//3438
f 4087//3438 4097//3438 4089//3438
f 4089//3438 4097//3438 4091//3438
f 4091//3438 4097//3438 4093//3438
f 4093//3438 4097//3438 4095//3438
f 4121//3438 4119//3438 2785//3438
f 2785//3438 4119//3438 4117//3438
f 2785//3438 4117//3438 1935//3438
f 4113//3438 4173//3438 4115//3438
f 4115//3438 4173//3438 4171//3438
f 4115//3438 4171//3438 4284//3438
f 4284//3438 4171//3438 4169//3438
f 4284//3438 4169//3438 4282//3438
f 4282//3438 4169//3438 4123//3438
f 4282//3438 4123//3438 4280//3438
f 4280//3438 4123//3438 4125//3438
f 4280//3438 4125//3438 4272//3438
f 4173//3438 4113//3438 4175//3438
f 4175//3438 4113//3438 4111//3438
f 4175//3438 4111//3438 4177//3438
f 4177//3438 4111//3438 4179//3438
f 4179//3438 4111//3438 4108//3438
f 4179//3438 4108//3438 4181//3438
f 4181//3438 4108//3438 4183//3438
f 4183//3438 4108//3438 4107//3438
f 4183//3438 4107//3438 4185//3438
f 4185//3438 4107//3438 4205//3438
f 4185//3438 4205//3438 4187//3438
f 4187//3438 4205//3438 4203//3438
f 4187//3438 4203//3438 4201//3438
f 4201//3438 4199//3438 4187//3438
f 4187//3438 4199//3438 4189//3438
f 4189//3438 4199//3438 4191//3438
f 4191//3438 4199//3438 4193//3438
f 4193//3438 4199//3438 4197//3438
f 4193//3438 4197//3438 4195//3438
f 4272//3438 4274//3438 4280//3438
f 4280//3438 4274//3438 4276//3438
f 4280//3438 4276//3438 4278//3438
f 4305//3438 4295//3438 4247//3438
f 4247//3438 4295//3438 4294//3438
f 4247//3438 4294//3438 4292//3438
f 4305//3438 4303//3438 4295//3438
f 4295//3438 4303//3438 4297//3438
f 4297//3438 4303//3438 4301//3438
f 4297//3438 4301//3438 4299//3438
f 4292//3438 4445//3438 4247//3438
f 4247//3438 4445//3438 4443//3438
f 4247//3438 4443//3438 1903//3438
f 1903//3438 4443//3438 4441//3438
f 1903//3438 4441//3438 4439//3438
f 4439//3438 4437//3438 1903//3438
f 1903//3438 4437//3438 4436//3438
f 1903//3438 4436//3438 4434//3438
f 4434//3438 4433//3438 1903//3438
f 1903//3438 4433//3438 4431//3438
f 1903//3438 4431//3438 4430//3438
f 4430//3438 4429//3438 1903//3438
f 4428//3438 4426//3438 4796//3438
f 4796//3438 4426//3438 4425//3438
f 4796//3438 4425//3438 4616//3438
f 4616//3438 4425//3438 4617//3438
f 4617//3438 4425//3438 4620//3438
f 4620//3438 4425//3438 4624//3438
f 4620//3438 4624//3438 4622//3438
f 4424//3438 4628//3438 4425//3438
f 4425//3438 4628//3438 4626//3438
f 4425//3438 4626//3438 4624//3438
f 4424//3438 4423//3438 4628//3438
f 4628//3438 4423//3438 4421//3438
f 4628//3438 4421//3438 4420//3438
f 4420//3438 4419//3438 4628//3438
f 4628//3438 4419//3438 4630//3438
f 4630//3438 4419//3438 4417//3438
f 4630//3438 4417//3438 4415//3438
f 4630//3438 4415//3438 4316//3438
f 4316//3438 4415//3438 4413//3438
f 4316//3438 4413//3438 4314//3438
f 4314//3438 4413//3438 4411//3438
f 4314//3438 4411//3438 4383//3438
f 4383//3438 4411//3438 4385//3438
f 4385//3438 4411//3438 4387//3438
f 4387//3438 4411//3438 4389//3438
f 4389//3438 4411//3438 4409//3438
f 4389//3438 4409//3438 4391//3438
f 4391//3438 4409//3438 4393//3438
f 4393//3438 4409//3438 4395//3438
f 4395//3438 4409//3438 4397//3438
f 4397//3438 4409//3438 4399//3438
f 4399//3438 4409//3438 4401//3438
f 4401//3438 4409//3438 4403//3438
f 4403//3438 4409//3438 4405//3438
f 4405//3438 4409//3438 4407//3438
f 4616//3438 4808//3438 4796//3438
f 4796//3438 4808//3438 4806//3438
f 4796//3438 4806//3438 4804//3438
f 4804//3438 4802//3438 4796//3438
f 4796//3438 4802//3438 4800//3438
f 4796//3438 4800//3438 4798//3438
f 5498//3438 5496//3438 1859//3438
f 1859//3438 5496//3438 5494//3438
f 1859//3438 5494//3438 5491//3438
f 5491//3438 5490//3438 1859//3438
f 1859//3438 5490//3438 5554//3438
f 1859//3438 5554//3438 5552//3438
f 5548//3438 5546//3438 1861//3438
f 5858//3438 5856//3438 907//3438
f 5981//3438 5979//3438 330//3438
f 330//3438 5979//3438 5976//3438
f 6050//3438 6052//3438 332//3438
f 332//3438 6052//3438 6054//3438
f 332//3438 6054//3438 6056//3438
f 6056//3438 6058//3438 332//3438
f 332//3438 6058//3438 6060//3438
f 332//3438 6060//3438 6062//3438
f 332//3438 6062//3438 6775//3438
f 6775//3438 6062//3438 6064//3438
f 6775//3438 6064//3438 6066//3438
f 6066//3438 6068//3438 6775//3438
f 6775//3438 6068//3438 6070//3438
f 6775//3438 6070//3438 6072//3438
f 6072//3438 6074//3438 6775//3438
f 6775//3438 6074//3438 6076//3438
f 6775//3438 6076//3438 6078//3438
f 6078//3438 6080//3438 6775//3438
f 6775//3438 6080//3438 6082//3438
f 6775//3438 6082//3438 6007//3438
f 6009//3438 6115//3438 6007//3438
f 6007//3438 6115//3438 6113//3438
f 6007//3438 6113//3438 6111//3438
f 6119//3438 6117//3438 6009//3438
f 6009//3438 6117//3438 6115//3438
f 6007//3438 6111//3438 6775//3438
f 6775//3438 6111//3438 6109//3438
f 6775//3438 6109//3438 6107//3438
f 6107//3438 6105//3438 6775//3438
f 6775//3438 6105//3438 6103//3438
f 6775//3438 6103//3438 6100//3438
f 6100//3438 6099//3438 6775//3438
f 6775//3438 6099//3438 6169//3438
f 6775//3438 6169//3438 6167//3438
f 6167//3438 6165//3438 6775//3438
f 6775//3438 6165//3438 6163//3438
f 6775//3438 6163//3438 6161//3438
f 6161//3438 6159//3438 6775//3438
f 6775//3438 6159//3438 6183//3438
f 6775//3438 6183//3438 6181//3438
f 6159//3438 6157//3438 6183//3438
f 6183//3438 6157//3438 6155//3438
f 6183//3438 6155//3438 6153//3438
f 6183//3438 6153//3438 6185//3438
f 6185//3438 6153//3438 6151//3438
f 6185//3438 6151//3438 6149//3438
f 6149//3438 6147//3438 6185//3438
f 6185//3438 6147//3438 6187//3438
f 6187//3438 6147//3438 6145//3438
f 6187//3438 6145//3438 6143//3438
f 6141//3438 6127//3438 6143//3438
f 6143//3438 6127//3438 6125//3438
f 6143//3438 6125//3438 6191//3438
f 6191//3438 6125//3438 6122//3438
f 6191//3438 6122//3438 6121//3438
f 6139//3438 6133//3438 6141//3438
f 6141//3438 6133//3438 6131//3438
f 6141//3438 6131//3438 6129//3438
f 6137//3438 6135//3438 6139//3438
f 6139//3438 6135//3438 6133//3438
f 6129//3438 6127//3438 6141//3438
f 6191//3438 6189//3438 6143//3438
f 6143//3438 6189//3438 6187//3438
f 6775//3438 6181//3438 6618//3438
f 6618//3438 6181//3438 6179//3438
f 6618//3438 6179//3438 6177//3438
f 6177//3438 6175//3438 6618//3438
f 6618//3438 6175//3438 6172//3438
f 6618//3438 6172//3438 6171//3438
f 6171//3438 6215//3438 6618//3438
f 6618//3438 6215//3438 6213//3438
f 6618//3438 6213//3438 6211//3438
f 6211//3438 6209//3438 6618//3438
f 6618//3438 6209//3438 6207//3438
f 6618//3438 6207//3438 6205//3438
f 6205//3438 6203//3438 6618//3438
f 6618//3438 6203//3438 6201//3438
f 6618//3438 6201//3438 6199//3438
f 6199//3438 6197//3438 6618//3438
f 6618//3438 6197//3438 6194//3438
f 6618//3438 6194//3438 6193//3438
f 6193//3438 6245//3438 6618//3438
f 6618//3438 6245//3438 6243//3438
f 6618//3438 6243//3438 6241//3438
f 6241//3438 6239//3438 6618//3438
f 6618//3438 6239//3438 6237//3438
f 6618//3438 6237//3438 6235//3438
f 6235//3438 6233//3438 6618//3438
f 6618//3438 6233//3438 6231//3438
f 6618//3438 6231//3438 6229//3438
f 6229//3438 6227//3438 6618//3438
f 6618//3438 6227//3438 6619//3438
f 6619//3438 6227//3438 6225//3438
f 6619//3438 6225//3438 6622//3438
f 6622//3438 6225//3438 6594//3438
f 6622//3438 6594//3438 6624//3438
f 6624//3438 6594//3438 6644//3438
f 6624//3438 6644//3438 6626//3438
f 6626//3438 6644//3438 6642//3438
f 6626//3438 6642//3438 6640//3438
f 6225//3438 6223//3438 6594//3438
f 6594//3438 6223//3438 6595//3438
f 6595//3438 6223//3438 6221//3438
f 6595//3438 6221//3438 6218//3438
f 6595//3438 6218//3438 6598//3438
f 6598//3438 6218//3438 6217//3438
f 6598//3438 6217//3438 6600//3438
f 6600//3438 6217//3438 6602//3438
f 6602//3438 6217//3438 6604//3438
f 6604//3438 6217//3438 6606//3438
f 6606//3438 6217//3438 6608//3438
f 6608//3438 6217//3438 6610//3438
f 6610//3438 6217//3438 6285//3438
f 6610//3438 6285//3438 6612//3438
f 6612//3438 6285//3438 6283//3438
f 6612//3438 6283//3438 6614//3438
f 6614//3438 6283//3438 6616//3438
f 6616//3438 6283//3438 6281//3438
f 6616//3438 6281//3438 6570//3438
f 6570//3438 6281//3438 6279//3438
f 6570//3438 6279//3438 6277//3438
f 6271//3438 6255//3438 6217//3438
f 6217//3438 6255//3438 6253//3438
f 6217//3438 6253//3438 6251//3438
f 6269//3438 6259//3438 6271//3438
f 6271//3438 6259//3438 6257//3438
f 6271//3438 6257//3438 6255//3438
f 6267//3438 6263//3438 6269//3438
f 6269//3438 6263//3438 6261//3438
f 6269//3438 6261//3438 6259//3438
f 6267//3438 6265//3438 6263//3438
f 6251//3438 6248//3438 6217//3438
f 6217//3438 6248//3438 6247//3438
f 6217//3438 6247//3438 6287//3438
f 6287//3438 6285//3438 6217//3438
f 6277//3438 6274//3438 6570//3438
f 6570//3438 6274//3438 6273//3438
f 6570//3438 6273//3438 6313//3438
f 6313//3438 6311//3438 6570//3438
f 6570//3438 6311//3438 6309//3438
f 6570//3438 6309//3438 6307//3438
f 6307//3438 6305//3438 6570//3438
f 6570//3438 6305//3438 6303//3438
f 6570//3438 6303//3438 6571//3438
f 6571//3438 6303//3438 6301//3438
f 6571//3438 6301//3438 6574//3438
f 6574//3438 6301//3438 6299//3438
f 6574//3438 6299//3438 6576//3438
f 6576//3438 6299//3438 6297//3438
f 6576//3438 6297//3438 6578//3438
f 6578//3438 6297//3438 6542//3438
f 6578//3438 6542//3438 6580//3438
f 6580//3438 6542//3438 6582//3438
f 6582//3438 6542//3438 6584//3438
f 6584//3438 6542//3438 6586//3438
f 6586//3438 6542//3438 6588//3438
f 6588//3438 6542//3438 6590//3438
f 6590//3438 6542//3438 6592//3438
f 6297//3438 6295//3438 6542//3438
f 6542//3438 6295//3438 6293//3438
f 6542//3438 6293//3438 6290//3438
f 6290//3438 6289//3438 6542//3438
f 6542//3438 6289//3438 6543//3438
f 6543//3438 6289//3438 6546//3438
f 6546//3438 6289//3438 6524//3438
f 6546//3438 6524//3438 6548//3438
f 6548//3438 6524//3438 6550//3438
f 6550//3438 6524//3438 6552//3438
f 6552//3438 6524//3438 6554//3438
f 6554//3438 6524//3438 6556//3438
f 6556//3438 6524//3438 6558//3438
f 6558//3438 6524//3438 6560//3438
f 6560//3438 6524//3438 6562//3438
f 6562//3438 6524//3438 6564//3438
f 6564//3438 6524//3438 6566//3438
f 6566//3438 6524//3438 6568//3438
f 6329//3438 6347//3438 6289//3438
f 6289//3438 6347//3438 6345//3438
f 6289//3438 6345//3438 6343//3438
f 6329//3438 6327//3438 6347//3438
f 6347//3438 6327//3438 6349//3438
f 6349//3438 6327//3438 6325//3438
f 6349//3438 6325//3438 6351//3438
f 6351//3438 6325//3438 6353//3438
f 6353//3438 6325//3438 6355//3438
f 6355//3438 6325//3438 6323//3438
f 6355//3438 6323//3438 6315//3438
f 6315//3438 6323//3438 6321//3438
f 6315//3438 6321//3438 6319//3438
f 6319//3438 6316//3438 6315//3438
f 6343//3438 6341//3438 6289//3438
f 6289//3438 6341//3438 6339//3438
f 6289//3438 6339//3438 6337//3438
f 6337//3438 6335//3438 6289//3438
f 6289//3438 6335//3438 6331//3438
f 6289//3438 6331//3438 6410//3438
f 6410//3438 6331//3438 6411//3438
f 6411//3438 6331//3438 6413//3438
f 6413//3438 6331//3438 6415//3438
f 6415//3438 6331//3438 6389//3438
f 6415//3438 6389//3438 6387//3438
f 6335//3438 6332//3438 6331//3438
f 6387//3438 6385//3438 6415//3438
f 6415//3438 6385//3438 6417//3438
f 6417//3438 6385//3438 6383//3438
f 6417//3438 6383//3438 6419//3438
f 6419//3438 6383//3438 6381//3438
f 6419//3438 6381//3438 6421//3438
f 6421//3438 6381//3438 6423//3438
f 6423//3438 6381//3438 6425//3438
f 6425//3438 6381//3438 6379//3438
f 6425//3438 6379//3438 6427//3438
f 6427//3438 6379//3438 6429//3438
f 6429//3438 6379//3438 6431//3438
f 6431//3438 6379//3438 6433//3438
f 6433//3438 6379//3438 6377//3438
f 6433//3438 6377//3438 6358//3438
f 6358//3438 6377//3438 6360//3438
f 6360//3438 6377//3438 6375//3438
f 6360//3438 6375//3438 6361//3438
f 6361//3438 6375//3438 6363//3438
f 6363//3438 6375//3438 6373//3438
f 6363//3438 6373//3438 6371//3438
f 6363//3438 6371//3438 6365//3438
f 6365//3438 6371//3438 6369//3438
f 6365//3438 6369//3438 6367//3438
f 6410//3438 6408//3438 6289//3438
f 6289//3438 6408//3438 6449//3438
f 6289//3438 6449//3438 6475//3438
f 6475//3438 6449//3438 6448//3438
f 6475//3438 6448//3438 6506//3438
f 6408//3438 6472//3438 6449//3438
f 6449//3438 6472//3438 6452//3438
f 6452//3438 6472//3438 6470//3438
f 6452//3438 6470//3438 6468//3438
f 6452//3438 6468//3438 6454//3438
f 6454//3438 6468//3438 6466//3438
f 6454//3438 6466//3438 6464//3438
f 6454//3438 6464//3438 6456//3438
f 6456//3438 6464//3438 6462//3438
f 6456//3438 6462//3438 6460//3438
f 6460//3438 6458//3438 6456//3438
f 6506//3438 6504//3438 6475//3438
f 6475//3438 6504//3438 6502//3438
f 6475//3438 6502//3438 6477//3438
f 6477//3438 6502//3438 6478//3438
f 6478//3438 6502//3438 6500//3438
f 6478//3438 6500//3438 6480//3438
f 6480//3438 6500//3438 6498//3438
f 6480//3438 6498//3438 6482//3438
f 6482//3438 6498//3438 6484//3438
f 6484//3438 6498//3438 6486//3438
f 6486//3438 6498//3438 6496//3438
f 6486//3438 6496//3438 6494//3438
f 6486//3438 6494//3438 6488//3438
f 6488//3438 6494//3438 6492//3438
f 6488//3438 6492//3438 6490//3438
f 6540//3438 6528//3438 6475//3438
f 6475//3438 6528//3438 6525//3438
f 6475//3438 6525//3438 6524//3438
f 6540//3438 6538//3438 6528//3438
f 6528//3438 6538//3438 6536//3438
f 6528//3438 6536//3438 6534//3438
f 6532//3438 6530//3438 6534//3438
f 6534//3438 6530//3438 6528//3438
f 6626//3438 6640//3438 6628//3438
f 6628//3438 6640//3438 6638//3438
f 6628//3438 6638//3438 6636//3438
f 6636//3438 6634//3438 6628//3438
f 6628//3438 6634//3438 6632//3438
f 6628//3438 6632//3438 6630//3438
f 6618//3438 6668//3438 6775//3438
f 6775//3438 6668//3438 6666//3438
f 6775//3438 6666//3438 6664//3438
f 6664//3438 6662//3438 6775//3438
f 6775//3438 6662//3438 6660//3438
f 6775//3438 6660//3438 6776//3438
f 6776//3438 6660//3438 6779//3438
f 6779//3438 6660//3438 6658//3438
f 6779//3438 6658//3438 6781//3438
f 6781//3438 6658//3438 6656//3438
f 6781//3438 6656//3438 6654//3438
f 6781//3438 6654//3438 6783//3438
f 6783//3438 6654//3438 6652//3438
f 6783//3438 6652//3438 6650//3438
f 6650//3438 6647//3438 6783//3438
f 6783//3438 6647//3438 6785//3438
f 6785//3438 6647//3438 6646//3438
f 6785//3438 6646//3438 6787//3438
f 6787//3438 6646//3438 6789//3438
f 6789//3438 6646//3438 6684//3438
f 6789//3438 6684//3438 6791//3438
f 6791//3438 6684//3438 6682//3438
f 6791//3438 6682//3438 6793//3438
f 6793//3438 6682//3438 6680//3438
f 6793//3438 6680//3438 6795//3438
f 6795//3438 6680//3438 6678//3438
f 6795//3438 6678//3438 6695//3438
f 6695//3438 6678//3438 6693//3438
f 6693//3438 6678//3438 6676//3438
f 6693//3438 6676//3438 6774//3438
f 6774//3438 6676//3438 6674//3438
f 6774//3438 6674//3438 6772//3438
f 6772//3438 6674//3438 6673//3438
f 6772//3438 6673//3438 6770//3438
f 6770//3438 6673//3438 6744//3438
f 6770//3438 6744//3438 6768//3438
f 6768//3438 6744//3438 6746//3438
f 6768//3438 6746//3438 6748//3438
f 6673//3438 6671//3438 6744//3438
f 6744//3438 6671//3438 6738//3438
f 6744//3438 6738//3438 6742//3438
f 6742//3438 6738//3438 6740//3438
f 6748//3438 6750//3438 6768//3438
f 6768//3438 6750//3438 6766//3438
f 6766//3438 6750//3438 6752//3438
f 6766//3438 6752//3438 6754//3438
f 6754//3438 6756//3438 6766//3438
f 6766//3438 6756//3438 6764//3438
f 6764//3438 6756//3438 6758//3438
f 6764//3438 6758//3438 6760//3438
f 6760//3438 6762//3438 6764//3438
f 6775//3438 6813//3438 332//3438
f 332//3438 6813//3438 6811//3438
f 332//3438 6811//3438 6809//3438
f 6809//3438 6807//3438 332//3438
f 332//3438 6807//3438 6847//3438
f 332//3438 6847//3438 6885//3438
f 6885//3438 6847//3438 6845//3438
f 6885//3438 6845//3438 6887//3438
f 6887//3438 6845//3438 6843//3438
f 6887//3438 6843//3438 6889//3438
f 6889//3438 6843//3438 6841//3438
f 6889//3438 6841//3438 6891//3438
f 6891//3438 6841//3438 6839//3438
f 6891//3438 6839//3438 6893//3438
f 6893//3438 6839//3438 6895//3438
f 6895//3438 6839//3438 6897//3438
f 6897//3438 6839//3438 6837//3438
f 6897//3438 6837//3438 6899//3438
f 6899//3438 6837//3438 6835//3438
f 6899//3438 6835//3438 6901//3438
f 6901//3438 6835//3438 6865//3438
f 6901//3438 6865//3438 6863//3438
f 6807//3438 6805//3438 6847//3438
f 6847//3438 6805//3438 6849//3438
f 6849//3438 6805//3438 6797//3438
f 6849//3438 6797//3438 6829//3438
f 6805//3438 6803//3438 6797//3438
f 6797//3438 6803//3438 6798//3438
f 6798//3438 6803//3438 6801//3438
f 6849//3438 6829//3438 6851//3438
f 6851//3438 6829//3438 6827//3438
f 6851//3438 6827//3438 6825//3438
f 6851//3438 6825//3438 6815//3438
f 6815//3438 6825//3438 6823//3438
f 6815//3438 6823//3438 6821//3438
f 6819//3438 6816//3438 6821//3438
f 6821//3438 6816//3438 6815//3438
f 6832//3438 6869//3438 6835//3438
f 6835//3438 6869//3438 6867//3438
f 6835//3438 6867//3438 6865//3438
f 6831//3438 6873//3438 6832//3438
f 6832//3438 6873//3438 6871//3438
f 6832//3438 6871//3438 6869//3438
f 6831//3438 6879//3438 6873//3438
f 6873//3438 6879//3438 6877//3438
f 6873//3438 6877//3438 6875//3438
f 6901//3438 6863//3438 6853//3438
f 6853//3438 6863//3438 6861//3438
f 6853//3438 6861//3438 6859//3438
f 6859//3438 6857//3438 6853//3438
f 6853//3438 6857//3438 6854//3438
f 6885//3438 6882//3438 332//3438
f 332//3438 6882//3438 6903//3438
f 332//3438 6903//3438 7163//3438
f 7163//3438 6903//3438 7164//3438
f 7164//3438 6903//3438 7167//3438
f 7167//3438 6903//3438 7169//3438
f 7169//3438 6903//3438 7171//3438
f 7171//3438 6903//3438 7173//3438
f 7173//3438 6903//3438 7175//3438
f 7175//3438 6903//3438 7177//3438
f 7177//3438 6903//3438 7179//3438
f 7179//3438 6903//3438 7181//3438
f 7181//3438 6903//3438 7183//3438
f 7183//3438 6903//3438 7185//3438
f 7185//3438 6903//3438 7187//3438
f 7187//3438 6903//3438 7189//3438
f 7189//3438 6903//3438 7191//3438
f 7191//3438 6903//3438 7089//3438
f 7191//3438 7089//3438 7193//3438
f 7193//3438 7089//3438 7195//3438
f 7195//3438 7089//3438 7087//3438
f 7195//3438 7087//3438 7197//3438
f 7197//3438 7087//3438 7199//3438
f 7199//3438 7087//3438 7201//3438
f 7201//3438 7087//3438 7203//3438
f 7203//3438 7087//3438 7131//3438
f 7131//3438 7087//3438 7085//3438
f 7131//3438 7085//3438 7083//3438
f 6882//3438 6881//3438 6903//3438
f 6903//3438 6881//3438 6911//3438
f 6903//3438 6911//3438 6909//3438
f 6931//3438 6927//3438 6881//3438
f 6881//3438 6927//3438 6925//3438
f 6881//3438 6925//3438 6923//3438
f 6931//3438 6929//3438 6927//3438
f 6923//3438 6921//3438 6881//3438
f 6881//3438 6921//3438 6919//3438
f 6881//3438 6919//3438 6917//3438
f 6917//3438 6915//3438 6881//3438
f 6881//3438 6915//3438 6913//3438
f 6881//3438 6913//3438 6911//3438
f 6909//3438 6907//3438 6903//3438
f 6903//3438 6907//3438 6904//3438
f 6957//3438 7017//3438 6903//3438
f 6903//3438 7017//3438 7015//3438
f 6903//3438 7015//3438 7013//3438
f 6957//3438 6955//3438 7017//3438
f 7017//3438 6955//3438 6953//3438
f 7017//3438 6953//3438 6951//3438
f 6951//3438 6949//3438 7017//3438
f 7017//3438 6949//3438 6947//3438
f 7017//3438 6947//3438 6945//3438
f 7017//3438 6945//3438 7019//3438
f 7019//3438 6945//3438 6943//3438
f 7019//3438 6943//3438 6941//3438
f 6941//3438 6939//3438 7019//3438
f 7019//3438 6939//3438 7021//3438
f 7021//3438 6939//3438 6937//3438
f 7021//3438 6937//3438 6934//3438
f 7021//3438 6934//3438 7023//3438
f 7023//3438 6934//3438 6933//3438
f 7023//3438 6933//3438 7025//3438
f 7025//3438 6933//3438 6979//3438
f 7025//3438 6979//3438 7027//3438
f 7027//3438 6979//3438 6977//3438
f 7027//3438 6977//3438 6991//3438
f 6991//3438 6977//3438 6993//3438
f 6993//3438 6977//3438 6975//3438
f 6993//3438 6975//3438 6995//3438
f 6995//3438 6975//3438 6973//3438
f 6995//3438 6973//3438 6997//3438
f 6997//3438 6973//3438 6971//3438
f 6997//3438 6971//3438 6999//3438
f 6999//3438 6971//3438 7001//3438
f 7001//3438 6971//3438 6969//3438
f 7001//3438 6969//3438 6967//3438
f 6965//3438 6963//3438 6967//3438
f 6967//3438 6963//3438 6960//3438
f 6967//3438 6960//3438 6959//3438
f 6959//3438 7001//3438 6967//3438
f 7027//3438 6991//3438 7029//3438
f 7029//3438 6991//3438 6989//3438
f 7029//3438 6989//3438 6987//3438
f 7029//3438 6987//3438 7031//3438
f 7031//3438 6987//3438 6985//3438
f 7031//3438 6985//3438 7033//3438
f 7033//3438 6985//3438 6982//3438
f 7033//3438 6982//3438 7035//3438
f 7035//3438 6982//3438 7037//3438
f 7037//3438 6982//3438 7039//3438
f 7039//3438 6982//3438 6981//3438
f 7039//3438 6981//3438 7041//3438
f 7013//3438 7011//3438 6903//3438
f 6903//3438 7011//3438 7009//3438
f 6903//3438 7009//3438 7007//3438
f 7007//3438 7004//3438 6903//3438
f 6903//3438 7004//3438 7003//3438
f 6903//3438 7003//3438 7091//3438
f 7091//3438 7089//3438 6903//3438
f 7083//3438 7081//3438 7131//3438
f 7131//3438 7081//3438 7079//3438
f 7131//3438 7079//3438 7077//3438
f 7131//3438 7077//3438 7043//3438
f 7043//3438 7077//3438 7075//3438
f 7043//3438 7075//3438 7073//3438
f 7073//3438 7071//3438 7043//3438
f 7043//3438 7071//3438 7069//3438
f 7043//3438 7069//3438 7044//3438
f 7044//3438 7069//3438 7067//3438
f 7044//3438 7067//3438 7065//3438
f 7044//3438 7065//3438 7047//3438
f 7047//3438 7065//3438 7063//3438
f 7047//3438 7063//3438 7061//3438
f 7061//3438 7059//3438 7047//3438
f 7047//3438 7059//3438 7049//3438
f 7049//3438 7059//3438 7057//3438
f 7049//3438 7057//3438 7051//3438
f 7051//3438 7057//3438 7053//3438
f 7053//3438 7057//3438 7055//3438
f 7129//3438 7123//3438 7043//3438
f 7043//3438 7123//3438 7097//3438
f 7043//3438 7097//3438 7094//3438
f 7129//3438 7127//3438 7123//3438
f 7123//3438 7127//3438 7125//3438
f 7121//3438 7101//3438 7123//3438
f 7123//3438 7101//3438 7099//3438
f 7123//3438 7099//3438 7097//3438
f 7121//3438 7119//3438 7101//3438
f 7101//3438 7119//3438 7117//3438
f 7101//3438 7117//3438 7103//3438
f 7103//3438 7117//3438 7115//3438
f 7103//3438 7115//3438 7113//3438
f 7113//3438 7111//3438 7103//3438
f 7103//3438 7111//3438 7105//3438
f 7105//3438 7111//3438 7109//3438
f 7105//3438 7109//3438 7107//3438
f 7094//3438 7093//3438 7043//3438
f 7043//3438 7093//3438 7161//3438
f 7043//3438 7161//3438 7159//3438
f 7159//3438 7157//3438 7043//3438
f 7043//3438 7157//3438 7155//3438
f 7043//3438 7155//3438 7153//3438
f 7153//3438 7151//3438 7043//3438
f 7043//3438 7151//3438 7149//3438
f 7043//3438 7149//3438 7147//3438
f 7147//3438 7145//3438 7043//3438
f 7043//3438 7145//3438 7143//3438
f 7043//3438 7143//3438 7141//3438
f 7141//3438 7139//3438 7043//3438
f 7043//3438 7139//3438 7137//3438
f 7043//3438 7137//3438 7135//3438
f 7135//3438 7132//3438 7043//3438
f 7043//3438 7132//3438 7131//3438
f 7231//3438 7229//3438 7163//3438
f 7163//3438 7229//3438 7227//3438
f 7163//3438 7227//3438 7225//3438
f 7225//3438 7223//3438 7163//3438
f 7163//3438 7223//3438 7221//3438
f 7163//3438 7221//3438 7219//3438
f 7217//3438 7205//3438 7219//3438
f 7219//3438 7205//3438 7263//3438
f 7219//3438 7263//3438 7163//3438
f 7163//3438 7263//3438 7261//3438
f 7163//3438 7261//3438 7259//3438
f 7217//3438 7215//3438 7205//3438
f 7205//3438 7215//3438 7213//3438
f 7205//3438 7213//3438 7211//3438
f 7211//3438 7209//3438 7205//3438
f 7205//3438 7209//3438 7206//3438
f 7163//3438 7259//3438 332//3438
f 332//3438 7259//3438 7257//3438
f 332//3438 7257//3438 7255//3438
f 7255//3438 7253//3438 332//3438
f 332//3438 7253//3438 7251//3438
f 332//3438 7251//3438 7249//3438
f 7249//3438 7247//3438 332//3438
f 332//3438 7247//3438 7245//3438
f 332//3438 7245//3438 7243//3438
f 7243//3438 7241//3438 332//3438
f 332//3438 7241//3438 7239//3438
f 332//3438 7239//3438 7237//3438
f 7237//3438 7234//3438 332//3438
f 332//3438 7234//3438 7233//3438
f 7281//3438 7279//3438 366//3438
f 366//3438 7279//3438 7277//3438
f 366//3438 7277//3438 7269//3438
f 7269//3438 7277//3438 7275//3438
f 7269//3438 7275//3438 7273//3438
f 7273//3438 7271//3438 7269//3438
f 7269//3438 7266//3438 366//3438
f 366//3438 7266//3438 7265//3438
f 366//3438 7265//3438 7412//3438
f 7412//3438 7410//3438 366//3438
f 366//3438 7410//3438 7408//3438
f 366//3438 7408//3438 7406//3438
f 7406//3438 7404//3438 366//3438
f 366//3438 7404//3438 7402//3438
f 366//3438 7402//3438 7558//3438
f 7558//3438 7402//3438 7560//3438
f 7560//3438 7402//3438 7400//3438
f 7560//3438 7400//3438 7398//3438
f 7398//3438 7396//3438 7560//3438
f 7560//3438 7396//3438 7394//3438
f 7560//3438 7394//3438 7392//3438
f 7392//3438 7390//3438 7560//3438
f 7560//3438 7390//3438 7562//3438
f 7562//3438 7390//3438 7388//3438
f 7562//3438 7388//3438 7564//3438
f 7564//3438 7388//3438 7386//3438
f 7564//3438 7386//3438 7384//3438
f 7382//3438 7576//3438 7384//3438
f 7384//3438 7576//3438 7574//3438
f 7384//3438 7574//3438 7572//3438
f 7380//3438 7584//3438 7382//3438
f 7382//3438 7584//3438 7582//3438
f 7382//3438 7582//3438 7580//3438
f 7378//3438 7289//3438 7380//3438
f 7380//3438 7289//3438 7291//3438
f 7380//3438 7291//3438 7584//3438
f 7289//3438 7378//3438 7358//3438
f 7358//3438 7378//3438 7376//3438
f 7358//3438 7376//3438 7360//3438
f 7360//3438 7376//3438 7362//3438
f 7362//3438 7376//3438 7364//3438
f 7364//3438 7376//3438 7374//3438
f 7364//3438 7374//3438 7366//3438
f 7366//3438 7374//3438 7368//3438
f 7368//3438 7374//3438 7370//3438
f 7370//3438 7374//3438 7372//3438
f 7580//3438 7578//3438 7382//3438
f 7382//3438 7578//3438 7576//3438
f 7572//3438 7570//3438 7384//3438
f 7384//3438 7570//3438 7568//3438
f 7384//3438 7568//3438 7566//3438
f 7566//3438 7564//3438 7384//3438
f 7558//3438 7556//3438 366//3438
f 366//3438 7556//3438 7555//3438
f 366//3438 7555//3438 7553//3438
f 7553//3438 7618//3438 366//3438
f 366//3438 7618//3438 7616//3438
f 366//3438 7616//3438 7614//3438
f 7614//3438 7612//3438 366//3438
f 366//3438 7612//3438 7603//3438
f 366//3438 7603//3438 7602//3438
f 7603//3438 7612//3438 7606//3438
f 7606//3438 7612//3438 7610//3438
f 7606//3438 7610//3438 7608//3438
f 7602//3438 7642//3438 366//3438
f 366//3438 7642//3438 7640//3438
f 366//3438 7640//3438 7638//3438
f 7638//3438 7636//3438 366//3438
f 366//3438 7636//3438 7634//3438
f 366//3438 7634//3438 7666//3438
f 7666//3438 7634//3438 7632//3438
f 7666//3438 7632//3438 7630//3438
f 7630//3438 7628//3438 7666//3438
f 7666//3438 7628//3438 7626//3438
f 7666//3438 7626//3438 7624//3438
f 7624//3438 7621//3438 7666//3438
f 7666//3438 7621//3438 7620//3438
f 7666//3438 7664//3438 366//3438
f 366//3438 7664//3438 7662//3438
f 366//3438 7662//3438 7660//3438
f 7660//3438 7658//3438 366//3438
f 366//3438 7658//3438 7656//3438
f 366//3438 7656//3438 7654//3438
f 7654//3438 7652//3438 366//3438
f 366//3438 7652//3438 7650//3438
f 366//3438 7650//3438 7648//3438
f 7647//3438 7728//3438 7648//3438
f 7648//3438 7728//3438 7730//3438
f 7648//3438 7730//3438 366//3438
f 366//3438 7730//3438 7732//3438
f 366//3438 7732//3438 7734//3438
f 7728//3438 7647//3438 7726//3438
f 7726//3438 7647//3438 7645//3438
f 7726//3438 7645//3438 7724//3438
f 7724//3438 7645//3438 7722//3438
f 7722//3438 7645//3438 7720//3438
f 7720//3438 7645//3438 7716//3438
f 7720//3438 7716//3438 7718//3438
f 7734//3438 7736//3438 366//3438
f 366//3438 7736//3438 7798//3438
f 366//3438 7798//3438 8019//3438
f 8019//3438 7798//3438 8021//3438
f 8021//3438 7798//3438 7796//3438
f 8021//3438 7796//3438 8023//3438
f 8023//3438 7796//3438 7794//3438
f 8023//3438 7794//3438 7792//3438
f 7798//3438 7736//3438 7800//3438
f 7800//3438 7736//3438 7738//3438
f 7800//3438 7738//3438 7740//3438
f 7740//3438 7742//3438 7800//3438
f 7800//3438 7742//3438 7802//3438
f 7802//3438 7742//3438 7744//3438
f 7802//3438 7744//3438 7804//3438
f 7804//3438 7744//3438 7806//3438
f 7806//3438 7744//3438 7816//3438
f 7806//3438 7816//3438 7814//3438
f 7744//3438 7679//3438 7816//3438
f 7816//3438 7679//3438 7681//3438
f 7816//3438 7681//3438 7828//3438
f 7826//3438 7820//3438 7828//3438
f 7828//3438 7820//3438 7818//3438
f 7828//3438 7818//3438 7816//3438
f 7826//3438 7824//3438 7820//3438
f 7820//3438 7824//3438 7822//3438
f 7812//3438 7810//3438 7814//3438
f 7814//3438 7810//3438 7808//3438
f 7814//3438 7808//3438 7806//3438
f 8023//3438 7792//3438 8025//3438
f 8025//3438 7792//3438 7790//3438
f 8025//3438 7790//3438 8027//3438
f 8027//3438 7790//3438 7745//3438
f 8027//3438 7745//3438 7747//3438
f 8027//3438 7747//3438 8029//3438
f 8029//3438 7747//3438 8053//3438
f 8029//3438 8053//3438 8051//3438
f 8029//3438 8051//3438 8031//3438
f 8031//3438 8051//3438 8049//3438
f 8031//3438 8049//3438 8047//3438
f 8031//3438 8047//3438 8033//3438
f 8033//3438 8047//3438 8045//3438
f 8033//3438 8045//3438 8043//3438
f 8043//3438 8041//3438 8033//3438
f 8033//3438 8041//3438 8039//3438
f 8033//3438 8039//3438 8037//3438
f 8037//3438 8035//3438 8033//3438
f 8019//3438 8017//3438 366//3438
f 366//3438 8017//3438 8015//3438
f 366//3438 8015//3438 8013//3438
f 8013//3438 8011//3438 366//3438
f 366//3438 8011//3438 8009//3438
f 366//3438 8009//3438 8007//3438
f 8007//3438 8005//3438 366//3438
f 366//3438 8005//3438 8003//3438
f 366//3438 8003//3438 8001//3438
f 366//3438 8001//3438 7987//3438
f 7987//3438 8001//3438 7999//3438
f 7987//3438 7999//3438 7989//3438
f 7989//3438 7999//3438 7991//3438
f 7991//3438 7999//3438 7997//3438
f 7991//3438 7997//3438 7995//3438
f 7995//3438 7993//3438 7991//3438
f 7987//3438 7985//3438 366//3438
f 366//3438 7985//3438 7983//3438
f 366//3438 7983//3438 7981//3438
f 7981//3438 7894//3438 366//3438
f 366//3438 7894//3438 7896//3438
f 366//3438 7896//3438 8252//3438
f 8252//3438 8250//3438 366//3438
f 366//3438 8250//3438 8248//3438
f 366//3438 8248//3438 8246//3438
f 8242//3438 8239//3438 8258//3438
f 8258//3438 8239//3438 8238//3438
f 8258//3438 8238//3438 8278//3438
f 8278//3438 8276//3438 8258//3438
f 8258//3438 8276//3438 8274//3438
f 8258//3438 8274//3438 8260//3438
f 8260//3438 8274//3438 8272//3438
f 8260//3438 8272//3438 8262//3438
f 8262//3438 8272//3438 8270//3438
f 8262//3438 8270//3438 8264//3438
f 8264//3438 8270//3438 8268//3438
f 8264//3438 8268//3438 8266//3438
f 8296//3438 8294//3438 8298//3438
f 8298//3438 8294//3438 8292//3438
f 8298//3438 8292//3438 8302//3438
f 8302//3438 8292//3438 8304//3438
f 8304//3438 8292//3438 8306//3438
f 8306//3438 8292//3438 8308//3438
f 8308//3438 8292//3438 8310//3438
f 8310//3438 8292//3438 8312//3438
f 8312//3438 8292//3438 8314//3438
f 8314//3438 8292//3438 8316//3438
f 8316//3438 8292//3438 8290//3438
f 8316//3438 8290//3438 8318//3438
f 8318//3438 8290//3438 8320//3438
f 8320//3438 8290//3438 8322//3438
f 8322//3438 8290//3438 8280//3438
f 8280//3438 8290//3438 8281//3438
f 8281//3438 8290//3438 8284//3438
f 8284//3438 8290//3438 8286//3438
f 8286//3438 8290//3438 8288//3438
f 8302//3438 8299//3438 8298//3438
f 6524//3438 6289//3438 6475//3438
