# Blender 4.0.0
# www.blender.org
mtllib player3.mtl
o player2
v 22.882154 1.000000 0.560830
v 22.882154 0.000000 0.560830
v 23.882154 1.000000 -0.439170
v 23.882154 -0.000000 -0.439170
v 22.882154 0.000000 2.560830
v 22.882154 1.000000 2.560830
v 20.882154 0.000000 0.560830
v 20.882154 1.000000 0.560830
v 19.882154 -0.000000 -0.439170
v 19.882154 1.000000 -0.439170
v 20.882154 1.000000 2.560830
v 20.882154 0.000000 2.560830
v 26.382154 -0.000000 -0.439170
v 26.382154 1.000000 -0.439170
v 17.382154 1.000000 -0.439170
v 17.382154 -0.000000 -0.439170
v 17.382154 1.000000 -1.439170
v 20.382154 1.000000 -1.439170
v 17.382154 -0.000000 -1.439170
v 20.382154 -0.000000 -1.439170
v 26.382154 1.000000 -1.439170
v 26.382154 -0.000000 -1.439170
v 23.168369 1.000000 -1.439170
v 23.168369 -0.000000 -1.439170
v 23.126871 -0.000000 -2.241596
v 27.426172 0.999999 -19.545311
v 27.194195 0.999999 -19.251921
v 27.201126 -0.000001 -19.212811
v 27.142580 -0.000001 -19.409706
v 27.062447 -0.000001 -19.572727
v 26.922804 0.999999 -19.661131
v 27.091646 0.999999 -19.528778
v 26.890776 -0.000001 -19.669830
v 26.698195 -0.000001 -19.773146
v 26.595566 0.999999 -19.874811
v 26.617916 0.999998 -20.255829
v 26.595337 -0.000002 -19.894285
v 26.591217 -0.000002 -20.253916
v 26.464777 0.999998 -20.334249
v 26.458267 0.999998 -20.640844
v 26.446424 -0.000002 -20.638386
v 26.263712 0.999998 -20.895958
v 26.264114 -0.000002 -21.129910
v 26.591833 0.999998 -22.531292
v 26.595987 -0.000002 -22.663214
v 26.448254 0.999998 -23.019333
v 26.449780 -0.000002 -23.012421
v 26.415127 -0.000002 -23.461662
v 26.414452 0.999998 -23.473951
v 26.273977 0.999998 -24.709146
v 26.276039 -0.000002 -24.701921
v 26.981785 -0.000002 -24.335745
v 27.145235 -0.000002 -24.143560
v 27.939095 -0.000002 -23.908323
v 27.052036 0.999998 -24.261879
v 27.358845 0.999998 -24.118389
v 27.943832 0.999998 -23.876965
v 28.137199 -0.000002 -21.822849
v 28.157549 0.999998 -21.456091
v 28.150137 -0.000002 -21.097359
v 28.061598 0.999998 -20.411030
v 28.005476 -0.000002 -20.239254
v 27.804291 0.999999 -19.910732
v 27.432251 -0.000001 -19.540525
v 29.517534 -0.000002 -22.964396
v 29.526451 0.999998 -23.282091
v 29.481773 -0.000002 -24.323772
v 29.464281 0.999998 -24.402946
v 29.342823 -0.000002 -21.877577
v 29.384624 0.999998 -22.024548
v 29.044786 -0.000002 -20.857639
v 29.047195 0.999998 -20.891432
v 28.825743 0.999999 -19.662361
v 29.026243 -0.000002 -19.921843
v 29.034475 0.999999 -19.919046
v 28.767828 -0.000001 -19.396544
v 28.697784 -0.000001 -18.026838
v 28.700552 0.999999 -18.029348
v 28.723791 -0.000001 -18.055532
v 28.723791 0.999999 -18.055532
v 28.759172 0.999999 -18.120201
v 28.756485 -0.000001 -18.112352
v 28.774813 -0.000001 -18.235323
v 28.776049 0.999999 -18.376854
v 28.736221 -0.000001 -18.939760
v 28.726595 0.999999 -19.071569
v 28.557100 0.999999 -17.908728
v 28.216072 -0.000001 -17.453157
v 28.640678 -0.000001 -17.983068
v 28.640678 0.999999 -17.983068
v 28.236271 0.999999 -17.458275
v 27.406548 0.999999 -17.176933
v 27.405334 -0.000001 -17.187271
v 27.602880 -0.000001 -17.143049
v 27.595148 0.999999 -17.138922
v 26.926451 -0.000001 -17.222561
v 27.148388 -0.000001 -17.093216
v 27.447378 0.999999 -17.608658
v 26.886234 0.999999 -17.220646
v 27.405575 -0.000001 -17.593836
v 26.751562 0.999999 -17.380136
v 26.744385 -0.000001 -17.378912
v 26.674356 -0.000001 -17.588400
v 26.649090 0.999999 -17.543003
v 26.809044 0.999999 -17.860365
v 26.781857 -0.000001 -17.841421
v 26.701180 0.999999 -17.679079
v 26.890213 -0.000001 -17.975098
v 26.955315 -0.000001 -17.938002
v 26.951855 0.999999 -17.936918
v 26.626640 -0.000001 -17.828411
v 26.840887 0.999999 -17.940496
v 26.840883 -0.000001 -17.940495
v 26.887800 0.999999 -17.973944
v 26.626881 0.999999 -17.827717
v 26.591820 0.999999 -17.570604
v 26.581255 -0.000001 -17.537643
v 26.186934 -0.000001 -17.408833
v 26.187679 0.999999 -17.407974
v 26.451513 -0.000001 -17.467964
v 26.469999 0.999999 -17.472319
v 26.087103 -0.000001 -17.097736
v 26.192390 0.999999 -16.726675
v 26.081062 0.999999 -17.091028
v 26.061930 -0.000001 -16.522821
v 26.118526 0.999999 -16.565950
v 26.140570 -0.000001 -16.589674
v 26.161514 0.999999 -16.625525
v 26.187317 -0.000001 -16.697756
v 25.988457 0.999999 -16.097078
v 26.055237 -0.000001 -16.295410
v 26.056793 0.999999 -16.308619
v 26.061762 0.999999 -16.523594
v 25.694128 -0.000001 -15.836118
v 25.980219 -0.000001 -16.084211
v 25.693333 0.999999 -15.830247
v 25.710619 -0.000001 -15.598638
v 25.727268 0.999999 -15.639799
v 25.436419 -0.000001 -15.383140
v 25.438896 0.999999 -15.375929
v 25.397486 -0.000001 -15.047997
v 25.407440 0.999999 -15.072800
v 25.435488 -0.000001 -15.276901
v 25.174740 0.999999 -14.923520
v 25.173616 -0.000001 -14.923894
v 25.229280 -0.000001 -14.926143
v 25.229280 0.999999 -14.926143
v 25.272179 0.999999 -14.934947
v 25.269569 -0.000001 -14.934203
v 25.329815 -0.000001 -14.961505
v 25.334761 0.999999 -14.965077
v 25.132416 0.999999 -14.523098
v 25.123180 -0.000001 -14.493126
v 24.825377 -0.000001 -14.054067
v 24.823675 0.999999 -14.048601
v 24.695324 -0.000001 -13.631441
v 24.694380 0.999999 -13.626056
v 24.766832 -0.000001 -13.790604
v 24.764946 0.999999 -13.787476
v 23.899595 0.999999 -12.847086
v 23.688019 -0.000001 -12.849747
v 24.316359 -0.000001 -12.967999
v 24.332651 0.999999 -12.993684
v 23.770895 -0.000001 -12.397274
v 23.758581 0.999999 -12.501494
v 23.996128 0.999999 -11.323100
v 23.778389 0.999999 -12.005866
v 23.782639 -0.000001 -12.002509
v 24.850391 -0.000001 -10.777944
v 24.850391 0.999999 -10.777944
v 24.676561 -0.000001 -11.027328
v 24.697882 0.999999 -10.999440
v 24.236574 0.999999 -11.272979
v 23.994122 -0.000001 -11.344955
v 25.265852 0.999999 -10.762607
v 25.286844 -0.000001 -10.755685
v 26.911472 -0.000001 -11.284107
v 26.606977 0.999999 -11.275782
v 26.166258 0.999999 -11.086588
v 26.186626 -0.000001 -11.106712
v 25.821268 -0.000001 -10.534199
v 25.820219 0.999999 -10.530503
v 27.387833 0.999999 -10.567402
v 27.336584 -0.000001 -10.777470
v 27.046076 0.999999 -11.223780
v 27.522093 -0.000001 -10.718190
v 27.519623 0.999999 -10.771186
v 27.374239 -0.000001 -10.462193
v 27.316236 0.999999 -9.866813
v 27.326548 -0.000001 -8.771473
v 27.323914 0.999999 -8.771640
v 27.313488 -0.000001 -9.853936
v 27.432093 -0.000001 -8.549710
v 27.648849 0.999999 -8.447010
v 27.435316 0.999999 -8.549053
v 27.648134 -0.000001 -8.467734
v 27.550100 -0.000001 -8.363329
v 27.677958 0.999999 -7.556477
v 27.675903 -0.000001 -7.561276
v 27.615099 0.999999 -8.285633
v 27.651682 -0.000001 -8.148622
v 27.818451 -0.000001 -7.531469
v 27.853191 -0.000001 -7.456676
v 27.821014 0.999999 -7.530508
v 27.844652 0.999999 -7.491389
v 27.641579 -0.000001 -7.366414
v 27.843079 -0.000001 -7.390806
v 27.642000 0.999999 -7.369158
v 27.850567 0.999999 -7.393636
v 27.066982 -0.000000 -6.540775
v 27.169905 1.000000 -6.557559
v 27.252737 -0.000000 -6.604359
v 27.373995 0.999999 -6.712780
v 27.384319 -0.000001 -6.728101
v 27.557356 0.999999 -7.038512
v 27.545313 -0.000001 -7.008297
v 26.488811 -0.000001 -6.971973
v 26.501629 0.999999 -6.955283
v 26.789921 -0.000000 -6.618282
v 26.849205 1.000000 -6.580993
v 26.023207 0.999999 -8.231683
v 26.046581 -0.000001 -8.189375
v 26.136530 0.999999 -7.843362
v 26.151613 -0.000001 -7.775805
v 25.814831 -0.000001 -8.426520
v 25.812416 0.999999 -8.428093
v 25.670410 -0.000001 -8.777263
v 25.549755 -0.000001 -8.908056
v 25.560923 -0.000001 -8.820842
v 25.554905 0.999999 -8.832535
v 25.645367 0.999999 -8.801928
v 25.549728 0.999999 -8.907870
v 25.389639 -0.000001 -8.869958
v 23.336578 0.999999 -8.834783
v 23.336346 -0.000001 -8.835225
v 24.269974 -0.000001 -8.631484
v 24.289532 0.999999 -8.632619
v 23.156281 0.999999 -7.444777
v 23.315355 0.999999 -8.581050
v 23.317673 -0.000001 -8.605962
v 23.056976 1.000000 -5.876966
v 23.052336 -0.000000 -5.892486
v 23.169847 -0.000001 -7.542061
v 23.062218 -0.000000 -5.713758
v 23.084867 1.000000 -5.739697
v 22.975924 1.000000 -5.607464
v 22.992281 -0.000000 -4.881504
v 22.993916 1.000000 -4.903402
v 23.107601 -0.000000 -3.927682
v 23.143862 1.000000 -3.826178
v 22.933416 -0.000000 -4.444076
v 22.945818 1.000000 -4.382694
v 23.089592 -0.000000 -3.604585
v 23.019253 1.000000 -3.454057
v 23.021597 -0.000000 -3.319650
v 23.147068 -0.000000 -2.944893
v 23.134634 1.000000 -2.235784
v 23.179371 -0.000000 -2.518255
v 23.161894 1.000000 -2.890344
v 20.882881 1.000000 -2.715792
v 20.870262 -0.000000 -2.699743
v 21.490944 1.000000 -3.441881
v 21.511509 -0.000000 -3.501997
v 21.435894 1.000000 -4.047272
v 21.702272 -0.000000 -4.724886
v 21.462307 -0.000000 -4.236008
v 21.701206 1.000000 -4.733659
v 21.557558 -0.000000 -5.511698
v 21.680649 -0.000000 -5.381617
v 21.667320 1.000000 -5.422558
v 21.547205 1.000000 -5.516866
v 21.507919 -0.000000 -6.056279
v 21.606297 -0.000000 -5.624374
v 21.605011 1.000000 -5.631134
v 21.483662 1.000000 -6.095355
v 21.065359 0.999999 -9.221127
v 21.161770 -0.000001 -8.577449
v 21.189943 0.999999 -8.449738
v 21.451895 -0.000001 -7.309397
v 21.492317 0.999999 -7.107148
v 21.058594 -0.000001 -9.453103
v 21.159359 -0.000001 -10.024815
v 21.149767 0.999999 -9.935412
v 21.061148 -0.000001 -10.240356
v 21.014145 0.999999 -10.558250
v 21.087147 0.999999 -10.249246
v 21.104458 -0.000001 -10.395030
v 20.973936 -0.000001 -10.695114
v 20.810169 -0.000001 -10.776407
v 20.859999 0.999999 -10.846885
v 20.960835 0.999999 -10.706244
v 20.820473 -0.000001 -11.065583
v 20.805784 0.999999 -11.139339
v 20.750648 -0.000001 -11.380984
v 20.701681 -0.000001 -11.207517
v 20.707253 0.999999 -11.197159
v 20.564228 0.999999 -12.219821
v 20.636921 -0.000001 -12.634589
v 20.572510 -0.000001 -11.802575
v 20.602512 0.999999 -11.692411
v 20.752281 0.999999 -11.382056
v 20.232550 0.999999 -13.536027
v 20.650612 0.999999 -12.616174
v 20.245888 -0.000001 -13.675457
v 20.263041 0.999999 -13.689434
v 20.252607 -0.000001 -13.488069
v 20.257465 0.999999 -13.801294
v 20.251926 -0.000001 -13.813521
v 20.169996 -0.000001 -14.132795
v 20.133432 -0.000001 -14.037555
v 20.142199 0.999999 -13.999423
v 20.166258 0.999999 -14.136751
v 19.814732 -0.000001 -14.483973
v 19.814522 0.999999 -14.498188
v 19.757515 0.999999 -15.167742
v 19.754532 -0.000001 -15.172466
v 19.860643 0.999999 -14.978567
v 19.860758 -0.000001 -14.974088
v 19.864168 -0.000001 -14.907865
v 19.864168 0.999999 -14.907865
v 19.163137 -0.000001 -16.234102
v 19.343132 -0.000001 -16.114691
v 19.359592 0.999999 -16.105679
v 19.491617 -0.000001 -15.931480
v 19.496698 0.999999 -15.908286
v 18.996620 -0.000001 -16.696907
v 19.077963 -0.000001 -16.511944
v 19.074810 0.999999 -16.521473
v 19.164225 0.999999 -16.230253
v 19.000179 0.999999 -17.458494
v 19.009773 -0.000001 -17.463985
v 18.956923 -0.000001 -17.016357
v 18.954838 0.999999 -17.025650
v 18.998272 0.999999 -16.693348
v 18.816332 -0.000001 -17.563486
v 18.821165 0.999999 -17.556644
v 18.877285 -0.000001 -17.477356
v 18.833017 -0.000001 -18.148340
v 18.837387 0.999999 -18.138470
v 18.854385 -0.000001 -18.064703
v 18.854385 0.999999 -18.064703
v 18.857815 -0.000001 -18.014809
v 18.857815 0.999999 -18.014809
v 18.853107 -0.000001 -17.914391
v 18.848524 0.999999 -17.873154
v 18.727640 0.999999 -18.496517
v 18.768883 -0.000001 -18.225454
v 18.771948 0.999999 -18.218542
v 18.702120 0.999999 -19.272535
v 18.586914 -0.000001 -18.855877
v 18.591444 0.999999 -18.885948
v 18.731647 -0.000001 -19.617846
v 18.735916 0.999999 -19.759035
v 18.696745 -0.000001 -19.255033
v 18.742126 0.999998 -20.978823
v 18.742329 -0.000002 -20.929090
v 18.941671 0.999998 -21.717573
v 18.944109 -0.000002 -21.704584
v 18.500555 -0.000002 -23.026627
v 18.542576 -0.000002 -22.528732
v 18.480896 0.999998 -22.805733
v 18.524946 0.999998 -23.233273
v 18.504057 -0.000002 -23.232302
v 18.472916 0.999998 -23.188185
v 18.186911 -0.000002 -22.548004
v 18.215994 0.999998 -22.602917
v 17.737076 -0.000002 -21.380600
v 17.741131 0.999998 -21.383989
v 17.254490 -0.000002 -20.481888
v 17.545538 0.999998 -21.209021
v 17.261753 0.999998 -20.484533
v 16.299536 0.999999 -18.795549
v 16.308533 -0.000001 -18.809006
v 16.350651 0.999999 -19.234669
v 16.347219 -0.000001 -19.230036
v 15.710231 -0.000001 -18.154232
v 15.718802 0.999999 -18.161900
v 15.381259 -0.000001 -17.777260
v 15.293046 0.999999 -18.007208
v 15.294560 -0.000001 -18.006035
v 15.380832 0.999999 -17.805742
v 15.366135 -0.000001 -17.337755
v 15.203922 -0.000001 -17.581924
v 15.220506 0.999999 -17.581917
v 15.365286 0.999999 -17.329521
v 15.230249 -0.000001 -17.256338
v 15.230517 0.999999 -17.263134
v 14.728770 0.999999 -17.741961
v 14.725301 -0.000001 -17.741821
v 14.706510 0.999999 -18.362482
v 14.706510 -0.000001 -18.362482
v 14.624740 -0.000001 -18.310488
v 14.618588 0.999999 -18.295238
v 14.757094 -0.000001 -18.731440
v 15.093463 0.999999 -19.209105
v 14.922741 0.999999 -19.125248
v 14.890556 -0.000001 -19.104458
v 14.752156 0.999999 -18.724613
v 15.263543 0.999999 -19.467602
v 15.231634 -0.000001 -19.442888
v 15.133604 0.999999 -19.338928
v 15.128444 -0.000001 -19.332186
v 15.102213 0.999999 -19.261267
v 15.091847 -0.000001 -19.209070
v 15.489132 0.999999 -19.532513
v 15.488679 -0.000001 -19.534500
v 15.901614 0.999998 -21.956423
v 15.633196 -0.000002 -21.452911
v 15.626376 0.999998 -21.381935
v 15.552867 0.999998 -22.269043
v 15.886163 -0.000002 -21.937687
v 15.215917 -0.000002 -22.424049
v 15.507959 -0.000002 -22.353004
v 15.518639 -0.000002 -23.080360
v 15.709932 0.999998 -23.299961
v 15.190940 0.999998 -22.426203
v 15.860455 0.999998 -23.523291
v 15.821872 -0.000002 -23.443159
v 16.572220 0.999998 -24.987314
v 16.570229 -0.000002 -24.985733
v 17.251123 -0.000002 -26.179214
v 16.851452 -0.000002 -25.358118
v 16.873165 0.999998 -25.388765
v 18.088776 0.999998 -27.296354
v 17.667664 -0.000002 -26.899216
v 17.492668 0.999998 -26.646582
v 19.205317 -0.000002 -27.941807
v 18.941719 0.999998 -27.768566
v 18.320078 -0.000002 -27.415852
v 20.194300 -0.000002 -28.458437
v 19.839270 0.999998 -28.334116
v 19.494900 0.999998 -28.146692
v 19.658335 -0.000002 -28.245977
v 20.197077 0.999998 -28.453739
v 19.650391 0.999998 -29.911251
v 19.653013 -0.000002 -29.904264
v 19.740278 -0.000002 -31.621338
v 19.660250 0.999998 -30.952177
v 19.659758 -0.000002 -30.770676
v 21.085285 0.999998 -32.677414
v 21.100801 -0.000002 -32.678493
v 20.637085 -0.000002 -32.531380
v 20.657003 0.999998 -32.537342
v 20.060856 -0.000002 -32.083118
v 20.075308 0.999998 -32.102749
v 19.732712 0.999998 -31.598646
v 22.667988 -0.000002 -31.026337
v 22.671524 0.999998 -31.026499
v 22.553556 0.999998 -31.942402
v 22.624687 -0.000002 -31.755926
v 22.235174 -0.000002 -32.310886
v 22.069160 0.999998 -32.427742
v 21.872780 -0.000002 -32.521996
v 21.687096 0.999998 -32.584351
v 21.477676 -0.000002 -32.634331
v 21.383257 0.999998 -32.649303
v 22.882013 -0.000002 -30.115856
v 22.896448 0.999998 -30.892551
v 22.903894 -0.000002 -30.846737
v 22.814335 -0.000002 -31.013000
v 22.792397 0.999998 -31.021334
v 22.634527 0.999998 -29.896151
v 22.629459 -0.000002 -29.894461
v 22.886557 0.999998 -30.126705
v 22.677114 0.999998 -28.782705
v 22.626867 0.999998 -29.464790
v 22.626995 -0.000002 -29.458178
v 23.074968 -0.000002 -28.704548
v 23.036127 0.999998 -28.729357
v 22.693283 -0.000002 -28.789804
v 23.434992 0.999998 -28.420517
v 23.447912 -0.000002 -28.415438
v 25.113821 -0.000002 -27.846674
v 24.724104 0.999998 -28.092096
v 24.641247 -0.000002 -28.124409
v 25.268799 -0.000002 -28.028601
v 25.113180 0.999998 -27.846952
v 25.560009 -0.000002 -27.793484
v 25.219688 0.999998 -28.033491
v 25.787054 0.999998 -27.751631
v 25.898254 -0.000002 -27.717781
v 26.403196 0.999998 -27.609144
v 26.819519 -0.000002 -27.279757
v 26.392286 -0.000002 -27.619911
v 26.955015 0.999998 -27.167170
v 27.254347 0.999998 -26.644699
v 27.009481 -0.000002 -27.112886
v 27.035500 -0.000002 -26.966446
v 27.248854 -0.000002 -26.648703
v 27.238211 0.999998 -26.824644
v 28.141556 -0.000002 -26.569258
v 27.613808 0.999998 -26.476908
v 27.687740 -0.000002 -26.462601
v 28.377966 -0.000002 -26.341036
v 28.153482 0.999998 -26.560871
v 28.773750 -0.000002 -26.012701
v 28.372772 0.999998 -26.345388
v 28.983253 0.999998 -25.268902
v 28.772516 0.999998 -26.039890
v 28.977615 -0.000002 -25.280462
vn 0.6599 0.7313 0.1723
vn 0.5885 -0.7313 0.3447
vn 0.2597 0.7345 0.6269
vn 0.1326 -0.9380 0.3203
vn 0.5885 -0.7313 0.3448
vn 0.8165 -0.4082 0.4083
vn 0.8165 -0.4083 0.4082
vn 0.6599 0.7313 0.1724
vn 0.3333 0.6666 0.6667
vn -0.6599 -0.7313 0.1723
vn -0.5885 0.7313 0.3447
vn -0.2275 -0.8042 0.5491
vn -0.1127 0.9557 0.2719
vn -0.5885 0.7313 0.3448
vn -0.8165 0.4082 0.4083
vn -0.8165 0.4083 0.4082
vn -0.6599 -0.7313 0.1724
vn -0.3333 -0.6666 0.6667
vn 0.8165 -0.4082 0.4082
vn 0.3333 0.6667 0.6667
vn -0.3333 -0.6667 0.6667
vn -0.8165 0.4082 0.4082
vn 0.1327 -0.9380 0.3202
vn 0.4083 -0.4082 0.8165
vn 0.8165 0.4082 0.4082
vn -0.1126 0.9557 0.2719
vn -0.4083 0.4082 0.8165
vn -0.2275 -0.8042 0.5492
vn -0.2274 -0.8042 0.5492
vn -0.8165 -0.4082 0.4082
vn -0.6666 0.6667 -0.3333
vn -0.2368 0.7630 -0.6015
vn -0.3333 -0.6667 -0.6667
vn -0.4746 -0.7625 -0.4397
vn -0.4082 0.4082 0.8165
vn -0.6667 0.6667 -0.3333
vn -0.3333 -0.6667 -0.6666
vn 0.3333 0.6667 -0.6666
vn 0.6667 -0.6667 -0.3333
vn 0.4082 -0.4082 0.8165
vn 0.3116 0.9348 -0.1706
vn 0.3334 0.6667 -0.6667
vn 0.1555 -0.9347 -0.3196
vn 0.1556 -0.9347 -0.3196
vn 0.3334 0.6666 -0.6667
vn 0.6666 -0.6667 -0.3333
vn 0.7021 0.7107 0.0438
vn 0.3116 0.9347 -0.1707
vn 0.5958 -0.8029 0.0185
vn 0.3116 0.9348 -0.1707
vn -0.7348 0.5603 -0.3822
vn -0.4746 -0.7626 -0.4396
vn -0.7348 0.5603 -0.3823
vn -0.6961 -0.5538 -0.4568
vn -0.5462 0.7029 -0.4556
vn -0.4602 -0.7983 -0.3885
vn -0.1866 -0.8833 -0.4301
vn 0.3260 0.8712 -0.3671
vn 0.3260 0.8712 -0.3670
vn 0.6587 -0.7085 -0.2531
vn 0.5846 0.7191 -0.3756
vn 0.5693 -0.5670 -0.5954
vn 0.3399 -0.7099 -0.6169
vn 0.4782 0.4430 -0.7583
vn 0.5693 -0.5670 -0.5953
vn 0.4966 -0.5643 -0.6595
vn 0.4782 0.4430 -0.7584
vn 0.6868 0.5901 -0.4244
vn 0.4967 -0.5643 -0.6594
vn 0.7954 -0.5809 -0.1730
vn 0.5973 -0.7383 -0.3134
vn 0.7549 0.6024 -0.2593
vn 0.7954 -0.5809 -0.1729
vn 0.5973 -0.7383 -0.3133
vn 0.5846 0.7501 -0.3090
vn 0.5846 0.7502 -0.3090
vn 0.8492 -0.4294 -0.3074
vn 0.5846 0.7502 -0.3091
vn 0.8492 -0.4295 -0.3074
vn 0.6543 0.7208 -0.2288
vn 0.8492 -0.4294 -0.3073
vn 0.7817 0.5843 -0.2182
vn 0.7817 0.5843 -0.2183
vn 0.8492 -0.4295 -0.3073
vn 0.5869 -0.8096 0.0124
vn 0.5915 0.8059 0.0255
vn 0.6875 -0.7178 -0.1098
vn 0.7760 0.6090 -0.1641
vn 0.7761 0.6089 -0.1641
vn 0.6875 -0.7178 -0.1099
vn 0.6829 -0.7117 -0.1647
vn 0.2862 -0.9578 -0.0252
vn 0.3146 0.9487 -0.0315
vn 0.3146 0.9487 -0.0314
vn 0.2862 -0.9578 -0.0251
vn 0.1373 -0.9887 0.0597
vn 0.1373 -0.9887 0.0596
vn 0.0031 0.9890 0.1479
vn 0.0031 0.9890 0.1478
vn -0.4073 -0.7146 0.5687
vn 0.0032 0.9890 0.1479
vn -0.4074 -0.7145 0.5688
vn -0.4693 0.5701 0.6744
vn -0.4692 0.5701 0.6744
vn -0.4073 -0.7145 0.5688
vn -0.4234 -0.5450 0.7236
vn -0.3496 -0.8395 0.4160
vn -0.2988 0.5704 0.7651
vn -0.4233 -0.5451 0.7237
vn -0.4234 -0.5450 0.7237
vn -0.4996 0.8344 0.2330
vn -0.4996 0.8343 0.2330
vn -0.3495 -0.8395 0.4160
vn -0.8305 -0.5543 0.0557
vn -0.8305 -0.5543 0.0556
vn -0.7089 0.7053 0.0034
vn -0.7089 0.7053 0.0035
vn -0.7055 -0.7064 -0.0567
vn -0.7055 -0.7064 -0.0568
vn -0.6844 0.7089 -0.1705
vn -0.6844 0.7089 -0.1704
vn -0.6367 -0.7094 -0.3023
vn -0.6366 -0.7094 -0.3023
vn -0.5565 0.7125 -0.4274
vn -0.5564 0.7125 -0.4275
vn -0.4601 -0.7983 -0.3886
vn 0.8284 0.5601 0.0084
vn 0.8273 -0.5576 0.0679
vn 0.5786 -0.8082 -0.1099
vn 0.5786 -0.8081 -0.1100
vn 0.4761 0.8620 -0.1739
vn 0.5752 -0.7846 -0.2315
vn 0.5752 -0.7846 -0.2314
vn 0.4119 0.8956 -0.1679
vn 0.6925 0.7094 0.1310
vn 0.5806 -0.8012 0.1448
vn 0.6925 0.7094 0.1311
vn 0.8273 -0.5576 0.0678
vn 0.6898 0.7109 0.1369
vn 0.7000 -0.7103 0.0742
vn 0.5806 -0.8012 0.1449
vn 0.6899 0.7109 0.1368
vn 0.5806 -0.8012 0.1447
vn 0.6289 0.7203 0.2927
vn 0.6472 -0.7151 0.2644
vn 0.6725 0.7224 0.1609
vn 0.6725 0.7224 0.1608
vn 0.6471 -0.7151 0.2644
vn 0.7000 -0.7103 0.0741
vn 0.6899 0.7109 0.1369
vn 0.6289 0.7203 0.2926
vn 0.8154 -0.5464 0.1911
vn 0.5841 0.5561 0.5913
vn 0.5452 -0.5561 0.6273
vn 0.5565 -0.7089 0.4333
vn 0.5840 0.5561 0.5913
vn 0.5566 -0.7089 0.4333
vn 0.5887 0.7091 0.3881
vn 0.5888 0.7091 0.3880
vn 0.5495 -0.8042 0.2264
vn 0.5495 -0.8042 0.2265
vn 0.5757 0.8057 0.1393
vn 0.7046 -0.7086 0.0373
vn 0.5757 0.8057 0.1394
vn 0.7046 -0.7086 0.0374
vn 0.5992 0.8005 -0.0120
vn 0.5144 -0.8575 -0.0097
vn 0.5144 -0.8575 -0.0098
vn 0.5115 0.8588 0.0281
vn 0.5115 0.8588 0.0280
vn 0.8154 -0.5464 0.1912
vn 0.4544 0.7146 0.5318
vn 0.5070 -0.6102 0.6088
vn 0.5333 0.7094 0.4609
vn 0.4127 -0.8002 0.4353
vn 0.5333 0.7094 0.4608
vn 0.4127 -0.8001 0.4353
vn 0.3770 0.8002 0.4665
vn 0.3770 0.8002 0.4664
vn 0.4126 -0.8001 0.4353
vn 0.5451 -0.5561 0.6274
vn 0.0846 -0.7291 0.6791
vn 0.5069 -0.6102 0.6088
vn 0.1129 0.4645 0.8783
vn 0.5069 -0.6102 0.6089
vn 0.0176 0.5822 0.8129
vn -0.0173 -0.7224 0.6912
vn 0.0846 -0.7292 0.6791
vn -0.8495 0.5147 0.1163
vn -0.4787 -0.8774 0.0316
vn -0.0822 -0.3141 0.9458
vn 0.0175 0.5822 0.8129
vn -0.0822 -0.3140 0.9458
vn -0.0172 -0.7224 0.6912
vn -0.8495 0.5146 0.1163
vn -0.1427 -0.9838 -0.1083
vn -0.8494 0.5147 0.1164
vn 0.0074 0.9884 0.1520
vn -0.1575 0.8856 0.4369
vn -0.3708 -0.3262 0.8695
vn 0.0074 0.9883 0.1520
vn -0.3709 -0.3261 0.8696
vn -0.7546 0.5549 -0.3503
vn -0.6721 -0.7332 -0.1035
vn -0.9298 0.3276 0.1677
vn -0.9298 0.3276 0.1676
vn -0.3708 -0.3262 0.8696
vn -0.1574 0.8856 0.4369
vn -0.6721 -0.7332 -0.1036
vn -0.3709 -0.3262 0.8695
vn -0.4398 0.8981 -0.0046
vn -0.1925 -0.9813 -0.0010
vn -0.6941 -0.2539 -0.6736
vn -0.4399 0.8981 -0.0046
vn -0.3727 0.8422 -0.3897
vn -0.3727 0.8422 -0.3896
vn -0.6942 -0.2539 -0.6736
vn 0.0305 -0.7650 0.6433
vn 0.0304 -0.7650 0.6433
vn 0.0185 0.9218 0.3873
vn 0.4755 0.7425 0.4718
vn 0.6033 -0.7427 0.2904
vn 0.4176 -0.5555 0.7190
vn 0.4501 0.5555 0.6991
vn 0.0184 0.9218 0.3873
vn 0.4502 0.5555 0.6991
vn 0.5128 -0.7342 0.4450
vn 0.7528 0.5815 0.3083
vn 0.3138 0.7149 0.6248
vn 0.6034 -0.7427 0.2904
vn 0.4755 0.7425 0.4719
vn 0.7529 0.5815 0.3083
vn 0.7529 0.5815 0.3084
vn 0.5127 -0.7342 0.4450
vn 0.3462 0.7480 0.5662
vn 0.6375 -0.6014 0.4816
vn 0.2160 -0.7107 0.6696
vn 0.3463 0.7480 0.5662
vn 0.2159 -0.7107 0.6696
vn 0.3138 0.7150 0.6248
vn 0.3139 0.7149 0.6248
vn 0.5128 -0.7342 0.4451
vn 0.8141 0.5730 0.0947
vn 0.5834 -0.8109 -0.0465
vn 0.6375 -0.6014 0.4817
vn 0.3463 0.7479 0.5663
vn 0.6918 0.7197 -0.0584
vn 0.5834 -0.8108 -0.0466
vn 0.5940 0.7438 0.3065
vn 0.7834 -0.4838 0.3901
vn 0.5737 0.5582 0.5994
vn 0.5738 0.5582 0.5993
vn 0.5646 -0.7139 0.4143
vn 0.5738 0.5582 0.5994
vn 0.5645 -0.7139 0.4144
vn 0.6356 0.7107 0.3016
vn 0.8096 -0.5731 0.1269
vn 0.6918 0.7198 -0.0584
vn 0.6129 0.7177 0.3307
vn 0.4580 -0.8083 0.3699
vn 0.6852 -0.7108 0.1590
vn 0.6129 0.7176 0.3307
vn 0.6851 -0.7108 0.1590
vn 0.6985 0.7105 0.0852
vn 0.6985 0.7105 0.0851
vn 0.5758 0.7482 0.3295
vn 0.7844 -0.6014 0.1520
vn 0.6128 0.7177 0.3307
vn 0.6578 0.7432 0.1220
vn 0.5654 -0.7425 0.3591
vn 0.7844 -0.6013 0.1519
vn 0.6578 0.7432 0.1221
vn 0.7844 -0.6013 0.1520
vn 0.7848 0.4813 0.3905
vn 0.5993 -0.7444 0.2944
vn 0.7847 0.4813 0.3905
vn 0.6695 0.7163 0.1969
vn 0.6208 -0.7159 0.3194
vn 0.8278 -0.5558 0.0765
vn 0.5993 -0.7444 0.2945
vn 0.3497 0.6454 0.6791
vn 0.5299 -0.7858 0.3190
vn 0.0790 -0.5558 0.8276
vn 0.3497 0.6454 0.6792
vn 0.0791 -0.5558 0.8275
vn 0.1237 0.5557 0.8221
vn 0.1915 -0.7091 0.6786
vn 0.2477 0.7094 0.6599
vn 0.2476 0.7094 0.6599
vn 0.4609 -0.5644 0.6848
vn 0.4609 -0.5644 0.6849
vn 0.5791 0.5663 0.5865
vn 0.6694 0.7163 0.1968
vn 0.5699 0.8070 0.1547
vn 0.6345 -0.7157 0.2918
vn 0.5299 -0.7858 0.3189
vn 0.5699 0.8071 0.1546
vn 0.3497 0.6453 0.6792
vn 0.6442 0.7138 0.2747
vn 0.4047 -0.8976 0.1746
vn 0.6345 -0.7156 0.2919
vn 0.6442 0.7138 0.2748
vn 0.6346 -0.7157 0.2918
vn 0.5699 0.8070 0.1546
vn 0.8487 -0.4488 0.2799
vn 0.4047 -0.8977 0.1745
vn 0.4321 0.7334 0.5247
vn 0.5334 -0.4820 0.6951
vn 0.6309 0.7072 0.3191
vn 0.3980 -0.8948 0.2025
vn 0.3979 -0.8948 0.2025
vn 0.8486 -0.4488 0.2799
vn 0.6309 0.7072 0.3190
vn 0.6701 0.7090 0.2196
vn 0.3645 0.7180 0.5930
vn 0.5160 -0.8055 0.2913
vn 0.4321 0.7335 0.5248
vn 0.6968 0.7119 -0.0882
vn 0.8293 -0.5545 -0.0694
vn 0.7168 0.6962 0.0374
vn 0.8292 -0.5546 -0.0695
vn 0.5161 -0.8055 0.2913
vn 0.7168 0.6963 0.0373
vn 0.3646 0.7180 0.5930
vn 0.4378 0.8364 -0.3298
vn 0.3901 -0.7446 -0.5417
vn 0.5838 -0.8017 -0.1286
vn 0.5838 -0.8017 -0.1285
vn 0.6968 0.7118 -0.0881
vn 0.8293 -0.5545 -0.0695
vn 0.1377 -0.9106 -0.3896
vn 0.5233 -0.6147 -0.5902
vn 0.2954 0.8784 -0.3758
vn 0.2989 0.8991 -0.3199
vn 0.3173 0.5579 -0.7668
vn 0.3901 -0.7445 -0.5417
vn 0.3173 0.5579 -0.7669
vn -0.1568 -0.9584 -0.2383
vn 0.2624 -0.3201 -0.9103
vn -0.0096 0.9587 -0.2844
vn -0.0096 0.9587 -0.2843
vn 0.1519 0.3190 -0.9355
vn 0.1377 -0.9106 -0.3897
vn 0.1518 0.3190 -0.9355
vn -0.1230 0.7148 -0.6885
vn 0.1898 -0.6137 -0.7664
vn -0.3532 -0.7331 -0.5812
vn -0.1229 0.7148 -0.6885
vn -0.5012 0.7220 -0.4770
vn -0.5013 0.7220 -0.4769
vn -0.3533 -0.7331 -0.5812
vn -0.1568 -0.9584 -0.2384
vn 0.9065 0.4196 0.0482
vn 0.2775 -0.7173 -0.6391
vn 0.5181 0.5954 -0.6140
vn 0.2775 -0.7172 -0.6392
vn 0.5182 0.5954 -0.6140
vn 0.3122 0.1357 -0.9403
vn 0.8984 -0.4374 0.0407
vn 0.3122 0.1356 -0.9403
vn 0.9065 0.4195 0.0482
vn 0.8076 -0.5554 0.1982
vn 0.8983 -0.4375 0.0408
vn 0.9064 0.4196 0.0482
vn 0.7060 0.7067 0.0458
vn 0.5137 -0.8579 0.0138
vn 0.7060 0.7067 0.0459
vn 0.4266 0.8988 -0.1008
vn 0.3548 -0.9313 -0.0823
vn 0.5137 -0.8579 0.0137
vn 0.4267 0.8988 -0.1007
vn 0.2916 0.8705 -0.3965
vn 0.2852 -0.9279 -0.2402
vn 0.3548 -0.9313 -0.0824
vn 0.4525 -0.8882 0.0800
vn 0.7050 -0.4639 -0.5364
vn 0.9177 0.3972 -0.0058
vn 0.9177 0.3972 -0.0059
vn 0.5903 0.8047 -0.0635
vn 0.2917 0.8705 -0.3965
vn 0.7050 -0.4640 -0.5364
vn 0.9300 -0.3217 -0.1779
vn 0.4525 -0.8882 0.0799
vn 0.5903 0.8047 -0.0636
vn 0.5429 0.6911 -0.4770
vn 0.3554 -0.8849 -0.3011
vn 0.5430 0.6911 -0.4770
vn 0.5903 0.8047 -0.0634
vn 0.5429 0.6911 -0.4771
vn 0.4571 -0.6398 -0.6179
vn 0.4571 -0.6397 -0.6179
vn 0.3824 0.7388 -0.5549
vn 0.4329 -0.7829 0.4469
vn 0.9390 -0.3269 -0.1071
vn 0.5200 0.7026 0.4858
vn 0.8903 0.3218 -0.3221
vn 0.4185 -0.7707 0.4806
vn 0.3168 0.8766 0.3623
vn 0.5200 0.7025 0.4858
vn 0.4184 -0.7707 0.4806
vn 0.2056 0.7249 0.6575
vn -0.0052 -0.5695 0.8220
vn 0.4522 -0.5627 0.6920
vn 0.4522 -0.5627 0.6921
vn 0.6850 0.4556 0.5684
vn 0.5514 -0.7114 0.4357
vn 0.6851 0.4556 0.5684
vn 0.5513 -0.7114 0.4357
vn 0.6399 -0.7094 0.2954
vn 0.6637 0.7098 0.2361
vn 0.6399 -0.7095 0.2954
vn -0.7529 0.4584 0.4723
vn -0.5994 -0.7106 0.3685
vn -0.4230 -0.7204 0.5497
vn -0.4231 -0.7204 0.5496
vn -0.3075 0.5786 0.7554
vn -0.3076 0.5786 0.7554
vn 0.2055 0.7249 0.6575
vn -0.7922 0.5560 0.2516
vn -0.7847 -0.5519 0.2823
vn -0.7529 0.4584 0.4722
vn -0.7098 0.5592 0.4283
vn -0.6533 -0.5598 0.5097
vn -0.4762 0.8086 0.3457
vn -0.4572 -0.8638 0.2118
vn -0.4762 0.8086 0.3456
vn -0.3906 0.7333 0.5565
vn -0.5381 -0.7315 0.4187
vn -0.7098 0.5593 0.4283
vn -0.5381 -0.7315 0.4188
vn -0.2762 -0.9434 0.1836
vn -0.6021 -0.3514 0.7170
vn -0.8351 0.3632 0.4131
vn -0.0756 0.9581 0.2761
vn 0.0689 0.3234 0.9438
vn -0.0684 -0.3214 0.9445
vn 0.1811 -0.5548 0.8121
vn 0.1812 -0.5548 0.8120
vn -0.0756 0.9581 0.2762
vn -0.2762 -0.9434 0.1835
vn 0.1271 0.8839 0.4500
vn 0.3279 -0.9210 0.2103
vn 0.1272 0.8839 0.4500
vn 0.8283 0.5551 0.0757
vn 0.5963 -0.7998 0.0695
vn 0.7951 0.6000 0.0882
vn 0.7026 -0.7074 0.0774
vn 0.3278 -0.9210 0.2103
vn 0.3278 -0.9210 0.2102
vn 0.9347 0.3309 0.1297
vn 0.7024 -0.7114 -0.0213
vn 0.3133 0.9494 -0.0216
vn 0.3133 0.9494 -0.0215
vn 0.7024 -0.7114 -0.0212
vn 0.8283 0.5551 0.0758
vn 0.8020 -0.5654 0.1927
vn 0.5561 0.8193 0.1395
vn 0.8320 0.5520 0.0557
vn 0.7135 -0.6991 0.0458
vn 0.8020 -0.5654 0.1928
vn 0.5561 0.8193 0.1396
vn 0.6106 -0.7891 -0.0677
vn 0.7135 -0.6991 0.0457
vn 0.8320 0.5519 0.0557
vn 0.9662 0.2479 -0.0710
vn 0.8749 -0.4695 -0.1188
vn 0.6105 -0.7891 -0.0677
vn 0.4361 0.8982 -0.0548
vn 0.8144 -0.5552 0.1689
vn 0.8749 -0.4695 -0.1187
vn 0.8143 -0.5553 0.1689
vn 0.5824 0.8106 0.0613
vn 0.8144 -0.5553 0.1688
vn 0.5823 0.8106 0.0614
vn 0.5848 -0.8084 -0.0669
vn 0.6891 -0.7111 -0.1393
vn 0.5849 -0.8084 -0.0669
vn 0.9588 0.2438 -0.1462
vn 0.5848 -0.8084 -0.0670
vn 0.7021 0.7107 0.0437
vn 0.9482 -0.3141 0.0485
vn 0.9482 -0.3140 0.0486
vn 0.6891 -0.7111 -0.1392
vn -0.3843 0.9059 -0.1777
vn -0.4161 -0.9066 -0.0701
vn -0.6961 -0.5539 -0.4568
vn -0.3843 0.9060 -0.1777
vn -0.9157 -0.3241 -0.2378
vn -0.4161 -0.9066 -0.0700
vn -0.9463 0.3166 -0.0656
vn -0.6019 0.7905 -0.1131
vn -0.4263 -0.8999 -0.0916
vn -0.6020 0.7905 -0.1131
vn -0.9463 0.3166 -0.0657
vn -0.6020 0.7905 -0.1130
vn -0.4746 -0.8699 0.1340
vn -0.4263 -0.9000 -0.0916
vn -0.4746 -0.8699 0.1339
vn -0.4797 0.8201 0.3119
vn -0.8391 -0.3693 0.3995
vn -0.7757 -0.6264 -0.0772
vn -0.9268 0.3749 -0.0236
vn -0.8390 -0.3693 0.3995
vn -0.5265 0.8483 -0.0562
vn -0.8250 0.5498 0.1308
vn -0.7016 -0.7099 0.0610
vn -0.7009 0.7123 0.0375
vn -0.5899 -0.8013 0.0997
vn -0.6924 0.7074 0.1420
vn -0.6924 0.7074 0.1419
vn -0.8232 -0.5512 0.1360
vn -0.6924 0.7075 0.1419
vn -0.8232 -0.5513 0.1360
vn -0.5956 0.8016 0.0513
vn -0.5957 0.8016 0.0512
vn -0.8232 -0.5512 0.1361
vn -0.7016 -0.7099 0.0609
vn -0.5957 0.8016 0.0513
vn -0.8264 0.5625 -0.0266
vn -0.7053 -0.7077 -0.0413
vn -0.7009 0.7123 0.0376
vn -0.7842 0.6095 0.1169
vn -0.8897 -0.4514 0.0689
vn -0.5820 -0.8084 0.0883
vn -0.8264 0.5625 -0.0267
vn -0.5746 -0.8152 0.0723
vn -0.8897 -0.4514 0.0688
vn -0.7841 0.6095 0.1169
vn -0.6766 0.6991 0.2313
vn -0.5747 -0.8152 0.0723
vn -0.6766 0.6990 0.2313
vn -0.6630 -0.5823 0.4704
vn -0.6227 0.5891 0.5149
vn -0.6228 0.5891 0.5149
vn -0.6907 -0.5725 0.4418
vn -0.6727 -0.7143 0.1930
vn -0.6561 0.7351 0.1709
vn -0.6561 0.7351 0.1710
vn -0.6907 -0.5725 0.4417
vn -0.6499 0.5846 0.4858
vn -0.6727 -0.7143 0.1929
vn -0.3427 0.9282 0.1452
vn -0.7163 -0.6614 0.2224
vn -0.6499 0.5845 0.4858
vn -0.6499 0.5845 0.4857
vn -0.8154 0.5785 -0.0211
vn -0.6727 -0.7278 0.1334
vn -0.3427 0.9282 0.1451
vn -0.8154 0.5785 -0.0212
vn -0.6719 0.7259 0.1468
vn -0.5830 -0.8121 0.0243
vn -0.7028 0.7095 -0.0514
vn -0.7028 0.7095 -0.0515
vn -0.5830 -0.8121 0.0244
vn -0.8153 -0.5689 0.1076
vn -0.8153 -0.5689 0.1075
vn -0.6681 0.7131 0.2125
vn -0.6681 0.7131 0.2124
vn -0.8153 -0.5690 0.1076
vn -0.5852 0.8093 0.0515
vn -0.5666 -0.8057 0.1727
vn -0.6720 0.7259 0.1468
vn -0.6969 0.7154 -0.0511
vn -0.8947 -0.4454 -0.0344
vn -0.5852 0.8093 0.0516
vn -0.5666 -0.8057 0.1728
vn -0.7850 0.5755 0.2292
vn -0.5556 -0.8100 0.1874
vn -0.5766 0.8105 0.1026
vn -0.5767 0.8105 0.1026
vn -0.5767 0.8105 0.1025
vn -0.7278 0.6585 0.1914
vn -0.4758 -0.8736 0.1026
vn -0.8139 -0.5808 -0.0185
vn -0.7278 0.6585 0.1913
vn -0.8139 -0.5807 -0.0184
vn -0.7850 0.5755 0.2291
vn -0.8138 -0.5808 -0.0184
vn -0.6333 0.7438 0.2138
vn -0.7273 -0.6390 0.2504
vn -0.7274 -0.6389 0.2504
vn -0.5539 0.8008 0.2280
vn -0.4645 -0.8580 0.2194
vn -0.6722 0.7161 0.1882
vn -0.4644 -0.8580 0.2194
vn -0.4226 -0.8986 0.1177
vn -0.4227 -0.8986 0.1176
vn -0.5988 -0.8009 -0.0029
vn -0.6721 0.7161 0.1882
vn -0.5124 0.8581 -0.0320
vn -0.5125 0.8581 -0.0319
vn -0.5988 -0.8009 -0.0030
vn -0.4921 0.8334 0.2517
vn -0.6198 -0.7117 0.3306
vn -0.5540 0.8007 0.2279
vn -0.5539 0.8008 0.2279
vn -0.4955 0.7260 0.4769
vn -0.5959 -0.7260 0.3433
vn -0.5223 -0.5578 0.6450
vn -0.5072 0.7122 0.4852
vn -0.5072 0.7123 0.4852
vn -0.6198 -0.7118 0.3306
vn -0.4921 0.8333 0.2518
vn -0.5299 0.8348 0.1492
vn -0.6777 -0.7107 0.1888
vn -0.5846 0.7815 0.2181
vn -0.5846 0.7815 0.2182
vn -0.4187 -0.8947 0.1556
vn -0.5846 0.7814 0.2181
vn -0.4954 0.7260 0.4770
vn -0.4099 0.7877 0.4598
vn -0.4545 -0.8747 0.1684
vn -0.7056 0.7086 0.0056
vn -0.7056 0.7086 0.0057
vn -0.7038 -0.7104 0.0021
vn -0.7038 -0.7104 0.0022
vn -0.3415 -0.7246 0.5986
vn -0.4544 -0.8747 0.1684
vn -0.4099 0.7878 0.4598
vn -0.5975 0.8003 -0.0512
vn -0.6809 -0.7264 0.0939
vn -0.4728 0.8348 0.2821
vn -0.4100 0.7877 0.4598
vn -0.4728 0.8348 0.2820
vn -0.3415 -0.7246 0.5987
vn -0.6808 -0.7264 0.0939
vn -0.6062 0.7179 0.3424
vn -0.7068 -0.5636 0.4276
vn -0.7655 0.5631 0.3112
vn -0.7656 0.5631 0.3112
vn -0.6945 -0.7080 0.1277
vn -0.7655 0.5631 0.3113
vn -0.7010 0.7081 0.0853
vn -0.7010 0.7081 0.0854
vn -0.5137 -0.8578 0.0155
vn -0.5139 0.8578 -0.0075
vn -0.5139 0.8578 -0.0076
vn -0.5981 -0.8002 -0.0433
vn -0.5981 -0.8002 -0.0432
vn -0.5975 0.8003 -0.0511
vn -0.6808 -0.7264 0.0940
vn -0.7972 0.5657 0.2108
vn -0.7917 -0.6107 0.0138
vn -0.6527 -0.7123 0.2581
vn -0.6061 0.7179 0.3424
vn -0.6527 -0.7123 0.2580
vn -0.6948 0.7083 -0.1251
vn -0.4389 -0.8949 -0.0809
vn -0.7918 -0.6107 0.0138
vn -0.6948 0.7083 -0.1252
vn -0.5347 0.8449 0.0154
vn -0.5054 0.8583 -0.0892
vn -0.5940 -0.8027 -0.0530
vn -0.4471 0.8944 -0.0123
vn -0.4470 0.8944 -0.0122
vn -0.3931 -0.9192 -0.0228
vn -0.3931 -0.9192 -0.0227
vn -0.7948 0.5849 0.1617
vn -0.8146 -0.5796 -0.0215
vn -0.5054 0.8583 -0.0891
vn -0.8146 -0.5796 -0.0214
vn -0.5940 -0.8027 -0.0531
vn -0.7948 0.5849 0.1618
vn -0.6699 -0.7101 0.2169
vn 0.4019 -0.8114 0.4243
vn -0.5973 -0.8020 -0.0071
vn -0.3132 0.9379 0.1488
vn -0.3132 0.9380 0.1487
vn -0.5974 -0.8019 -0.0071
vn -0.6916 0.7168 0.0882
vn -0.6916 0.7168 0.0881
vn -0.5974 -0.8019 -0.0070
vn -0.6698 -0.7101 0.2169
vn -0.6917 0.7168 0.0881
vn 0.4019 -0.8114 0.4244
vn 0.5624 0.7154 0.4145
vn 0.8251 0.4469 0.3457
vn 0.6491 -0.7092 0.2751
vn 0.4018 -0.8114 0.4245
vn -0.3132 0.9380 0.1488
vn 0.5624 0.7154 0.4146
vn 0.5734 0.7164 0.3975
vn 0.6970 -0.5975 0.3964
vn 0.6970 -0.5976 0.3964
vn 0.5815 0.7238 0.3714
vn 0.7762 -0.4356 0.4557
vn 0.6970 -0.5975 0.3965
vn 0.5815 0.7238 0.3715
vn 0.6969 -0.5976 0.3965
vn 0.5733 0.7164 0.3976
vn 0.6190 0.7082 0.3395
vn 0.7762 -0.4356 0.4558
vn 0.6486 0.7193 0.2487
vn 0.4064 -0.9009 0.1526
vn 0.6190 0.7082 0.3394
vn 0.6260 0.7254 0.2862
vn 0.8071 -0.4657 0.3628
vn 0.8071 -0.4658 0.3628
vn 0.4063 -0.9009 0.1527
vn 0.3667 0.8074 0.4622
vn 0.2860 -0.8071 0.5164
vn 0.6260 0.7253 0.2862
vn 0.2979 -0.9543 0.0256
vn 0.2859 -0.8072 0.5165
vn 0.2172 0.9550 0.2020
vn 0.2859 -0.8071 0.5165
vn 0.9336 0.3532 -0.0601
vn 0.8791 -0.3550 0.3180
vn 0.2979 -0.9542 0.0256
vn 0.6309 0.7748 0.0394
vn 0.3638 -0.9311 0.0274
vn 0.8791 -0.3551 0.3180
vn 0.6309 0.7749 0.0395
vn 0.7498 0.4130 0.5170
vn -0.1127 -0.5254 0.8433
vn 0.9061 -0.4156 -0.0790
vn 0.6309 0.7749 0.0394
vn 0.3638 -0.9311 0.0275
vn -0.0957 0.7751 0.6245
vn -0.1128 -0.5254 0.8434
vn -0.0958 0.7751 0.6245
vn -0.6062 0.7244 0.3283
vn -0.1127 -0.5254 0.8434
vn -0.6061 0.7244 0.3283
vn -0.3792 -0.9029 0.2023
vn -0.5223 0.7357 -0.4312
vn -0.6185 -0.7375 -0.2712
vn -0.8876 -0.2847 -0.3622
vn -0.8876 -0.2847 -0.3621
vn -0.3793 -0.9029 0.2023
vn -0.6062 0.7244 0.3282
vn -0.8876 -0.2846 -0.3622
vn -0.8063 0.5074 -0.3041
vn -0.5224 0.7357 -0.4312
vn -0.8635 0.4527 -0.2222
vn -0.6839 -0.7101 -0.1673
vn -0.6185 -0.7375 -0.2713
vn -0.4953 -0.8239 -0.2753
vn -0.6533 -0.4692 -0.5942
vn -0.3319 0.8788 -0.3429
vn -0.4942 0.7325 -0.4682
vn -0.4799 0.8454 -0.2345
vn -0.3386 -0.8438 -0.4163
vn -0.4178 0.6110 -0.6724
vn -0.3387 -0.8438 -0.4162
vn -0.2981 -0.8398 -0.4537
vn -0.4177 0.6111 -0.6724
vn -0.2982 -0.8398 -0.4536
vn -0.8242 -0.2475 -0.5093
vn -0.4178 0.6111 -0.6724
vn -0.5823 0.7146 -0.3876
vn -0.5824 0.7146 -0.3875
vn -0.9115 0.3171 -0.2619
vn -0.9115 0.3170 -0.2619
vn -0.4953 -0.8239 -0.2754
vn -0.3320 0.8787 -0.3429
vn -0.6733 0.7173 -0.1794
vn -0.8614 -0.4489 -0.2377
vn -0.4798 0.8454 -0.2346
vn -0.4798 0.8454 -0.2345
vn -0.3387 -0.8438 -0.4163
vn -0.4369 0.8991 -0.0266
vn -0.3534 -0.9238 0.1472
vn -0.4369 0.8991 -0.0267
vn -0.4709 0.4436 0.7625
vn -0.3440 -0.7389 0.5794
vn -0.4710 0.4436 0.7625
vn -0.3534 -0.9238 0.1471
vn -0.4369 0.8991 -0.0268
vn -0.6432 -0.4599 0.6123
vn -0.6432 -0.4598 0.6123
vn -0.9045 0.4265 -0.0048
vn -0.3278 -0.9200 -0.2148
vn -0.6026 -0.7053 -0.3734
vn -0.2577 0.9494 -0.1795
vn -0.6214 0.7065 -0.3387
vn -0.7625 0.4495 -0.4653
vn -0.8276 -0.2435 -0.5058
vn -0.6214 0.7065 -0.3388
vn -0.3277 -0.9200 -0.2149
vn -0.7082 -0.3293 -0.6245
vn -0.7375 -0.5566 -0.3824
vn -0.7935 0.3262 -0.5138
vn -0.5300 0.7832 -0.3251
vn -0.3156 -0.9290 -0.1934
vn -0.3156 -0.9290 -0.1935
vn -0.5151 0.5553 -0.6529
vn -0.3785 -0.7132 -0.5900
vn -0.7935 0.3261 -0.5138
vn -0.4444 0.5541 -0.7039
vn -0.3265 -0.8001 -0.5032
vn -0.3119 0.8003 -0.5121
vn -0.3266 -0.8001 -0.5031
vn -0.1375 0.9883 -0.0655
vn -0.3014 -0.9434 -0.1385
vn -0.3689 0.3168 -0.8738
vn -0.4449 -0.3216 -0.8359
vn -0.4448 -0.3216 -0.8359
vn -0.7832 0.6061 0.1384
vn -0.5395 -0.8366 0.0955
vn -0.3014 -0.9434 -0.1386
vn -0.1376 0.9883 -0.0656
vn -0.8902 -0.4528 -0.0498
vn -0.5395 -0.8365 0.0955
vn -0.7832 0.6061 0.1385
vn -0.9145 0.3187 -0.2493
vn -0.8582 -0.3240 -0.3981
vn -0.8902 -0.4528 -0.0497
vn -0.7090 0.7039 -0.0430
vn -0.1459 0.5616 -0.8144
vn -0.0259 -0.5630 -0.8261
vn -0.3684 -0.6059 -0.7051
vn -0.3685 -0.6059 -0.7051
vn -0.2528 0.8361 -0.4869
vn -0.5763 0.6059 -0.5485
vn -0.5763 0.6058 -0.5484
vn -0.3989 -0.8355 -0.3779
vn -0.3990 -0.8355 -0.3779
vn -0.5763 0.6058 -0.5485
vn 0.2046 -0.9057 -0.3713
vn 0.9122 -0.3269 -0.2472
vn 0.3651 0.9063 -0.2131
vn 0.8216 0.3373 -0.4596
vn 0.8215 0.3373 -0.4597
vn 0.9122 -0.3268 -0.2472
vn 0.4794 -0.7165 -0.5067
vn 0.3754 0.7155 -0.5891
vn 0.3754 0.7155 -0.5892
vn 0.3211 -0.5594 -0.7642
vn 0.3211 -0.5594 -0.7641
vn 0.2031 0.7091 -0.6752
vn 0.1197 -0.8012 -0.5863
vn 0.0989 0.7080 -0.6992
vn 0.1198 -0.8012 -0.5863
vn 0.0989 0.7080 -0.6993
vn -0.0258 -0.5630 -0.8261
vn 0.7787 0.5848 0.2273
vn 0.6805 -0.5836 0.4431
vn 0.8137 -0.5683 -0.1219
vn 0.7786 0.5849 0.2273
vn 0.8137 -0.5683 -0.1218
vn 0.7588 0.5723 -0.3111
vn 0.6005 -0.3467 -0.7205
vn 0.6005 -0.3467 -0.7206
vn 0.3085 0.3404 -0.8882
vn 0.3085 0.3403 -0.8882
vn 0.2046 -0.9057 -0.3714
vn 0.3086 0.3403 -0.8882
vn 0.2047 -0.9057 -0.3713
vn 0.3651 0.9062 -0.2131
vn 0.4794 0.8211 0.3097
vn 0.4647 -0.8750 0.1355
vn 0.6805 -0.5836 0.4432
vn 0.4794 0.8212 0.3096
vn 0.4547 0.8558 -0.2468
vn 0.2898 -0.8501 -0.4397
vn 0.7076 -0.7055 -0.0394
vn 0.4547 0.8557 -0.2469
vn 0.6001 0.7998 -0.0100
vn 0.6001 0.7999 -0.0100
vn 0.4647 -0.8750 0.1354
vn 0.3163 0.3230 -0.8920
vn 0.4649 -0.3246 -0.8237
vn 0.4548 0.8557 -0.2468
vn 0.2344 -0.7110 -0.6630
vn 0.2373 -0.8375 -0.4922
vn 0.3046 0.7162 -0.6279
vn 0.4648 -0.3246 -0.8237
vn -0.1015 0.9081 -0.4063
vn -0.1396 -0.7238 -0.6757
vn 0.3595 0.5579 -0.7480
vn -0.1396 -0.7239 -0.6757
vn 0.2343 -0.7110 -0.6631
vn 0.2343 -0.7110 -0.6630
vn 0.1189 -0.4361 -0.8920
vn -0.1396 -0.7239 -0.6756
vn -0.4640 0.3825 -0.7990
vn 0.1188 -0.4360 -0.8921
vn 0.3105 0.5934 -0.7426
vn 0.1189 -0.4360 -0.8920
vn 0.3105 0.5933 -0.7427
vn 0.2295 -0.8489 -0.4762
vn 0.1767 -0.5563 -0.8119
vn 0.3808 0.4579 -0.8033
vn 0.2938 -0.7154 -0.6339
vn 0.1768 -0.5563 -0.8119
vn 0.4624 0.6708 -0.5798
vn 0.5743 -0.5667 -0.5908
vn 0.2663 -0.8690 -0.4170
vn 0.4624 0.6709 -0.5798
vn 0.8516 -0.1801 -0.4924
vn 0.2663 -0.8691 -0.4169
vn 0.6618 0.5936 -0.4578
vn 0.8516 -0.1800 -0.4923
vn 0.4623 0.6708 -0.5798
vn 0.8516 -0.1801 -0.4923
vn 0.6618 0.5936 -0.4579
vn 0.8314 0.0905 -0.5483
vn 0.6325 -0.4983 -0.5929
vn 0.1339 0.8099 -0.5711
vn 0.6325 -0.4984 -0.5929
vn 0.2756 0.2676 -0.9233
vn 0.2310 -0.4917 -0.8396
vn 0.0016 -0.8113 -0.5846
vn 0.1338 0.8099 -0.5711
vn 0.3630 0.8326 -0.4184
vn 0.5272 -0.6034 -0.5983
vn 0.2755 0.2676 -0.9233
vn 0.2310 -0.4916 -0.8396
vn 0.8085 0.2474 -0.5340
vn 0.7392 -0.4736 -0.4789
vn 0.5273 -0.6034 -0.5983
vn 0.3630 0.8325 -0.4184
vn 0.8085 0.2474 -0.5339
vn 0.5751 -0.7846 -0.2315
vn -0.5462 0.7029 -0.4557
vn 0.5115 0.8589 0.0281
vn 0.5115 0.8589 0.0280
vn -0.6948 0.7083 -0.1250
vn 0.5846 0.7191 -0.3757
vn 0.4781 0.4430 -0.7584
vn 0.6543 0.7208 -0.2287
vn 0.7816 0.5843 -0.2183
vn 0.5915 0.8059 0.0256
vn -0.6916 0.7169 0.0882
vn 0.7761 0.6089 -0.1640
vn 0.8251 0.4469 0.3456
vn -0.7625 0.4495 -0.4654
vn 0.3047 0.7162 -0.6279
vn 0.4547 0.8557 -0.2468
vn -0.1376 0.9883 -0.0655
vn 0.4119 0.8956 -0.1678
vn 0.0032 0.9890 0.1478
vn 0.4761 0.8621 -0.1739
vn 0.4761 0.8621 -0.1738
vn 0.6288 0.7203 0.2927
vn 0.3630 0.8325 -0.4185
vn -0.1016 0.9081 -0.4063
vn 0.3104 0.5934 -0.7427
vn 0.0988 0.7080 -0.6993
vn 0.6001 0.7999 -0.0101
vn 0.4794 0.8211 0.3096
vn 0.7787 0.5848 0.2272
vn 0.7588 0.5723 -0.3110
vn 0.7587 0.5723 -0.3111
vn -0.5763 0.6059 -0.5484
vn -0.2527 0.8361 -0.4869
vn -0.5764 0.6059 -0.5484
vn -0.3120 0.8003 -0.5121
vn -0.5150 0.5553 -0.6530
vn 0.6487 0.7193 0.2487
vn 0.6486 0.7193 0.2488
vn -0.6733 0.7173 -0.1793
vn -0.4799 0.8454 -0.2346
vn 0.6261 0.7253 0.2863
vn -0.3320 0.8787 -0.3430
vn -0.9115 0.3171 -0.2618
vn 0.2173 0.9550 0.2020
vn -0.8636 0.4527 -0.2222
vn -0.5224 0.7357 -0.4311
vn 0.6309 0.7748 0.0395
vn -0.0958 0.7751 0.6246
vn 0.5992 0.8005 -0.0121
vn -0.6061 0.7179 0.3425
vn 0.5758 0.8057 0.1393
vn 0.5887 0.7091 0.3880
vn 0.3769 0.8002 0.4665
vn -0.5974 0.8003 -0.0512
vn 0.4501 0.5555 0.6992
vn 0.4754 0.7425 0.4719
vn -0.4729 0.8348 0.2821
vn -0.4729 0.8348 0.2820
vn 0.7528 0.5815 0.3084
vn 0.3463 0.7479 0.5662
vn -0.7056 0.7086 0.0055
vn 0.6918 0.7198 -0.0583
vn 0.6356 0.7107 0.3015
vn -0.5846 0.7814 0.2182
vn 0.5939 0.7438 0.3065
vn 0.6985 0.7105 0.0853
vn 0.6128 0.7177 0.3308
vn 0.5759 0.7482 0.3295
vn 0.5759 0.7482 0.3294
vn -0.4921 0.8333 0.2517
vn 0.6579 0.7432 0.1221
vn 0.6579 0.7432 0.1220
vn 0.7848 0.4813 0.3904
vn 0.6695 0.7163 0.1968
vn 0.5791 0.5663 0.5864
vn -0.5125 0.8581 -0.0320
vn 0.1236 0.5557 0.8221
vn -0.6332 0.7438 0.2138
vn -0.6333 0.7438 0.2137
vn -0.5851 0.8093 0.0515
vn -0.5851 0.8093 0.0516
vn 0.4321 0.7335 0.5247
vn 0.4320 0.7335 0.5248
vn 0.7168 0.6963 0.0374
vn 0.6968 0.7119 -0.0881
vn 0.4377 0.8364 -0.3298
vn -0.3428 0.9281 0.1451
vn -0.3427 0.9281 0.1452
vn 0.3172 0.5579 -0.7669
vn -0.6561 0.7350 0.1710
vn -0.7841 0.6095 0.1168
vn 0.3134 0.9494 -0.0215
vn 0.3134 0.9494 -0.0216
vn -0.9268 0.3748 -0.0236
vn 0.8320 0.5520 0.0556
vn 0.4361 0.8982 -0.0547
vn 0.5824 0.8106 0.0614
vn 0.2597 0.7345 0.6270
vn 0.3334 0.6667 -0.6666
vn 0.3333 0.6667 -0.6667
vn 0.9587 0.2438 -0.1462
vn 0.4266 0.8988 -0.1007
vn -0.5013 0.7220 -0.4770
vn 0.6637 0.7098 0.2360
vn 0.8904 0.3218 -0.3220
vn 0.0074 0.9883 0.1521
vn -0.3726 0.8422 -0.3897
vn 0.4544 0.7146 0.5319
vn -0.4388 -0.8949 -0.0809
vn 0.6471 -0.7150 0.2644
vn 0.6472 -0.7150 0.2644
vn 0.5807 -0.8012 0.1448
vn 0.5807 -0.8012 0.1449
vn -0.4074 -0.7145 0.5687
vn 0.5751 -0.7846 -0.2314
vn 0.6829 -0.7117 -0.1648
vn 0.4018 -0.8114 0.4244
vn -0.6698 -0.7101 0.2170
vn 0.5869 -0.8096 0.0125
vn 0.8491 -0.4295 -0.3074
vn 0.3398 -0.7099 -0.6169
vn 0.6587 -0.7085 -0.2532
vn -0.4389 -0.8949 -0.0808
vn 0.5452 -0.5561 0.6274
vn 0.4126 -0.8001 0.4354
vn -0.1925 -0.9813 -0.0009
vn -0.1424 -0.9838 -0.1088
vn 0.0847 -0.7291 0.6791
vn -0.0172 -0.7224 0.6913
vn -0.4787 -0.8774 0.0315
vn -0.0822 -0.3140 0.9459
vn -0.3709 -0.3261 0.8695
vn 0.4177 -0.5555 0.7190
vn 0.6034 -0.7427 0.2903
vn 0.5127 -0.7342 0.4451
vn -0.3416 -0.7246 0.5986
vn 0.6374 -0.6014 0.4816
vn 0.5834 -0.8108 -0.0465
vn -0.6777 -0.7107 0.1887
vn 0.8096 -0.5731 0.1270
vn 0.5645 -0.7139 0.4143
vn 0.4580 -0.8084 0.3699
vn -0.6198 -0.7118 0.3305
vn 0.5655 -0.7425 0.3591
vn -0.4644 -0.8580 0.2195
vn 0.5992 -0.7444 0.2945
vn 0.8278 -0.5558 0.0766
vn 0.1914 -0.7091 0.6786
vn 0.0791 -0.5558 0.8276
vn 0.6346 -0.7156 0.2919
vn 0.6346 -0.7156 0.2918
vn -0.4758 -0.8736 0.1025
vn -0.8138 -0.5808 -0.0185
vn -0.5556 -0.8101 0.1874
vn -0.5556 -0.8101 0.1875
vn 0.3980 -0.8948 0.2024
vn 0.5333 -0.4820 0.6951
vn 0.5161 -0.8055 0.2914
vn -0.5831 -0.8121 0.0243
vn 0.8292 -0.5545 -0.0695
vn -0.6727 -0.7278 0.1335
vn -0.6908 -0.5725 0.4417
vn -0.6630 -0.5824 0.4704
vn -0.5819 -0.8084 0.0883
vn 0.1899 -0.6137 -0.7664
vn 0.8076 -0.5554 0.1983
vn 0.8983 -0.4374 0.0407
vn -0.5994 -0.7105 0.3686
vn 0.7049 -0.4640 -0.5365
vn 0.9300 -0.3217 -0.1780
vn 0.5513 -0.7114 0.4358
vn -0.5994 -0.7105 0.3685
vn -0.6021 -0.3513 0.7170
vn -0.7053 -0.7077 -0.0412
vn -0.5819 -0.8084 0.0884
vn 0.3279 -0.9210 0.2102
vn 0.1811 -0.5548 0.8120
vn 0.7026 -0.7074 0.0773
vn -0.5899 -0.8013 0.0998
vn 0.5963 -0.7998 0.0696
vn 0.7025 -0.7114 -0.0212
vn -0.4262 -0.9000 -0.0916
vn 0.6106 -0.7891 -0.0676
vn 0.6892 -0.7111 -0.1392
vn -0.3334 -0.6667 -0.6666
vn -0.2274 -0.8042 0.5491
vn 0.1326 -0.9380 0.3202
vn -0.4746 -0.7625 -0.4396
vn -0.9157 -0.3241 -0.2377
vn -0.5746 -0.8152 0.0724
vn -0.7918 -0.6107 0.0139
vn 0.6970 -0.5976 0.3965
vn 0.4063 -0.9009 0.1526
vn 0.2860 -0.8071 0.5165
vn -0.2981 -0.8398 -0.4536
vn -0.4952 -0.8240 -0.2754
vn -0.4953 -0.8240 -0.2753
vn -0.1128 -0.5254 0.8433
vn -0.8876 -0.2846 -0.3621
vn -0.3440 -0.7388 0.5795
vn -0.6026 -0.7053 -0.3735
vn -0.6432 -0.4598 0.6122
vn -0.3156 -0.9289 -0.1935
vn -0.7375 -0.5566 -0.3825
vn -0.3013 -0.9434 -0.1385
vn 0.2897 -0.8501 -0.4397
vn 0.7076 -0.7055 -0.0393
vn -0.3013 -0.9434 -0.1386
vn -0.5395 -0.8365 0.0956
vn -0.8582 -0.3240 -0.3982
vn 0.4794 -0.7165 -0.5068
vn 0.8137 -0.5684 -0.1219
vn 0.2374 -0.8375 -0.4922
vn 0.2294 -0.8489 -0.4762
vn 0.5744 -0.5667 -0.5908
vn 0.5272 -0.6033 -0.5983
vt 0.873067 0.836584
vt 0.901583 0.836611
vt 0.873022 0.876549
vt 0.901537 0.876576
vt 0.901583 0.791252
vt 0.873067 0.791225
vt 0.844603 0.197060
vt 0.873119 0.197053
vt 0.844662 0.233831
vt 0.873177 0.233824
vt 0.844453 0.902066
vt 0.815937 0.902064
vt 0.844453 0.845071
vt 0.815937 0.845070
vt 0.873022 0.876608
vt 0.901537 0.876576
vt 0.873022 0.929938
vt 0.901537 0.929906
vt 0.844470 0.901660
vt 0.844470 0.834998
vt 0.872985 0.901628
vt 0.872985 0.834966
vt 0.873119 0.300485
vt 0.844603 0.300493
vt 0.873056 0.189331
vt 0.873056 0.104112
vt 0.901571 0.189337
vt 0.901571 0.104118
vt 0.901554 0.756184
vt 0.930051 0.756184
vt 0.901552 0.784700
vt 0.930050 0.784700
vt 0.901610 0.604910
vt 0.924289 0.604910
vt 0.901582 0.633426
vt 0.924262 0.633426
vt 0.844540 0.195403
vt 0.844540 0.104112
vt 0.873056 0.195409
vt 0.873056 0.104118
vt 0.815947 0.400083
vt 0.815945 0.382600
vt 0.844463 0.400108
vt 0.844461 0.382627
vt 0.872993 0.553270
vt 0.873012 0.589139
vt 0.844477 0.553269
vt 0.844496 0.588693
vt 0.872994 0.711158
vt 0.844479 0.711014
vt 0.844470 0.701911
vt 0.872985 0.703034
vt 0.930051 0.784709
vt 0.933503 0.756271
vt 0.934556 0.784822
vt 0.903493 0.254723
vt 0.901703 0.226202
vt 0.904386 0.226208
vt 0.909505 0.226206
vt 0.908620 0.254722
vt 0.915233 0.226202
vt 0.918449 0.254719
vt 0.918457 0.226205
vt 0.923577 0.866423
vt 0.923100 0.837906
vt 0.931662 0.866422
vt 0.932127 0.837907
vt 0.920817 0.482086
vt 0.925323 0.453918
vt 0.925323 0.482689
vt 0.930063 0.905093
vt 0.930454 0.876583
vt 0.936671 0.876576
vt 0.936904 0.905092
vt 0.930104 0.186554
vt 0.930360 0.158037
vt 0.936267 0.186554
vt 0.873037 0.704567
vt 0.901544 0.701911
vt 0.901552 0.709907
vt 0.873022 0.747327
vt 0.901537 0.750418
vt 0.873028 0.755913
vt 0.901544 0.755811
vt 0.901545 0.765400
vt 0.873030 0.765640
vt 0.901552 0.791124
vt 0.873036 0.791225
vt 0.930063 0.929513
vt 0.901547 0.929376
vt 0.901546 0.906857
vt 0.930058 0.904246
vt 0.901537 0.900556
vt 0.901549 0.877011
vt 0.930059 0.894615
vt 0.930063 0.876576
vt 0.873014 0.834069
vt 0.844498 0.834966
vt 0.844505 0.775334
vt 0.873022 0.764862
vt 0.844506 0.754646
vt 0.873018 0.735179
vt 0.844500 0.730340
vt 0.873008 0.721185
vt 0.815937 0.172707
vt 0.844453 0.165375
vt 0.844455 0.195587
vt 0.815940 0.197053
vt 0.905302 0.329011
vt 0.904502 0.300493
vt 0.921210 0.300493
vt 0.921127 0.329008
vt 0.815944 0.141735
vt 0.844461 0.137707
vt 0.815959 0.110204
vt 0.844475 0.109423
vt 0.815969 0.078501
vt 0.844476 0.087879
vt 0.815960 0.087931
vt 0.844487 0.071499
vt 0.815975 0.039302
vt 0.844491 0.039224
vt 0.844489 0.040325
vt 0.815974 0.040297
vt 0.844488 0.042178
vt 0.815972 0.042375
vt 0.844487 0.045284
vt 0.815971 0.048488
vt 0.844489 0.060593
vt 0.815974 0.063389
vt 0.815996 0.018325
vt 0.844512 0.017887
vt 0.815981 0.034086
vt 0.844493 0.037245
vt 0.815977 0.037217
vt 0.844540 0.000255
vt 0.816025 -0.000000
vt 0.930259 0.581784
vt 0.930110 0.553269
vt 0.935672 0.581784
vt 0.935824 0.553269
vt 0.917642 0.358256
vt 0.918671 0.329741
vt 0.925896 0.329731
vt 0.930291 0.104112
vt 0.936675 0.132628
vt 0.930101 0.132628
vt 0.931958 0.358256
vt 0.829828 0.902066
vt 0.830909 0.930583
vt 0.817145 0.902069
vt 0.815937 0.930583
vt 0.901622 0.439651
vt 0.901622 0.411135
vt 0.918832 0.439758
vt 0.917925 0.411236
vt 0.923678 0.100497
vt 0.926236 0.071980
vt 0.927503 0.100495
vt 0.932278 0.071983
vt 0.932249 0.100499
vt 0.930805 0.225568
vt 0.930755 0.197053
vt 0.935442 0.197053
vt 0.934670 0.225568
vt 0.918622 0.100501
vt 0.919136 0.071984
vt 0.936794 0.701911
vt 0.936765 0.730426
vt 0.934683 0.701916
vt 0.934683 0.730431
vt 0.909544 0.382612
vt 0.909505 0.411127
vt 0.903260 0.411117
vt 0.903287 0.382602
vt 0.901622 0.411115
vt 0.901718 0.382600
vt 0.916884 0.411129
vt 0.915981 0.382613
vt 0.920316 0.382619
vt 0.925282 0.553085
vt 0.925282 0.524570
vt 0.931739 0.524589
vt 0.932160 0.553106
vt 0.920707 0.411135
vt 0.873082 0.062915
vt 0.901597 0.063199
vt 0.901592 0.071980
vt 0.873077 0.071946
vt 0.873076 0.056576
vt 0.873082 0.049712
vt 0.901598 0.049725
vt 0.873080 0.051654
vt 0.901594 0.052601
vt 0.873078 0.053748
vt 0.901592 0.055860
vt 0.873086 0.038772
vt 0.901602 0.038365
vt 0.901598 0.044452
vt 0.873083 0.044751
vt 0.873099 0.027619
vt 0.901615 0.027794
vt 0.873098 0.023887
vt 0.901614 0.022693
vt 0.873111 0.012918
vt 0.901626 0.013066
vt 0.873112 0.005499
vt 0.901628 0.004792
vt 0.901626 0.010640
vt 0.932278 0.100496
vt 0.932278 0.071980
vt 0.933739 0.071984
vt 0.933705 0.100499
vt 0.934732 0.071987
vt 0.934760 0.100502
vt 0.873118 0.000034
vt 0.901634 0.000000
vt 0.901631 0.001661
vt 0.873115 0.001800
vt 0.873098 0.513493
vt 0.901614 0.512681
vt 0.901612 0.523322
vt 0.873096 0.523306
vt 0.873112 0.497395
vt 0.901628 0.497576
vt 0.901630 0.490589
vt 0.873134 0.464982
vt 0.901651 0.464146
vt 0.873118 0.485577
vt 0.901634 0.485743
vt 0.873115 0.490458
vt 0.887785 0.102142
vt 0.873076 0.077056
vt 0.887785 0.071980
vt 0.873154 0.454172
vt 0.844481 0.530235
vt 0.872997 0.539009
vt 0.844482 0.541133
vt 0.873001 0.547839
vt 0.844476 0.551408
vt 0.844471 0.518514
vt 0.872987 0.519002
vt 0.872997 0.530259
vt 0.930101 0.132299
vt 0.930090 0.137859
vt 0.901585 0.132324
vt 0.901575 0.137209
vt 0.901571 0.150995
vt 0.930090 0.158037
vt 0.901576 0.157950
vt 0.930087 0.104111
vt 0.930089 0.119845
vt 0.901571 0.104157
vt 0.901573 0.120484
vt 0.844482 0.689422
vt 0.872991 0.680780
vt 0.873017 0.700927
vt 0.844503 0.701469
vt 0.917193 0.329774
vt 0.917642 0.358291
vt 0.901700 0.358247
vt 0.901700 0.329731
vt 0.844514 0.665473
vt 0.873017 0.667440
vt 0.844477 0.676819
vt 0.930112 0.819745
vt 0.930112 0.791225
vt 0.935530 0.791266
vt 0.907254 0.198223
vt 0.901703 0.226202
vt 0.901703 0.197053
vt 0.930102 0.676830
vt 0.930095 0.685192
vt 0.901586 0.679424
vt 0.901580 0.686324
vt 0.901589 0.662297
vt 0.930105 0.661985
vt 0.901589 0.637592
vt 0.930104 0.637662
vt 0.927027 0.411115
vt 0.927063 0.382600
vt 0.930747 0.411122
vt 0.930615 0.382607
vt 0.934167 0.694651
vt 0.930105 0.694715
vt 0.930105 0.666196
vt 0.934347 0.666125
vt 0.920722 0.382608
vt 0.920707 0.411122
vt 0.932160 0.524570
vt 0.935581 0.524570
vt 0.933657 0.553089
vt 0.844470 0.930177
vt 0.844571 0.901661
vt 0.857472 0.901660
vt 0.859920 0.930174
vt 0.935466 0.028521
vt 0.935428 0.057036
vt 0.931342 0.028524
vt 0.931300 0.057040
vt 0.934348 0.666125
vt 0.936016 0.666135
vt 0.934348 0.694642
vt 0.936462 0.694654
vt 0.930169 0.028521
vt 0.930531 0.057038
vt 0.930169 -0.000000
vt 0.935483 0.028521
vt 0.930169 0.028516
vt 0.935295 0.000005
vt 0.873064 0.526702
vt 0.901585 0.524570
vt 0.901576 0.529223
vt 0.873055 0.533750
vt 0.901570 0.534303
vt 0.901563 0.543441
vt 0.873047 0.544307
vt 0.901559 0.553227
vt 0.873043 0.553269
vt 0.914507 0.072360
vt 0.914507 0.100879
vt 0.902905 0.100690
vt 0.901458 0.072145
vt 0.894735 0.100542
vt 0.892671 0.071980
vt 0.930090 0.183718
vt 0.901575 0.181776
vt 0.930104 0.158037
vt 0.901588 0.158524
vt 0.921210 0.329044
vt 0.921210 0.300528
vt 0.928816 0.329014
vt 0.929786 0.300493
vt 0.930086 0.194900
vt 0.901571 0.193669
vt 0.920071 0.293590
vt 0.920801 0.265075
vt 0.930895 0.293596
vt 0.930944 0.265081
vt 0.932300 0.226202
vt 0.934797 0.226203
vt 0.934456 0.254718
vt 0.934679 0.358256
vt 0.931958 0.329764
vt 0.935317 0.329731
vt 0.932304 0.254718
vt 0.931958 0.358282
vt 0.901558 0.668413
vt 0.873043 0.668959
vt 0.873061 0.641513
vt 0.901580 0.637592
vt 0.873064 0.637629
vt 0.901580 0.695867
vt 0.873064 0.695913
vt 0.815946 0.518594
vt 0.844461 0.521063
vt 0.815938 0.547114
vt 0.844454 0.547747
vt 0.844453 0.553269
vt 0.815937 0.553236
vt 0.815949 0.478690
vt 0.844466 0.481620
vt 0.815950 0.481321
vt 0.844465 0.477737
vt 0.815954 0.473808
vt 0.815953 0.458151
vt 0.844469 0.457654
vt 0.844471 0.446715
vt 0.815946 0.436312
vt 0.844463 0.438015
vt 0.815955 0.445510
vt 0.844464 0.430376
vt 0.815952 0.425719
vt 0.844467 0.422738
vt 0.844462 0.416408
vt 0.815945 0.415400
vt 0.844460 0.407290
vt 0.873035 0.609209
vt 0.844520 0.610900
vt 0.844518 0.631868
vt 0.873033 0.626518
vt 0.873043 0.645807
vt 0.844527 0.645554
vt 0.844527 0.664291
vt 0.873042 0.665473
vt 0.934683 0.701911
vt 0.934242 0.730436
vt 0.930087 0.701970
vt 0.815961 0.556430
vt 0.815960 0.553269
vt 0.844475 0.553428
vt 0.930087 0.730488
vt 0.844477 0.556625
vt 0.844472 0.569979
vt 0.815958 0.568839
vt 0.844456 0.659482
vt 0.815944 0.641039
vt 0.844461 0.637372
vt 0.815956 0.604607
vt 0.844473 0.598803
vt 0.844460 0.679751
vt 0.815941 0.666098
vt 0.844457 0.688759
vt 0.815941 0.688530
vt 0.815944 0.682288
vt 0.815942 0.692894
vt 0.844455 0.697639
vt 0.815937 0.701579
vt 0.844453 0.701911
vt 0.935465 0.411116
vt 0.930747 0.382600
vt 0.935936 0.382600
vt 0.833028 0.902066
vt 0.841258 0.902066
vt 0.839299 0.930583
vt 0.843410 0.930587
vt 0.830909 0.930581
vt 0.931150 0.293591
vt 0.930944 0.265075
vt 0.934362 0.293594
vt 0.935546 0.265075
vt 0.901582 0.558492
vt 0.873066 0.558462
vt 0.873065 0.553568
vt 0.901580 0.553269
vt 0.901578 0.593765
vt 0.873062 0.594302
vt 0.901575 0.582558
vt 0.873060 0.570658
vt 0.901576 0.567489
vt 0.901562 0.620406
vt 0.873047 0.619017
vt 0.901564 0.624746
vt 0.873047 0.624364
vt 0.901559 0.633703
vt 0.873047 0.628292
vt 0.901563 0.627940
vt 0.901560 0.637592
vt 0.873044 0.637474
vt 0.873043 0.634798
vt 0.859920 0.930258
vt 0.859930 0.901741
vt 0.872951 0.930176
vt 0.872951 0.901660
vt 0.930109 0.810770
vt 0.901593 0.810907
vt 0.930112 0.805274
vt 0.901597 0.805145
vt 0.901597 0.803254
vt 0.930113 0.803256
vt 0.901595 0.791225
vt 0.930111 0.791632
vt 0.930099 0.832141
vt 0.901583 0.832805
vt 0.918866 0.439650
vt 0.918832 0.411135
vt 0.924839 0.411138
vt 0.925335 0.439654
vt 0.930650 0.411135
vt 0.930093 0.837906
vt 0.901694 0.278442
vt 0.873179 0.278544
vt 0.901697 0.273466
vt 0.873182 0.273190
vt 0.873185 0.265185
vt 0.901701 0.265075
vt 0.901694 0.300245
vt 0.873179 0.300390
vt 0.901693 0.287956
vt 0.873177 0.287688
vt 0.932160 0.905115
vt 0.935828 0.905093
vt 0.935828 0.933608
vt 0.912961 0.454172
vt 0.904168 0.482689
vt 0.903969 0.454174
vt 0.930063 0.933651
vt 0.901651 0.482687
vt 0.932174 0.482434
vt 0.934663 0.453927
vt 0.934728 0.482443
vt 0.920533 0.454173
vt 0.920817 0.482689
vt 0.918412 0.482688
vt 0.918413 0.454172
vt 0.916987 0.482688
vt 0.916988 0.454172
vt 0.914130 0.482688
vt 0.844462 0.709878
vt 0.815941 0.720261
vt 0.815948 0.702110
vt 0.844463 0.701911
vt 0.932174 0.453918
vt 0.844461 0.732018
vt 0.815945 0.731524
vt 0.844456 0.721115
vt 0.844462 0.780602
vt 0.815947 0.779183
vt 0.844462 0.745848
vt 0.815946 0.741827
vt 0.844470 0.801450
vt 0.815954 0.801076
vt 0.815939 0.824973
vt 0.815937 0.845062
vt 0.815937 0.839204
vt 0.844454 0.845070
vt 0.844452 0.832931
vt 0.844454 0.382244
vt 0.815940 0.380678
vt 0.815951 0.362963
vt 0.844468 0.361243
vt 0.815937 0.382600
vt 0.815973 0.327110
vt 0.844489 0.326991
vt 0.815982 0.319761
vt 0.844510 0.298267
vt 0.815995 0.298425
vt 0.816036 0.254330
vt 0.844552 0.254193
vt 0.816038 0.243488
vt 0.844553 0.243976
vt 0.816064 0.219079
vt 0.844580 0.218784
vt 0.844599 0.208238
vt 0.816084 0.208211
vt 0.816080 0.205159
vt 0.844595 0.204548
vt 0.816087 0.197312
vt 0.844603 0.197053
vt 0.931591 0.604910
vt 0.935557 0.633432
vt 0.931362 0.633426
vt 0.930739 0.439650
vt 0.930650 0.411135
vt 0.935481 0.439652
vt 0.935867 0.411135
vt 0.935426 0.604916
vt 0.920071 0.265075
vt 0.919974 0.293591
vt 0.901756 0.293591
vt 0.901701 0.265076
vt 0.934556 0.784700
vt 0.934618 0.756184
vt 0.936812 0.756185
vt 0.907254 0.197053
vt 0.923562 0.197056
vt 0.923560 0.225572
vt 0.907680 0.225568
vt 0.936886 0.784700
vt 0.912825 0.866423
vt 0.912637 0.837908
vt 0.923100 0.837906
vt 0.923098 0.866421
vt 0.930105 0.637609
vt 0.935562 0.637592
vt 0.930105 0.666125
vt 0.934745 0.666111
vt 0.901583 0.866430
vt 0.902144 0.837913
vt 0.924289 0.633438
vt 0.924289 0.604922
vt 0.930535 0.633428
vt 0.931362 0.604910
vt 0.923562 0.225575
vt 0.924235 0.197058
vt 0.927284 0.197054
vt 0.927096 0.225570
vt 0.929277 0.225569
vt 0.930755 0.197053
vt 0.930754 0.225568
vt 0.901690 0.353056
vt 0.873174 0.355070
vt 0.901684 0.300492
vt 0.873169 0.300548
vt 0.901700 0.369146
vt 0.873184 0.368626
vt 0.912823 0.553092
vt 0.910800 0.524580
vt 0.925082 0.524570
vt 0.925282 0.553087
vt 0.902295 0.524570
vt 0.901585 0.553084
vt 0.844494 0.411023
vt 0.844483 0.400994
vt 0.873006 0.407058
vt 0.872986 0.382688
vt 0.844471 0.382600
vt 0.873011 0.413268
vt 0.873039 0.454262
vt 0.844523 0.454217
vt 0.844565 0.507625
vt 0.844549 0.487532
vt 0.873074 0.500606
vt 0.873050 0.465394
vt 0.844534 0.464542
vt 0.873177 0.254054
vt 0.901694 0.247832
vt 0.901703 0.265075
vt 0.873096 0.518514
vt 0.873177 0.216233
vt 0.901695 0.223998
vt 0.873180 0.231003
vt 0.873186 0.197053
vt 0.901701 0.197193
vt 0.873179 0.206918
vt 0.901693 0.211888
vt 0.873056 0.042094
vt 0.844540 0.041891
vt 0.844561 0.000135
vt 0.873076 0.000000
vt 0.844540 0.066574
vt 0.873059 0.090096
vt 0.844543 0.090734
vt 0.873056 0.071747
vt 0.844604 0.346523
vt 0.873119 0.346082
vt 0.873133 0.358888
vt 0.844617 0.358340
vt 0.844652 0.373779
vt 0.873169 0.374138
vt 0.873072 0.104112
vt 0.844556 0.103566
vt 0.901651 0.482691
vt 0.917449 0.482689
vt 0.901688 0.511207
vt 0.920421 0.511202
vt 0.844641 0.302981
vt 0.873169 0.300493
vt 0.873135 0.312942
vt 0.844613 0.317952
vt 0.873123 0.323763
vt 0.844605 0.329196
vt 0.873119 0.335267
vt 0.844603 0.337989
vt 0.901583 0.587370
vt 0.930098 0.587073
vt 0.930097 0.604027
vt 0.901582 0.604910
vt 0.930155 0.329011
vt 0.929786 0.300492
vt 0.932745 0.300499
vt 0.933432 0.329014
vt 0.936935 0.300492
vt 0.936879 0.329008
vt 0.901594 0.577785
vt 0.930110 0.577687
vt 0.901592 0.553269
vt 0.930107 0.553737
vt 0.930110 0.567749
vt 0.901594 0.567870
vt 0.873096 0.443841
vt 0.901613 0.442657
vt 0.901617 0.453712
vt 0.873102 0.454172
vt 0.901612 0.396717
vt 0.901622 0.431341
vt 0.873107 0.431740
vt 0.873103 0.382638
vt 0.901618 0.382600
vt 0.873096 0.394302
vt 0.930400 0.482695
vt 0.935426 0.482689
vt 0.930209 0.511209
vt 0.935416 0.511205
vt 0.930082 0.754746
vt 0.901568 0.756184
vt 0.901565 0.739364
vt 0.930087 0.745887
vt 0.930079 0.736090
vt 0.901552 0.721506
vt 0.930067 0.721812
vt 0.901561 0.704728
vt 0.930074 0.708828
vt 0.918622 0.071980
vt 0.918622 0.101077
vt 0.914507 0.072817
vt 0.930087 0.701911
vt 0.920421 0.510647
vt 0.930209 0.482689
vt 0.930209 0.511258
vt 0.904502 0.329100
vt 0.901700 0.329731
vt 0.901700 0.300493
vt 0.887785 0.071980
vt 0.892671 0.073590
vt 0.887785 0.102010
vt 0.932127 0.866422
vt 0.932151 0.837906
vt 0.935930 0.866421
vt 0.901653 0.044759
vt 0.901654 0.034129
vt 0.930168 0.044904
vt 0.925323 0.482455
vt 0.925323 0.453918
vt 0.932174 0.454116
vt 0.901634 0.019009
vt 0.930149 0.019347
vt 0.930169 0.031972
vt 0.901642 0.012242
vt 0.930158 0.012062
vt 0.901651 0.000124
vt 0.930169 0.000000
vt 0.918457 0.254727
vt 0.918649 0.226211
vt 0.932300 0.254718
vt 0.931732 0.226202
vt 0.398802 0.653974
vt 0.359463 0.646468
vt 0.397758 0.636923
vt 0.353762 0.637454
vt 0.112879 0.612637
vt 0.350026 0.644998
vt 0.112382 0.626535
vt 0.344842 0.648247
vt 0.334923 0.653328
vt 0.334417 0.664199
vt 0.329839 0.665965
vt 0.108910 0.661144
vt 0.328738 0.674640
vt 0.322457 0.681293
vt 0.326871 0.728650
vt 0.112359 0.682691
vt 0.096037 0.712171
vt 0.321339 0.742060
vt 0.096007 0.724427
vt 0.319021 0.754851
vt 0.015979 0.717898
vt 0.094667 0.722993
vt 0.089131 0.705627
vt 0.019579 0.724682
vt 0.042718 0.780613
vt 0.035385 0.768328
vt 0.219732 0.886216
vt 0.197157 0.894220
vt 0.127811 0.877473
vt 0.311342 0.789459
vt 0.257272 0.880758
vt 0.386499 0.813437
vt 0.402730 0.790319
vt 0.334745 0.779103
vt 0.343875 0.775952
vt 0.361186 0.770855
vt 0.407846 0.758719
vt 0.407585 0.722633
vt 0.374488 0.702842
vt 0.401406 0.689490
vt 0.374893 0.672919
vt 0.403954 0.661877
vt 0.369093 0.657962
vt 0.344050 0.843598
vt 0.378216 0.834671
vt 0.365966 0.842138
vt 0.359103 0.847593
vt 0.333354 0.847281
vt 0.323303 0.861202
vt 0.306332 0.872085
vt 0.288433 0.874283
vt 0.269038 0.874970
vt 0.271501 0.880579
vt 0.207497 0.893781
vt 0.193691 0.913412
vt 0.148899 1.000000
vt 0.157710 0.999067
vt 0.192618 0.925668
vt 0.190286 0.957833
vt 0.169013 0.995769
vt 0.199076 0.932960
vt 0.197066 0.954708
vt 0.193730 0.958049
vt 0.184201 0.983454
vt 0.140365 0.999906
vt 0.128639 0.994653
vt 0.113443 0.980588
vt 0.107948 0.917170
vt 0.105114 0.946719
vt 0.105235 0.965268
vt 0.118022 0.873010
vt 0.108817 0.866665
vt 0.094260 0.854287
vt 0.071485 0.838345
vt 0.056524 0.818135
vt 0.014608 0.688193
vt 0.003874 0.691567
vt 0.025433 0.680371
vt 0.046308 0.604530
vt 0.068407 0.642699
vt 0.019346 0.663256
vt 0.020986 0.610399
vt 0.046172 0.591924
vt 0.031599 0.572218
vt 0.014783 0.607884
vt 0.010733 0.600044
vt 0.011483 0.603846
vt 0.010825 0.601550
vt 0.006143 0.597156
vt 0.019988 0.566558
vt 0.002503 0.585284
vt 0.002292 0.574878
vt 0.000000 0.572708
vt 0.004780 0.557348
vt 0.019203 0.554280
vt 0.020441 0.545270
vt 0.024064 0.547556
vt 0.023080 0.561107
vt 0.074288 0.664093
vt 0.079311 0.669640
vt 0.110897 0.601343
vt 0.401238 0.617370
vt 0.115924 0.590707
vt 0.118012 0.582957
vt 0.401527 0.610041
vt 0.120107 0.580882
vt 0.120810 0.578841
vt 0.400717 0.608102
vt 0.121056 0.577436
vt 0.400137 0.607290
vt 0.398577 0.605798
vt 0.348896 0.600296
vt 0.121217 0.573391
vt 0.347665 0.599207
vt 0.341934 0.595369
vt 0.121387 0.564333
vt 0.341709 0.587973
vt 0.338548 0.584821
vt 0.126758 0.562086
vt 0.330734 0.582152
vt 0.126766 0.549675
vt 0.328659 0.572845
vt 0.332906 0.562846
vt 0.128992 0.540382
vt 0.332333 0.559885
vt 0.131677 0.535736
vt 0.331292 0.558067
vt 0.329809 0.556696
vt 0.330311 0.550585
vt 0.135084 0.527745
vt 0.329006 0.544381
vt 0.140996 0.524797
vt 0.321435 0.535932
vt 0.145475 0.519609
vt 0.322967 0.530632
vt 0.155086 0.499389
vt 0.315578 0.522287
vt 0.315593 0.513597
vt 0.158577 0.494333
vt 0.313854 0.510324
vt 0.312169 0.509283
vt 0.158888 0.492338
vt 0.310979 0.508905
vt 0.309440 0.508667
vt 0.158706 0.480572
vt 0.309438 0.497185
vt 0.169762 0.471374
vt 0.302102 0.482806
vt 0.169490 0.467408
vt 0.173351 0.462134
vt 0.301217 0.475225
vt 0.299699 0.470436
vt 0.173844 0.458979
vt 0.173438 0.454537
vt 0.291333 0.451421
vt 0.279490 0.445969
vt 0.188045 0.429702
vt 0.276525 0.435747
vt 0.186781 0.418204
vt 0.278569 0.421751
vt 0.189444 0.403362
vt 0.286786 0.403040
vt 0.194620 0.395009
vt 0.193896 0.389631
vt 0.293755 0.402338
vt 0.307655 0.395960
vt 0.196863 0.388286
vt 0.199276 0.380154
vt 0.312643 0.390135
vt 0.202556 0.376468
vt 0.204510 0.372430
vt 0.340886 0.386019
vt 0.207505 0.363886
vt 0.338068 0.339195
vt 0.210219 0.355173
vt 0.209962 0.334665
vt 0.275526 0.330502
vt 0.215802 0.313162
vt 0.228393 0.275993
vt 0.275683 0.323243
vt 0.274571 0.290545
vt 0.276444 0.245787
vt 0.231174 0.247274
vt 0.236004 0.234473
vt 0.238395 0.228744
vt 0.234707 0.231059
vt 0.274952 0.237902
vt 0.241417 0.209310
vt 0.277568 0.217990
vt 0.277761 0.203080
vt 0.239318 0.172048
vt 0.282622 0.176965
vt 0.235946 0.189051
vt 0.289538 0.142762
vt 0.292877 0.120272
vt 0.224246 0.149638
vt 0.213865 0.111938
vt 0.202677 0.082084
vt 0.128790 0.102964
vt 0.131781 0.074606
vt 0.234026 0.056717
vt 0.290743 0.062699
vt 0.316110 0.094049
vt 0.384015 0.129885
vt 0.387006 0.101527
vt 0.240009 -0.000000
vt 0.296725 0.005982
vt 0.288353 0.161405
vt 0.285042 0.187890
vt 0.277646 0.241978
vt 0.303155 0.327620
vt 0.338441 0.337074
vt 0.341097 0.336477
vt 0.346953 0.326375
vt 0.353518 0.321436
vt 0.357893 0.310762
vt 0.388789 0.340639
vt 0.349035 0.402824
vt 0.360967 0.409507
vt 0.385295 0.371673
vt 0.373575 0.409346
vt 0.385230 0.391755
vt 0.370903 0.286670
vt 0.381880 0.277096
vt 0.391044 0.277390
vt 0.392614 0.334660
vt 0.396368 0.282403
vt 0.400593 0.292188
vt 0.398500 0.327727
vt 0.402004 0.301818
vt 0.402464 0.307238
vt 0.407846 0.303136
vt 0.406598 0.306929
vt 0.407386 0.305890
vt 0.398975 0.332405
vt 0.324470 0.390943
vt 0.350823 0.599438
vt 0.365857 0.591611
vt 0.396429 0.603440
vt 0.347002 0.596840
vt 0.346808 0.583049
vt 0.344485 0.591376
vt 0.343415 0.587361
vt 0.371453 0.578732
vt 0.365990 0.579246
vt 0.351104 0.578929
vt 0.388679 0.589706
vt 0.456551 0.646568
vt 0.417752 0.633502
vt 0.462107 0.636573
vt 0.703359 0.611892
vt 0.418245 0.646549
vt 0.412517 0.662229
vt 0.442425 0.668123
vt 0.414839 0.688818
vt 0.440934 0.692893
vt 0.409492 0.718643
vt 0.443509 0.713423
vt 0.455471 0.771949
vt 0.407846 0.749989
vt 0.412996 0.788423
vt 0.478695 0.776203
vt 0.483914 0.781155
vt 0.430202 0.814014
vt 0.505038 0.789390
vt 0.470370 0.843606
vt 0.450431 0.842259
vt 0.561804 0.881452
vt 0.497321 0.754648
vt 0.494971 0.742016
vt 0.720398 0.718230
vt 0.720924 0.724072
vt 0.489763 0.732560
vt 0.717691 0.704241
vt 0.494507 0.688077
vt 0.703799 0.682096
vt 0.707160 0.659495
vt 0.487843 0.674695
vt 0.482567 0.664235
vt 0.703473 0.622285
vt 0.481356 0.654051
vt 0.478071 0.650929
vt 0.472297 0.648586
vt 0.467134 0.646355
vt 0.464366 0.641977
vt 0.705258 0.600240
vt 0.414514 0.613647
vt 0.698180 0.582920
vt 0.414659 0.610104
vt 0.696127 0.580928
vt 0.695267 0.578622
vt 0.415413 0.608394
vt 0.695018 0.577218
vt 0.416063 0.607501
vt 0.417549 0.606086
vt 0.467156 0.600534
vt 0.694846 0.574356
vt 0.427976 0.589770
vt 0.465197 0.599680
vt 0.451384 0.591292
vt 0.444418 0.579112
vt 0.450153 0.579764
vt 0.463838 0.579308
vt 0.457152 0.576316
vt 0.472099 0.588913
vt 0.469476 0.583187
vt 0.469821 0.596414
vt 0.468449 0.599403
vt 0.474182 0.595573
vt 0.694821 0.564295
vt 0.474584 0.587191
vt 0.692830 0.562039
vt 0.478051 0.584820
vt 0.689033 0.562063
vt 0.485373 0.582339
vt 0.487256 0.573214
vt 0.689170 0.549211
vt 0.687072 0.540274
vt 0.483198 0.562179
vt 0.484195 0.558972
vt 0.684203 0.535277
vt 0.486221 0.556837
vt 0.485719 0.550369
vt 0.680943 0.527659
vt 0.487203 0.544153
vt 0.675476 0.524821
vt 0.670708 0.520078
vt 0.494559 0.536248
vt 0.493369 0.529565
vt 0.660944 0.499358
vt 0.500488 0.522621
vt 0.500191 0.519606
vt 0.500572 0.513000
vt 0.657329 0.494057
vt 0.502227 0.510342
vt 0.503852 0.509384
vt 0.657031 0.492189
vt 0.504970 0.509033
vt 0.506542 0.508800
vt 0.657143 0.480020
vt 0.506661 0.496433
vt 0.646001 0.471145
vt 0.513768 0.483078
vt 0.646748 0.468333
vt 0.642707 0.462342
vt 0.514627 0.475430
vt 0.516170 0.470700
vt 0.642458 0.458409
vt 0.641697 0.453116
vt 0.524896 0.450736
vt 0.542351 0.445472
vt 0.628204 0.430087
vt 0.538624 0.432895
vt 0.537090 0.421738
vt 0.627498 0.406301
vt 0.621164 0.394890
vt 0.529093 0.403738
vt 0.622025 0.389823
vt 0.508777 0.396809
vt 0.618225 0.386160
vt 0.503090 0.390267
vt 0.617637 0.377930
vt 0.612747 0.376123
vt 0.490648 0.390964
vt 0.474821 0.386311
vt 0.608133 0.368012
vt 0.605450 0.357682
vt 0.468590 0.326532
vt 0.461298 0.320514
vt 0.466204 0.403655
vt 0.430443 0.371564
vt 0.446193 0.410890
vt 0.432598 0.397819
vt 0.430571 0.388995
vt 0.427158 0.396703
vt 0.426778 0.340913
vt 0.457061 0.309108
vt 0.445055 0.287343
vt 0.423111 0.334946
vt 0.435441 0.278231
vt 0.422277 0.279244
vt 0.427350 0.276876
vt 0.419198 0.330021
vt 0.415211 0.291587
vt 0.416736 0.333279
vt 0.415665 0.324243
vt 0.413191 0.307663
vt 0.413571 0.302034
vt 0.409058 0.307252
vt 0.407932 0.303339
vt 0.407846 0.305237
vt 0.418923 0.283153
vt 0.473752 0.336037
vt 0.477571 0.339379
vt 0.476989 0.336940
vt 0.540106 0.330578
vt 0.606567 0.341166
vt 0.481995 0.337811
vt 0.513015 0.327643
vt 0.539938 0.324021
vt 0.600977 0.316653
vt 0.540892 0.293407
vt 0.588893 0.281583
vt 0.583491 0.246224
vt 0.539204 0.246279
vt 0.576541 0.227621
vt 0.579387 0.234277
vt 0.538380 0.241242
vt 0.537830 0.217432
vt 0.573929 0.209066
vt 0.538168 0.204851
vt 0.575617 0.173813
vt 0.532247 0.173238
vt 0.531186 0.181524
vt 0.531658 0.190740
vt 0.527549 0.162995
vt 0.525981 0.142993
vt 0.525335 0.150997
vt 0.522363 0.120368
vt 0.431243 0.130147
vt 0.499082 0.094187
vt 0.612494 0.082016
vt 0.601360 0.111890
vt 0.686419 0.102761
vt 0.683376 0.074408
vt 0.428200 0.101795
vt 0.581098 0.056706
vt 0.524392 0.062792
vt 0.575012 -0.000000
vt 0.518306 0.006086
vt 0.591357 0.149116
vt 0.579245 0.194475
vt 0.580426 0.230934
vt 0.608890 0.363495
vt 0.797614 0.721889
vt 0.727834 0.703705
vt 0.737036 0.669237
vt 0.791210 0.679400
vt 0.747984 0.642288
vt 0.769898 0.604033
vt 0.796907 0.664886
vt 0.795167 0.610053
vt 0.769714 0.591978
vt 0.784685 0.571593
vt 0.802176 0.606674
vt 0.805428 0.599619
vt 0.804765 0.603221
vt 0.796020 0.566126
vt 0.810817 0.596040
vt 0.813466 0.585058
vt 0.792865 0.559904
vt 0.797299 0.553826
vt 0.811356 0.556903
vt 0.795562 0.544675
vt 0.791957 0.547397
vt 0.813777 0.574443
vt 0.815937 0.572720
vt 0.805107 0.710680
vt 0.803197 0.690025
vt 0.811693 0.691150
vt 0.774249 0.779316
vt 0.715372 0.859734
vt 0.738871 0.842128
vt 0.765416 0.803813
vt 0.755797 0.825495
vt 0.781089 0.767902
vt 0.688904 0.877391
vt 0.619059 0.894391
vt 0.622972 0.913139
vt 0.665223 0.999695
vt 0.624230 0.925517
vt 0.653679 0.997712
vt 0.703454 0.869737
vt 0.688743 0.994218
vt 0.708650 0.916737
vt 0.703717 0.979755
vt 0.711096 0.941323
vt 0.711401 0.965687
vt 0.676043 0.999800
vt 0.642762 0.992829
vt 0.626582 0.957726
vt 0.630029 0.978280
vt 0.622392 0.957793
vt 0.619347 0.953351
vt 0.617743 0.932562
vt 0.607978 0.893135
vt 0.596524 0.886073
vt 0.547560 0.875016
vt 0.534747 0.874865
vt 0.543719 0.880646
vt 0.524927 0.873748
vt 0.510622 0.872477
vt 0.497473 0.864132
vt 0.490396 0.855906
vt 0.483380 0.847547
vt 0.457828 0.848011
vt 0.438210 0.834154
s 0
f 1/1/1 2/2/2 3/3/3
f 3/3/3 2/2/2 4/4/4
f 2/2/5 1/1/1 5/5/6
f 5/5/7 1/1/8 6/6/9
f 7/7/10 8/8/11 9/9/12
f 9/9/12 8/8/11 10/10/13
f 8/11/14 7/12/10 11/13/15
f 11/13/16 7/12/17 12/14/18
f 5/15/19 6/16/20 12/17/21
f 12/17/21 6/16/20 11/18/22
f 4/19/23 13/20/24 3/21/3
f 3/21/3 13/20/24 14/22/25
f 10/10/26 15/23/27 9/9/28
f 9/9/29 15/23/27 16/24/30
f 17/25/31 18/26/32 19/27/33
f 19/27/33 18/26/32 20/28/34
f 15/29/35 17/30/36 16/31/30
f 16/31/30 17/30/36 19/32/37
f 21/33/38 14/34/25 22/35/39
f 22/35/39 14/34/25 13/36/40
f 23/37/41 21/38/42 24/39/43
f 24/39/44 21/38/45 22/40/46
f 257/41/47 23/42/48 25/43/49
f 25/43/49 23/42/50 24/44/44
f 18/45/32 260/46/51 20/47/52
f 20/47/52 260/46/53 261/48/54
f 26/49/55 64/50/56 28/51/57
f 26/49/55 28/51/57 27/52/58
f 27/53/59 28/30/57 29/54/60
f 27/53/58 29/54/60 32/55/61
f 32/56/61 29/57/60 30/58/62
f 30/58/62 33/59/63 31/60/64
f 30/58/65 31/60/64 32/56/61
f 31/60/64 33/59/63 34/61/66
f 31/60/67 34/61/66 35/62/68
f 35/62/68 34/61/69 37/63/70
f 38/64/71 36/65/72 37/66/73
f 37/66/73 36/65/72 35/67/68
f 36/68/72 38/69/74 39/70/75
f 39/71/76 38/72/74 41/73/77
f 39/71/78 41/73/79 40/74/80
f 40/75/80 41/76/81 42/77/82
f 42/78/83 41/79/84 43/80/85
f 42/78/83 43/80/85 44/81/86
f 44/81/86 43/80/85 45/82/87
f 44/81/86 45/82/87 46/83/88
f 46/83/89 45/82/90 47/84/91
f 46/83/89 47/84/91 48/85/92
f 46/83/89 48/85/92 49/86/93
f 49/86/94 48/85/95 51/87/96
f 49/86/94 51/87/97 50/88/98
f 50/89/99 51/90/97 52/91/100
f 50/89/101 52/91/102 55/92/103
f 55/92/104 52/91/105 53/93/106
f 54/94/107 56/95/108 53/93/109
f 53/93/110 56/95/108 55/92/104
f 57/96/111 56/95/108 54/94/107
f 57/97/112 54/98/113 58/99/114
f 57/97/112 58/99/115 59/100/116
f 59/100/117 58/99/115 60/101/118
f 59/100/116 60/101/119 61/102/120
f 61/102/121 60/101/119 62/103/122
f 61/102/120 62/103/123 63/104/124
f 63/104/125 62/103/122 64/50/126
f 63/104/125 64/50/56 26/49/55
f 66/105/127 65/106/128 67/107/129
f 66/105/127 67/107/130 68/108/131
f 68/109/131 67/110/130 500/111/132
f 68/109/131 500/111/133 498/112/134
f 70/113/135 69/114/136 65/106/128
f 70/113/137 65/106/138 66/105/127
f 72/115/139 71/116/140 69/114/141
f 72/115/142 69/114/143 70/113/135
f 73/117/144 74/118/145 75/119/146
f 75/119/147 74/118/148 71/116/149
f 75/119/147 71/116/140 72/115/150
f 73/117/151 76/120/152 74/118/148
f 78/121/153 77/122/154 79/123/155
f 78/121/156 79/123/157 80/124/158
f 80/124/159 79/123/155 82/125/160
f 80/124/158 82/125/161 81/126/162
f 81/126/162 82/125/160 83/127/163
f 81/126/164 83/127/165 84/128/166
f 84/128/166 83/127/165 85/129/167
f 84/128/166 85/129/168 86/130/169
f 86/130/170 85/129/168 76/120/171
f 86/130/169 76/120/152 73/117/144
f 91/131/172 88/132/173 87/133/174
f 87/133/174 88/132/173 89/134/175
f 87/133/176 89/134/177 90/135/178
f 90/135/179 89/134/180 77/122/181
f 90/135/178 77/122/154 78/121/156
f 94/136/182 88/132/183 95/137/184
f 95/137/184 88/132/185 91/131/172
f 92/138/186 93/139/187 95/140/184
f 95/140/184 93/139/187 94/141/188
f 99/142/189 96/143/190 97/144/191
f 92/145/192 97/146/193 93/147/194
f 97/144/193 92/148/192 99/142/195
f 96/149/190 99/150/189 100/151/196
f 99/150/197 98/152/198 100/151/196
f 101/153/199 102/154/200 98/155/201
f 98/155/198 102/154/202 100/156/196
f 107/157/203 103/158/204 104/159/205
f 104/159/206 102/160/207 101/161/208
f 103/158/209 102/160/210 104/159/205
f 110/162/211 109/163/212 106/164/213
f 110/162/214 106/164/213 105/165/215
f 105/166/216 106/167/217 107/157/203
f 107/157/203 106/167/213 103/158/209
f 109/168/212 110/169/211 108/170/218
f 108/170/219 110/169/214 114/171/220
f 115/172/221 111/173/222 113/174/223
f 115/172/221 113/174/223 112/175/224
f 108/176/219 114/177/225 112/175/226
f 108/176/219 112/175/224 113/174/223
f 117/178/227 116/179/228 121/180/229
f 111/173/230 115/172/231 116/179/232
f 111/173/230 116/179/233 117/178/234
f 119/181/235 118/182/236 120/183/237
f 119/181/238 120/183/239 121/184/240
f 121/180/241 120/185/237 117/178/242
f 124/186/243 122/187/244 118/188/245
f 124/186/243 118/188/236 119/189/246
f 123/190/247 122/187/248 124/186/243
f 133/191/249 125/192/250 126/193/251
f 126/193/252 125/192/250 127/194/253
f 126/193/254 127/194/255 128/195/256
f 128/195/256 127/194/253 129/196/257
f 128/195/256 129/196/257 123/190/258
f 123/190/258 129/196/257 122/187/248
f 130/197/259 135/198/260 131/199/261
f 130/197/262 131/199/263 132/200/264
f 132/200/265 131/199/263 125/192/250
f 132/200/264 125/192/250 133/191/249
f 136/201/266 134/202/267 135/198/260
f 136/201/266 135/198/260 130/197/268
f 138/203/269 137/204/270 134/202/271
f 138/203/272 134/202/273 136/201/266
f 140/205/274 139/206/275 137/204/270
f 140/205/276 137/204/270 138/203/272
f 142/207/277 141/208/278 143/209/279
f 142/207/277 143/209/279 140/205/274
f 140/205/274 143/209/279 139/206/280
f 144/210/281 145/211/282 146/212/283
f 144/210/284 146/212/285 147/213/286
f 147/213/286 146/212/285 149/214/287
f 147/213/286 149/214/287 148/215/288
f 148/216/289 149/217/287 150/218/290
f 148/216/289 150/218/291 151/219/292
f 151/219/292 150/218/291 141/208/278
f 151/219/292 141/208/278 142/207/293
f 152/220/294 153/221/295 145/222/296
f 152/220/297 145/222/296 144/223/298
f 155/224/299 154/225/300 153/221/301
f 155/224/302 153/221/303 152/220/304
f 158/226/305 154/225/306 155/224/302
f 163/227/307 162/228/308 157/229/309
f 157/229/309 162/228/308 156/230/310
f 157/229/309 156/230/311 158/226/312
f 157/229/313 158/226/305 159/231/314
f 159/231/314 158/226/305 155/224/302
f 160/232/315 161/233/316 162/234/308
f 160/235/315 162/228/308 163/227/317
f 167/236/318 164/237/319 165/238/320
f 165/238/320 164/237/321 161/239/322
f 165/238/323 161/239/322 160/240/324
f 166/241/325 174/242/326 168/243/327
f 166/241/325 168/243/328 167/236/329
f 167/236/318 168/243/328 164/237/330
f 169/244/331 171/245/332 170/246/333
f 170/246/333 171/245/332 172/247/334
f 172/247/334 171/245/332 173/248/335
f 173/248/335 171/245/332 174/249/336
f 173/248/337 174/249/326 166/250/325
f 181/251/338 176/252/339 182/253/340
f 182/253/341 176/252/339 175/254/342
f 175/254/342 176/252/339 169/244/343
f 175/254/344 169/244/331 170/246/333
f 178/255/345 177/256/346 180/257/347
f 178/255/348 180/257/347 179/258/349
f 179/259/350 180/260/351 181/261/352
f 179/259/349 181/261/338 182/262/341
f 183/263/353 184/264/354 185/265/355
f 185/265/355 184/264/356 177/256/346
f 185/265/357 177/256/346 178/255/348
f 187/266/358 186/267/359 184/268/354
f 187/269/360 184/270/354 183/271/361
f 188/272/362 186/273/363 183/274/364
f 183/274/364 186/273/363 187/275/358
f 189/276/365 192/277/366 188/272/362
f 189/276/367 188/272/362 183/274/364
f 191/278/368 190/279/369 192/277/370
f 191/278/371 192/277/366 189/276/365
f 195/280/372 193/281/373 191/282/371
f 191/282/368 193/281/373 190/283/374
f 197/284/375 196/285/376 194/286/377
f 197/284/375 194/286/378 200/287/379
f 193/281/373 195/280/380 196/288/376
f 195/280/372 194/289/377 196/288/381
f 201/290/382 197/291/383 200/292/384
f 198/293/385 199/294/386 201/295/382
f 198/293/387 201/295/382 200/296/388
f 199/297/386 198/298/389 202/299/390
f 202/299/391 198/298/389 204/300/392
f 207/301/393 203/302/394 209/303/395
f 209/303/395 203/302/394 205/304/396
f 203/305/394 202/299/390 205/306/396
f 205/306/396 202/299/391 204/300/392
f 206/307/397 209/308/395 208/309/398
f 209/308/399 206/307/400 207/310/393
f 211/311/401 210/312/402 212/313/403
f 211/311/401 212/313/404 213/314/405
f 213/314/405 212/313/403 214/315/406
f 213/314/407 214/315/408 216/316/409
f 213/314/407 216/316/409 215/317/410
f 215/317/410 216/316/411 206/318/400
f 215/317/410 206/318/400 208/319/398
f 218/320/412 217/321/413 219/322/414
f 218/320/412 219/322/415 220/323/416
f 220/323/416 219/322/414 210/324/402
f 220/323/417 210/324/402 211/325/418
f 223/326/419 224/327/420 218/328/412
f 218/328/421 224/327/420 217/329/413
f 226/330/422 225/331/423 221/332/424
f 221/332/424 225/331/423 222/333/425
f 221/334/426 222/335/425 223/326/419
f 223/326/419 222/335/425 224/327/420
f 231/336/427 227/337/428 226/338/429
f 226/338/429 227/337/430 225/339/423
f 228/340/431 229/341/432 230/342/433
f 231/343/427 229/344/432 227/345/428
f 230/342/433 232/346/434 228/340/431
f 231/343/427 230/347/433 229/344/432
f 237/348/435 236/349/436 233/350/437
f 237/348/435 233/350/438 232/351/434
f 232/351/439 233/350/438 228/352/440
f 234/353/441 235/354/442 236/349/436
f 234/353/443 236/349/436 237/348/435
f 238/355/444 243/356/445 239/357/446
f 239/357/446 243/356/445 240/358/447
f 239/357/446 240/358/447 235/359/448
f 239/357/446 235/359/449 234/360/441
f 245/361/450 242/362/451 241/363/452
f 241/363/453 242/362/454 238/355/455
f 238/355/444 242/362/451 243/356/445
f 242/362/454 245/361/450 244/364/456
f 246/365/457 244/364/456 245/361/450
f 246/365/457 248/366/458 247/367/459
f 247/367/459 244/364/460 246/365/461
f 251/368/462 247/367/463 248/366/464
f 250/369/465 249/370/466 251/368/467
f 250/369/465 251/368/467 252/371/468
f 252/371/468 251/368/462 248/366/464
f 253/372/469 249/370/470 250/369/465
f 253/372/471 250/369/465 254/373/472
f 253/372/473 254/373/474 255/374/475
f 256/375/476 255/374/477 259/376/478
f 259/376/478 255/374/479 254/373/472
f 257/41/480 25/43/49 258/377/481
f 257/41/480 258/377/481 259/376/478
f 259/376/478 258/377/482 256/375/483
f 262/378/484 263/379/485 261/48/486
f 262/378/487 261/48/54 260/46/53
f 266/380/488 263/379/489 264/381/490
f 264/381/490 263/379/489 262/378/487
f 267/382/491 265/383/492 266/380/488
f 267/382/493 266/380/488 264/381/494
f 267/382/495 269/384/496 265/383/497
f 269/384/498 267/382/493 270/385/499
f 269/386/496 270/387/499 268/388/500
f 273/389/501 268/390/500 271/391/502
f 270/387/499 271/392/502 268/388/503
f 273/389/501 271/391/502 274/393/504
f 275/394/505 272/395/506 273/389/501
f 275/394/505 273/389/501 274/393/504
f 276/396/507 277/397/508 278/398/509
f 278/398/510 277/397/508 279/399/511
f 278/398/512 279/399/513 280/400/514
f 280/400/515 279/399/516 272/395/517
f 280/400/518 272/395/517 275/394/505
f 283/401/519 281/402/520 276/396/507
f 276/396/521 281/402/520 277/397/508
f 286/403/522 284/404/523 282/405/524
f 286/403/522 282/405/524 283/401/525
f 283/401/519 282/405/524 281/402/520
f 287/406/526 284/404/527 286/403/528
f 285/407/529 287/406/530 286/403/528
f 285/407/531 288/408/532 287/406/526
f 288/408/532 285/407/529 291/409/533
f 291/410/534 289/411/535 288/412/532
f 292/413/536 289/414/535 290/415/537
f 290/415/538 289/414/539 291/416/533
f 290/415/538 293/417/540 292/413/541
f 296/418/542 295/419/543 293/420/544
f 295/419/543 292/421/536 293/420/545
f 301/422/546 294/423/547 295/424/543
f 295/424/543 296/425/548 301/422/549
f 303/426/550 298/427/551 297/428/552
f 297/428/553 298/427/554 299/429/555
f 297/428/552 299/429/556 300/430/557
f 300/430/558 299/429/559 294/423/547
f 300/430/558 294/423/547 301/422/549
f 302/431/560 306/432/561 303/426/562
f 303/426/562 306/432/561 298/427/554
f 305/433/563 304/434/564 302/431/565
f 302/431/565 304/434/564 306/432/566
f 311/435/567 308/436/568 307/437/569
f 307/437/570 308/436/568 304/434/564
f 307/437/571 304/434/564 305/433/563
f 312/438/572 309/439/573 310/440/574
f 312/438/575 310/440/576 311/435/577
f 311/435/567 310/440/578 308/436/568
f 314/441/579 313/442/580 312/443/572
f 312/443/575 313/442/581 309/444/573
f 315/445/582 316/446/583 317/447/584
f 317/447/584 316/446/585 318/448/586
f 317/447/584 318/448/587 319/449/588
f 317/447/589 319/449/588 320/450/590
f 320/450/591 319/449/592 313/451/580
f 320/450/591 313/451/580 314/452/579
f 325/453/593 324/454/594 315/445/595
f 315/445/596 324/454/594 316/446/585
f 329/455/597 321/456/598 322/457/599
f 329/455/597 322/457/599 323/458/600
f 323/458/600 322/457/599 324/459/594
f 323/460/601 324/454/602 325/453/603
f 334/461/604 326/462/605 328/463/606
f 328/463/607 326/462/605 327/464/608
f 328/463/606 327/464/608 321/465/598
f 328/463/609 321/465/598 329/466/610
f 330/467/611 331/468/612 333/469/613
f 333/469/614 331/468/612 332/470/615
f 333/469/613 332/470/616 326/462/605
f 333/469/613 326/462/605 334/461/604
f 337/471/617 331/472/618 330/473/619
f 345/474/620 335/475/621 336/476/622
f 330/473/623 336/477/624 337/471/625
f 337/478/617 336/476/622 335/475/626
f 348/479/627 338/480/628 339/481/629
f 339/482/630 338/483/628 340/484/631
f 339/482/632 340/484/631 341/485/633
f 341/485/634 340/484/631 342/486/635
f 341/485/633 342/486/635 343/487/636
f 343/487/637 342/486/635 344/488/638
f 343/487/636 344/488/639 345/474/640
f 345/474/620 344/488/638 335/475/641
f 346/489/642 350/490/643 347/491/644
f 346/489/642 347/491/644 348/492/645
f 347/493/646 338/480/628 348/479/627
f 349/494/647 354/495/648 350/490/649
f 349/494/650 350/490/649 351/496/651
f 351/496/651 350/490/649 346/489/642
f 355/497/652 356/498/653 353/499/654
f 353/499/655 356/498/653 352/500/656
f 353/499/654 352/500/657 349/494/647
f 349/494/647 352/500/657 354/495/648
f 357/501/658 358/502/659 355/497/652
f 355/497/660 358/502/661 356/498/662
f 357/501/663 360/503/664 358/502/659
f 363/504/665 359/505/666 362/506/667
f 362/506/668 359/505/669 361/507/670
f 361/507/671 359/505/672 360/503/673
f 361/507/674 360/503/664 357/501/663
f 363/508/675 364/509/676 366/510/677
f 363/508/675 366/510/677 365/511/678
f 363/508/679 362/512/680 364/509/681
f 368/513/682 367/514/683 366/510/677
f 366/510/677 367/514/684 365/511/678
f 370/515/685 369/516/686 367/514/687
f 370/515/688 367/514/689 368/513/690
f 371/517/691 369/516/692 370/515/685
f 374/518/693 375/519/694 369/516/686
f 374/518/693 369/516/686 371/517/695
f 372/520/696 373/521/697 374/518/693
f 374/518/693 373/521/698 375/519/699
f 377/522/700 376/523/701 373/521/698
f 377/522/700 373/521/698 372/520/702
f 380/524/703 376/523/704 379/525/705
f 379/525/705 376/523/706 377/522/700
f 381/526/707 378/527/708 380/524/709
f 381/526/707 380/524/703 379/525/705
f 384/528/710 383/529/711 378/527/712
f 384/528/713 378/527/712 381/526/707
f 385/530/714 386/531/715 382/532/716
f 385/533/714 382/534/716 384/535/717
f 384/535/717 382/534/716 383/536/718
f 385/530/714 387/537/719 386/531/720
f 386/538/715 387/539/721 388/540/722
f 386/538/723 388/540/724 389/541/725
f 390/542/726 391/543/727 392/544/728
f 392/545/729 389/546/730 388/547/731
f 392/545/732 388/547/722 393/548/733
f 392/544/732 393/549/733 390/542/734
f 398/550/735 394/551/736 391/552/727
f 398/550/735 391/552/737 390/553/734
f 404/554/738 397/555/739 395/556/740
f 395/556/740 397/555/739 396/557/741
f 396/558/741 397/559/739 398/550/735
f 398/550/735 397/559/739 394/551/736
f 405/560/742 406/561/743 399/562/744
f 399/562/744 406/561/745 400/563/746
f 399/564/747 400/565/748 402/566/749
f 399/564/750 402/566/749 401/567/751
f 401/567/752 402/566/749 403/568/753
f 403/568/754 402/566/749 404/569/755
f 403/568/753 404/569/755 395/570/756
f 409/571/757 408/572/758 405/573/759
f 405/573/760 408/572/758 406/574/761
f 407/575/762 411/576/763 408/572/758
f 407/575/764 408/572/758 409/571/757
f 410/577/765 413/578/766 411/579/763
f 410/577/767 411/579/768 407/580/769
f 413/578/766 410/577/765 412/581/770
f 412/581/771 410/577/765 416/582/772
f 418/583/773 414/584/774 415/585/775
f 415/585/775 414/584/774 416/586/772
f 416/586/772 414/584/774 412/587/770
f 417/588/776 418/583/773 415/585/775
f 419/589/777 420/590/778 417/588/779
f 417/588/779 420/590/778 418/583/780
f 425/591/781 421/592/782 426/593/783
f 426/593/783 421/592/782 423/594/784
f 423/594/784 421/592/782 422/595/785
f 423/594/784 422/595/786 420/590/778
f 423/594/784 420/590/778 419/589/777
f 424/596/787 429/597/788 425/598/781
f 424/599/787 425/591/781 426/593/789
f 432/600/790 427/601/791 428/602/792
f 428/602/792 427/601/793 429/597/788
f 428/602/792 429/597/788 424/596/787
f 434/603/794 430/604/795 431/605/796
f 431/605/796 430/604/795 433/606/797
f 431/605/796 433/606/798 432/600/790
f 432/600/790 433/606/797 427/601/791
f 435/607/799 436/608/800 430/609/795
f 435/607/799 430/609/801 434/610/802
f 439/611/803 436/608/804 435/607/805
f 446/612/806 437/613/807 439/611/803
f 446/612/806 439/611/808 438/614/809
f 438/614/809 439/611/808 435/607/799
f 440/615/810 441/616/811 442/617/812
f 440/615/810 442/617/813 443/618/814
f 443/618/814 442/617/812 445/619/815
f 445/619/816 442/617/812 444/620/817
f 445/621/815 444/622/818 437/613/807
f 445/621/819 437/613/807 446/612/806
f 447/623/820 450/624/821 448/625/822
f 448/625/822 450/624/821 449/626/823
f 449/627/824 450/628/825 451/629/826
f 449/627/823 451/629/826 452/630/827
f 452/630/828 451/629/826 453/631/829
f 452/630/828 453/631/830 454/632/831
f 454/632/831 453/631/829 455/633/832
f 454/632/831 455/633/832 456/634/833
f 456/634/833 455/633/834 441/616/811
f 456/634/835 441/616/836 440/615/810
f 464/635/837 457/636/838 459/637/839
f 464/635/840 459/637/841 458/638/842
f 458/639/842 459/640/839 460/641/843
f 458/639/842 460/641/844 461/642/845
f 461/642/846 460/641/843 447/643/847
f 461/642/848 447/643/849 448/644/850
f 462/645/851 463/646/852 457/636/853
f 462/645/854 457/636/838 464/635/840
f 465/647/855 470/648/856 467/649/857
f 465/647/858 467/649/857 466/650/859
f 466/650/860 467/649/857 463/646/861
f 466/650/860 463/646/861 462/645/851
f 469/651/862 468/652/863 470/653/856
f 469/651/862 470/653/856 465/654/864
f 475/655/865 472/656/866 471/657/867
f 471/657/867 472/656/866 468/652/863
f 471/657/867 468/652/868 469/651/862
f 477/658/869 473/659/870 474/660/871
f 474/660/871 473/659/872 475/655/873
f 474/660/871 475/655/874 471/657/867
f 476/661/875 473/662/876 479/663/877
f 477/664/869 479/663/877 473/662/870
f 476/665/878 479/666/877 480/667/879
f 476/665/880 480/667/881 478/668/882
f 480/667/879 481/669/883 478/668/882
f 482/670/884 484/671/885 481/669/886
f 482/670/884 481/669/883 480/667/879
f 485/672/887 483/673/888 482/670/884
f 482/670/884 483/673/888 484/671/885
f 488/674/889 485/675/890 487/676/891
f 485/672/887 488/677/892 483/673/888
f 486/678/893 487/679/894 485/680/895
f 488/681/889 487/682/896 486/683/897
f 486/684/893 490/685/898 488/686/892
f 486/687/897 489/688/899 490/689/898
f 486/690/897 492/691/900 489/692/901
f 490/693/898 489/694/899 488/695/889
f 495/696/902 491/697/903 493/698/904
f 495/696/902 493/698/904 492/691/900
f 492/691/905 493/698/904 489/692/899
f 497/699/906 494/700/907 495/696/908
f 495/696/908 494/700/907 491/697/909
f 499/701/910 496/702/911 494/700/907
f 499/701/910 494/700/912 497/699/913
f 498/703/134 500/704/133 499/705/914
f 499/705/914 500/704/915 496/706/911
f 73/707/144 26/708/916 86/709/917
f 86/709/918 26/708/55 27/710/58
f 86/709/918 27/710/58 349/711/919
f 349/711/647 27/710/59 32/712/61
f 349/711/647 32/712/920 353/713/654
f 32/712/61 31/714/921 353/713/654
f 353/713/654 31/714/64 35/715/68
f 353/713/654 35/715/68 36/716/72
f 36/716/72 39/717/76 353/713/654
f 353/713/654 39/717/78 355/718/652
f 39/717/76 40/719/80 355/718/652
f 355/718/652 40/719/922 42/720/923
f 42/720/923 44/721/86 355/718/652
f 355/718/652 44/721/924 357/722/658
f 357/722/663 44/721/86 361/723/925
f 361/723/925 44/721/86 46/724/89
f 361/723/925 46/724/89 362/725/668
f 362/725/680 46/724/926 49/726/93
f 362/725/680 49/726/93 415/727/775
f 362/725/680 415/727/775 364/728/676
f 364/728/681 415/727/775 366/729/927
f 415/727/775 49/726/93 417/730/776
f 417/730/776 49/726/93 423/731/784
f 417/730/776 423/731/784 419/732/928
f 49/726/93 471/733/929 465/734/930
f 49/726/93 465/734/930 434/735/931
f 50/736/99 471/733/929 49/726/93
f 471/733/929 50/736/99 474/737/871
f 498/738/932 50/736/933 68/739/934
f 68/739/934 50/736/99 55/740/104
f 68/739/935 55/740/103 56/741/108
f 68/739/934 56/741/108 57/742/112
f 68/739/934 57/742/112 66/743/127
f 66/743/127 57/742/112 70/744/137
f 70/744/137 57/742/112 59/745/116
f 70/744/137 59/745/116 72/746/150
f 72/746/150 59/745/116 61/747/120
f 72/746/150 61/747/121 75/748/147
f 75/748/147 61/747/120 63/749/124
f 75/748/147 63/749/124 73/707/144
f 73/707/936 63/749/124 26/708/55
f 50/736/99 498/738/932 492/750/900
f 498/738/932 499/751/910 497/752/937
f 498/738/932 497/752/913 492/750/900
f 492/750/905 497/752/913 495/753/902
f 492/750/905 486/754/897 50/736/99
f 50/736/99 486/754/893 485/755/887
f 485/755/887 482/756/884 50/736/99
f 482/756/884 480/757/879 50/736/99
f 50/736/99 480/757/879 477/758/938
f 477/758/869 480/757/939 479/759/877
f 477/758/869 474/737/871 50/736/99
f 465/734/930 471/733/867 469/760/862
f 465/734/930 466/761/860 434/735/931
f 434/735/802 466/761/860 456/762/940
f 456/762/835 466/761/941 454/763/831
f 454/763/831 466/761/941 462/764/942
f 462/764/851 448/765/850 452/766/828
f 462/764/851 464/767/837 448/765/850
f 448/765/850 464/767/943 458/768/944
f 448/765/850 458/768/945 461/769/845
f 448/765/850 449/770/823 452/766/827
f 462/764/851 452/766/828 454/763/831
f 434/735/931 456/762/835 440/771/810
f 440/771/810 443/772/814 434/735/931
f 445/773/946 435/774/805 443/772/947
f 443/772/947 435/774/805 434/735/931
f 435/774/805 445/773/946 438/775/809
f 438/775/809 445/773/948 446/776/806
f 434/735/931 431/777/796 432/778/790
f 432/778/790 428/779/792 434/735/802
f 434/735/931 428/779/792 49/726/93
f 49/726/93 428/779/792 423/731/784
f 428/779/949 424/780/787 423/731/784
f 423/731/784 424/780/950 426/781/783
f 410/782/765 415/727/775 416/783/772
f 415/727/775 410/782/765 407/784/764
f 407/784/764 374/785/693 371/786/691
f 374/785/951 407/784/764 409/787/757
f 374/785/952 409/787/953 405/788/954
f 374/785/693 405/788/742 372/789/955
f 372/789/955 405/788/759 377/790/700
f 377/790/700 405/788/954 399/791/750
f 377/790/700 399/791/747 395/792/756
f 399/791/747 401/793/751 395/792/956
f 401/793/751 403/794/957 395/792/756
f 396/795/741 379/796/705 395/792/756
f 379/796/958 396/795/741 398/797/959
f 379/796/958 398/797/959 390/798/734
f 390/798/734 393/799/733 388/800/722
f 390/798/960 388/800/722 379/796/958
f 379/796/958 388/800/722 384/801/961
f 384/801/710 388/800/722 387/802/962
f 384/801/961 387/802/721 385/803/714
f 379/796/705 384/801/961 381/804/707
f 379/796/958 377/790/700 395/792/756
f 407/784/764 371/786/695 370/805/688
f 407/784/764 370/805/688 415/727/775
f 415/727/775 370/805/685 368/806/682
f 415/727/775 368/806/682 366/729/677
f 349/711/647 351/807/651 86/709/918
f 86/709/918 351/807/651 84/808/166
f 84/808/166 351/807/651 346/809/642
f 84/808/166 346/809/642 348/810/627
f 84/808/963 348/810/964 81/811/162
f 348/810/964 339/812/630 81/811/965
f 81/811/162 339/812/630 341/813/633
f 81/811/965 341/813/633 80/814/158
f 80/814/158 341/813/634 343/815/636
f 80/814/966 343/815/636 78/816/156
f 78/816/156 343/815/636 90/817/178
f 90/817/967 343/815/636 114/818/220
f 343/815/636 345/819/968 114/818/225
f 114/818/220 345/819/968 112/820/226
f 112/820/969 345/819/968 115/821/221
f 115/821/970 345/819/640 336/822/971
f 115/821/221 336/822/972 116/823/232
f 116/823/973 336/822/971 121/824/241
f 121/824/241 336/822/972 330/825/611
f 121/824/229 330/825/611 119/826/974
f 119/826/246 330/825/623 333/827/975
f 333/827/975 124/828/243 119/826/974
f 124/828/243 333/827/613 123/829/258
f 123/829/258 333/827/613 334/830/604
f 123/829/976 334/830/604 128/831/256
f 128/831/977 334/830/604 328/832/609
f 128/831/256 328/832/609 126/833/251
f 126/833/251 328/832/978 133/834/979
f 133/834/979 328/832/609 132/835/264
f 132/835/980 328/832/609 329/836/610
f 132/835/264 329/836/597 130/837/981
f 130/837/259 329/836/597 323/838/601
f 130/837/259 323/838/601 136/839/982
f 136/839/983 323/838/601 325/840/984
f 136/839/983 325/840/984 138/841/985
f 138/841/986 325/840/984 315/842/596
f 138/841/985 315/842/582 140/843/274
f 140/843/987 315/842/596 142/844/988
f 142/844/988 315/842/596 317/845/584
f 142/844/988 317/845/584 151/846/292
f 151/846/989 317/845/584 148/847/288
f 148/847/289 317/845/584 320/848/990
f 148/847/288 320/848/990 147/849/286
f 147/849/991 320/848/990 144/850/284
f 314/851/992 152/852/304 320/848/990
f 320/848/990 152/852/294 144/850/281
f 314/851/993 312/853/575 152/852/294
f 152/852/304 312/853/572 155/854/299
f 155/854/302 312/853/572 311/855/577
f 155/854/299 311/855/577 307/856/571
f 155/854/302 307/856/571 159/857/314
f 159/857/314 307/856/571 157/858/309
f 307/856/570 305/859/563 157/858/313
f 157/858/309 305/859/563 302/860/994
f 157/858/309 302/860/995 163/861/996
f 163/861/997 302/860/994 160/862/324
f 160/862/324 302/860/994 303/863/562
f 160/862/324 303/863/562 165/864/998
f 165/864/323 303/863/562 297/865/553
f 165/864/323 297/865/553 167/866/318
f 167/866/999 297/865/553 300/867/558
f 167/866/318 300/867/558 166/868/325
f 166/868/1000 300/867/557 301/869/549
f 166/868/325 301/869/549 296/870/1001
f 296/870/1002 173/871/1003 166/868/325
f 173/871/1003 296/870/1002 172/872/334
f 172/872/334 296/870/1001 293/873/544
f 172/872/334 293/873/544 290/874/1004
f 172/872/334 290/874/1004 170/875/333
f 170/875/333 290/874/1004 291/876/534
f 170/875/333 291/876/534 285/877/531
f 170/875/333 285/877/531 182/878/341
f 285/877/531 286/879/528 182/878/341
f 182/878/341 286/879/1005 232/880/439
f 232/880/439 286/879/528 283/881/519
f 232/880/439 283/881/519 276/882/507
f 232/880/439 276/882/507 234/883/441
f 234/883/441 276/882/521 278/884/509
f 280/885/515 239/886/446 278/884/510
f 238/887/455 280/885/515 241/888/1006
f 241/888/1007 280/885/515 275/889/505
f 241/888/1006 275/889/505 274/890/504
f 241/888/1006 274/890/504 270/891/499
f 270/891/499 274/890/504 271/892/1008
f 270/891/499 246/893/461 241/888/1007
f 246/893/461 270/891/499 267/894/493
f 267/894/493 248/895/458 246/893/457
f 267/894/495 252/896/468 248/895/1009
f 252/896/468 267/894/495 262/897/484
f 252/896/1010 262/897/484 254/898/1011
f 267/894/495 264/899/490 262/897/484
f 254/898/1011 262/897/484 257/900/480
f 257/900/480 262/897/484 23/901/41
f 23/901/50 262/897/484 260/902/53
f 23/901/41 260/902/53 18/903/32
f 23/901/50 18/903/32 10/904/26
f 10/904/26 18/903/32 17/905/36
f 10/904/26 17/905/36 15/906/35
f 8/907/11 1/908/8 10/904/26
f 10/904/26 1/908/8 3/909/3
f 10/904/26 3/909/3 23/901/41
f 23/901/50 3/909/1012 21/910/1013
f 21/910/1014 3/909/1012 14/911/25
f 11/912/22 6/913/20 8/907/11
f 8/907/11 6/913/20 1/908/8
f 259/914/1015 254/898/472 257/900/47
f 252/896/468 254/898/472 250/915/465
f 241/888/1006 246/893/461 245/916/450
f 280/885/515 238/887/455 239/886/446
f 278/884/510 239/886/446 234/883/441
f 237/917/435 232/880/439 234/883/441
f 232/880/439 230/918/433 231/919/427
f 232/880/439 231/919/427 182/878/341
f 231/919/427 226/920/422 182/878/341
f 182/878/341 226/920/422 221/921/424
f 223/922/419 191/923/1016 221/921/426
f 221/921/426 191/923/1016 179/924/350
f 179/924/1017 191/923/1016 178/925/348
f 178/925/348 191/923/1016 189/926/365
f 178/925/348 189/926/365 185/927/355
f 185/927/355 189/926/365 183/928/364
f 223/922/419 218/929/412 191/923/1016
f 218/929/412 220/930/416 191/923/1016
f 220/930/416 211/931/418 191/923/1016
f 191/923/371 211/931/401 195/932/372
f 195/932/372 211/931/418 213/933/407
f 213/933/407 215/934/1018 195/932/372
f 195/932/372 215/934/1018 200/935/379
f 200/935/379 215/934/1018 208/936/398
f 200/935/379 208/936/398 198/937/389
f 198/937/389 208/936/398 209/938/395
f 198/937/389 209/938/395 204/939/392
f 204/939/392 209/938/395 205/940/1019
f 194/941/378 195/932/372 200/935/379
f 179/924/349 182/878/341 221/921/426
f 182/878/341 175/942/344 170/875/333
f 114/818/220 110/943/214 90/817/178
f 110/943/214 98/944/1020 87/945/174
f 110/943/214 87/945/174 90/817/178
f 98/944/1020 110/943/214 105/946/215
f 98/944/1020 105/946/1021 101/947/208
f 101/947/208 105/946/1021 107/948/203
f 107/948/203 104/949/205 101/947/208
f 95/950/184 98/944/1020 92/951/186
f 98/944/1020 99/952/189 92/951/192
f 95/950/184 91/953/1022 98/944/1020
f 98/944/1020 91/953/1022 87/945/176
f 64/954/126 85/955/167 28/956/57
f 28/956/57 85/955/167 354/957/1023
f 85/955/167 64/954/56 76/958/152
f 76/958/171 64/954/126 74/959/1024
f 74/959/1024 64/954/56 62/960/123
f 74/959/1025 62/960/122 71/961/149
f 71/961/149 62/960/122 60/962/119
f 71/961/149 60/962/119 69/963/1026
f 69/963/141 60/962/119 58/964/115
f 69/963/1027 58/964/115 54/965/107
f 69/963/1026 54/965/113 65/966/138
f 65/966/128 54/965/107 67/967/130
f 67/967/130 54/965/113 53/968/110
f 67/967/130 53/968/110 52/969/105
f 67/967/130 52/969/1028 500/970/1029
f 500/970/1029 52/969/1028 51/971/97
f 500/970/1029 51/971/96 493/972/904
f 500/970/1029 493/972/904 494/973/912
f 475/974/874 51/971/96 48/975/92
f 47/976/1030 359/977/669 48/975/95
f 48/975/92 359/977/669 363/978/1031
f 359/977/672 47/976/91 45/979/90
f 359/977/669 45/979/87 360/980/1032
f 360/980/1032 45/979/87 43/981/85
f 360/980/664 43/981/1033 358/982/661
f 358/982/661 43/981/85 356/983/662
f 356/983/662 43/981/1033 41/984/1034
f 356/983/662 41/984/79 38/985/74
f 356/983/662 38/985/74 352/986/656
f 38/985/74 37/987/70 352/986/656
f 352/986/656 37/987/73 34/988/66
f 34/988/66 33/989/1035 352/986/656
f 33/989/63 30/990/62 352/986/657
f 352/986/657 30/990/62 29/991/1036
f 352/986/656 29/991/60 354/957/648
f 354/957/1037 29/991/60 28/956/57
f 354/957/648 85/955/168 350/992/649
f 350/992/649 85/955/168 83/993/165
f 347/994/644 83/993/163 82/995/160
f 347/994/646 82/995/160 338/996/628
f 338/996/628 82/995/160 340/997/631
f 340/997/631 82/995/160 79/998/155
f 340/997/631 79/998/155 342/999/635
f 342/999/635 79/998/155 77/1000/154
f 77/1000/1038 89/1001/180 342/999/635
f 342/999/635 89/1001/1039 108/1002/219
f 342/999/635 108/1002/219 344/1003/638
f 88/1004/173 109/1005/1040 89/1001/180
f 109/1005/212 88/1004/173 100/1006/1041
f 100/1006/196 88/1004/173 94/1007/1042
f 100/1006/196 94/1007/182 93/1008/194
f 100/1006/196 93/1008/1043 96/1009/1044
f 93/1008/187 97/1010/1045 96/1009/1044
f 100/1006/196 103/1011/209 109/1005/212
f 103/1011/209 100/1006/196 102/1012/1046
f 103/1011/209 106/1013/213 109/1005/1040
f 89/1001/1039 109/1005/1040 108/1002/219
f 344/1003/638 108/1002/219 113/1014/1047
f 344/1003/638 113/1014/223 111/1015/230
f 344/1003/638 111/1015/1048 335/1016/621
f 335/1016/641 111/1015/230 117/1017/1049
f 335/1016/641 117/1017/227 337/1018/617
f 337/1018/617 117/1017/242 120/1019/237
f 337/1018/1050 120/1019/239 331/1020/612
f 331/1020/612 120/1019/237 118/1021/236
f 331/1020/612 118/1021/1051 122/1022/1052
f 331/1020/612 122/1022/1052 332/1023/616
f 332/1023/616 122/1022/1052 326/1024/605
f 326/1024/1053 122/1022/1052 129/1025/257
f 326/1024/605 129/1025/1054 127/1026/1055
f 326/1024/605 127/1026/253 327/1027/608
f 327/1027/608 127/1026/253 125/1028/250
f 327/1027/608 125/1028/250 131/1029/263
f 327/1027/608 131/1029/261 321/1030/598
f 321/1030/598 131/1029/263 135/1031/1056
f 321/1030/598 135/1031/1056 322/1032/599
f 322/1032/599 135/1031/1056 324/1033/602
f 324/1033/1057 135/1031/1056 134/1034/271
f 324/1033/602 134/1034/271 137/1035/1058
f 324/1033/1057 137/1035/270 316/1036/1059
f 316/1036/1059 137/1035/270 139/1037/275
f 316/1036/1059 139/1037/1060 143/1038/279
f 316/1036/585 143/1038/1061 141/1039/278
f 316/1036/1059 141/1039/278 318/1040/586
f 318/1040/586 141/1039/278 150/1041/290
f 318/1040/586 150/1041/291 149/1042/287
f 318/1040/586 149/1042/1062 319/1043/588
f 319/1043/588 149/1042/287 146/1044/1063
f 319/1043/592 146/1044/283 145/1045/282
f 319/1043/588 145/1045/296 313/1046/580
f 313/1046/580 145/1045/296 153/1047/1064
f 313/1046/580 153/1047/1065 309/1048/573
f 309/1048/1066 153/1047/301 154/1049/300
f 309/1048/573 154/1049/300 310/1050/1067
f 310/1050/578 154/1049/300 308/1051/1068
f 308/1051/1068 154/1049/300 158/1052/312
f 308/1051/1069 158/1052/312 156/1053/310
f 308/1051/1068 156/1053/311 304/1054/564
f 304/1054/564 156/1053/310 306/1055/561
f 306/1055/561 156/1053/1070 162/1056/1071
f 306/1055/561 162/1056/308 161/1057/322
f 306/1055/561 161/1057/1072 298/1058/554
f 298/1058/1073 161/1057/322 164/1059/1074
f 298/1058/554 164/1059/1074 168/1060/327
f 298/1058/554 168/1060/327 299/1061/555
f 299/1061/555 168/1060/327 294/1062/547
f 294/1062/1075 168/1060/327 174/1063/326
f 294/1062/547 174/1063/326 295/1064/543
f 295/1064/543 174/1063/326 171/1065/332
f 295/1064/543 171/1065/332 292/1066/536
f 292/1066/541 171/1065/332 169/1067/331
f 292/1066/541 169/1067/343 289/1068/535
f 289/1068/1076 169/1067/331 288/1069/1077
f 169/1067/331 176/1070/339 181/1071/352
f 169/1067/331 181/1071/352 287/1072/526
f 287/1072/526 181/1071/352 282/1073/1078
f 225/1074/423 181/1071/352 222/1075/425
f 222/1075/425 181/1071/352 180/1076/351
f 222/1075/425 180/1076/347 192/1077/370
f 192/1077/366 180/1076/351 177/1078/346
f 192/1077/366 177/1078/1079 184/1079/354
f 192/1077/366 184/1079/354 188/1080/362
f 188/1080/1080 184/1079/354 186/1081/1081
f 192/1077/366 190/1082/374 222/1075/425
f 222/1075/425 190/1082/369 224/1083/420
f 190/1082/374 217/1084/1082 224/1083/420
f 193/1085/373 219/1086/414 190/1082/374
f 193/1085/373 212/1087/403 210/1088/402
f 193/1085/373 197/1089/375 216/1090/409
f 197/1089/375 193/1085/373 196/1091/1083
f 197/1089/375 201/1092/1084 199/1093/386
f 197/1089/375 199/1093/386 206/1094/400
f 206/1094/397 199/1093/386 202/1095/390
f 206/1094/400 202/1095/390 207/1096/393
f 207/1096/393 202/1095/390 203/1097/394
f 206/1094/397 216/1090/409 197/1089/375
f 216/1090/409 214/1098/1085 193/1085/373
f 214/1098/1085 212/1087/403 193/1085/373
f 210/1088/402 219/1086/414 193/1085/373
f 190/1082/374 219/1086/414 217/1084/1086
f 181/1071/352 225/1074/423 227/1099/428
f 181/1071/352 227/1099/428 228/1100/431
f 228/1100/431 227/1099/428 229/1101/1087
f 228/1100/431 235/1102/442 281/1103/1088
f 228/1100/431 281/1103/520 282/1073/1089
f 235/1102/442 228/1100/431 233/1104/438
f 235/1102/1090 233/1104/1091 236/1105/436
f 235/1102/442 240/1106/1092 277/1107/1093
f 277/1107/508 240/1106/1092 243/1108/1094
f 277/1107/508 243/1108/445 279/1109/511
f 279/1109/516 243/1108/445 272/1110/517
f 272/1110/517 243/1108/445 242/1111/451
f 242/1111/1095 269/1112/496 273/1113/501
f 242/1111/1095 273/1113/501 272/1110/517
f 269/1112/496 242/1111/1095 244/1114/460
f 269/1112/496 244/1114/460 247/1115/459
f 247/1115/463 265/1116/1096 269/1112/496
f 265/1116/1096 247/1115/463 251/1117/462
f 265/1116/1096 251/1117/462 263/1118/489
f 263/1118/489 251/1117/1097 255/1119/475
f 255/1119/475 251/1117/462 253/1120/471
f 253/1120/473 251/1117/1097 249/1121/470
f 256/1122/1098 25/1123/49 255/1119/479
f 255/1119/475 25/1123/49 263/1118/489
f 25/1123/49 256/1122/1098 258/1124/481
f 24/1125/44 263/1118/489 25/1123/49
f 22/1126/39 4/1127/4 24/1125/44
f 24/1125/44 4/1127/23 9/1128/12
f 24/1125/44 9/1128/12 20/1129/34
f 20/1129/34 9/1128/12 19/1130/1099
f 19/1130/33 9/1128/1100 16/1131/30
f 22/1126/39 13/1132/40 4/1127/1101
f 9/1128/12 4/1127/23 7/1133/17
f 7/1133/17 4/1127/4 2/1134/2
f 7/1133/17 2/1134/2 12/1135/21
f 12/1135/21 2/1134/2 5/1136/19
f 20/1129/1102 261/1137/54 24/1125/44
f 261/1137/54 263/1118/485 24/1125/44
f 265/1116/1096 263/1118/489 266/1138/1103
f 273/1113/501 269/1112/496 268/1139/500
f 235/1102/1090 277/1107/508 281/1103/1088
f 228/1100/431 282/1073/1089 181/1071/352
f 284/1140/527 287/1072/1104 282/1073/1089
f 287/1072/526 288/1069/1077 169/1067/331
f 347/994/646 350/992/1105 83/993/165
f 48/975/95 363/978/675 418/1141/780
f 418/1141/780 363/978/675 365/1142/678
f 418/1141/780 365/1142/678 367/1143/684
f 418/1141/780 367/1143/684 411/1144/763
f 411/1144/763 367/1143/1106 369/1145/692
f 411/1144/768 369/1145/692 375/1146/699
f 411/1144/763 375/1146/699 408/1147/758
f 408/1147/758 375/1146/1107 406/1148/745
f 406/1148/745 375/1146/699 373/1149/697
f 406/1148/745 373/1149/697 376/1150/1108
f 406/1148/761 376/1150/706 400/1151/746
f 400/1151/1109 376/1150/1108 404/1152/1110
f 400/1151/748 404/1152/1110 402/1153/749
f 376/1150/1108 380/1154/703 404/1152/1111
f 404/1152/1110 380/1154/703 397/1155/739
f 397/1155/739 380/1154/703 394/1156/736
f 380/1154/703 378/1157/712 383/1158/718
f 380/1154/703 383/1158/718 389/1159/730
f 389/1159/730 383/1158/718 386/1160/715
f 386/1160/1112 383/1158/711 382/1161/716
f 380/1154/703 389/1159/730 391/1162/737
f 391/1162/727 389/1159/730 392/1163/1113
f 418/1141/780 411/1144/763 414/1164/774
f 414/1164/774 411/1144/768 413/1165/1114
f 414/1164/1115 413/1165/1114 412/1166/1116
f 48/975/92 418/1141/780 422/1167/1117
f 48/975/92 422/1167/1117 427/1168/791
f 427/1168/791 422/1167/1117 429/1169/788
f 429/1169/788 422/1167/1117 421/1170/1118
f 429/1169/788 421/1170/782 425/1171/781
f 422/1167/1117 418/1141/780 420/1172/778
f 48/975/92 427/1168/793 430/1173/1119
f 48/975/95 430/1173/1119 470/1174/856
f 470/1174/1120 430/1173/1119 467/1175/857
f 467/1175/1121 430/1173/1119 455/1176/834
f 467/1175/857 455/1176/832 463/1177/852
f 463/1177/852 455/1176/832 453/1178/829
f 427/1168/793 433/1179/797 430/1173/1119
f 442/1180/812 430/1173/1122 436/1181/804
f 442/1180/813 436/1181/804 444/1182/818
f 444/1182/818 436/1181/1123 439/1183/808
f 444/1182/818 439/1183/808 437/1184/1124
f 442/1180/813 441/1185/811 430/1173/1119
f 430/1173/795 441/1185/811 455/1176/832
f 463/1177/852 453/1178/829 451/1186/826
f 463/1177/852 451/1186/1125 447/1187/847
f 447/1187/820 451/1186/826 450/1188/821
f 447/1187/820 460/1189/843 459/1190/1126
f 447/1187/820 459/1190/1126 457/1191/838
f 457/1191/838 463/1177/852 447/1187/820
f 470/1174/856 468/1192/868 472/1193/866
f 470/1174/1120 472/1193/866 48/975/92
f 48/975/92 472/1193/1127 475/974/874
f 51/971/97 475/974/865 473/1194/872
f 51/971/97 473/1194/872 478/1195/882
f 478/1195/1128 473/1194/872 476/1196/880
f 478/1195/1128 481/1197/886 51/971/96
f 51/971/97 481/1197/886 484/1198/885
f 51/971/97 484/1198/885 483/1199/1129
f 483/1199/888 488/1200/889 51/971/97
f 51/971/97 488/1200/889 489/1201/901
f 51/971/97 489/1201/901 493/972/904
f 493/972/904 491/1202/903 494/973/912
f 500/970/1029 494/973/1130 496/1203/911
f 394/1156/736 380/1154/703 391/1162/727
