# Blender 4.0.0
# www.blender.org
mtllib player4.mtl
o player2
v 23.168369 1.000000 -1.439170
v 23.126871 -0.000000 -2.241596
v 27.426172 0.999997 -19.545311
v 27.194195 0.999998 -19.251921
v 27.201126 -0.000002 -19.212811
v 27.142580 -0.000002 -19.409706
v 27.062447 -0.000002 -19.572727
v 26.922804 0.999997 -19.661131
v 27.091646 0.999997 -19.528778
v 26.890776 -0.000002 -19.669830
v 26.698195 -0.000002 -19.773146
v 26.595566 0.999997 -19.874811
v 26.617916 0.999996 -20.255829
v 26.595337 -0.000004 -19.894285
v 26.591217 -0.000004 -20.253916
v 26.464777 0.999996 -20.334249
v 26.458267 0.999996 -20.640844
v 26.446424 -0.000004 -20.638386
v 26.263712 0.999996 -20.895958
v 26.264114 -0.000004 -21.129910
v 26.591833 0.999996 -22.531292
v 26.595987 -0.000004 -22.663214
v 26.448254 0.999996 -23.019333
v 26.449780 -0.000004 -23.012421
v 26.415127 -0.000004 -23.461662
v 26.414452 0.999996 -23.473951
v 26.273977 0.999996 -24.709146
v 26.276039 -0.000004 -24.701921
v 26.981785 -0.000004 -24.335745
v 27.145235 -0.000004 -24.143560
v 27.939095 -0.000004 -23.908323
v 27.052036 0.999996 -24.261879
v 27.358845 0.999996 -24.118389
v 27.943832 0.999996 -23.876965
v 28.137199 -0.000004 -21.822849
v 28.157549 0.999996 -21.456091
v 28.150137 -0.000004 -21.097359
v 28.061598 0.999996 -20.411030
v 28.005476 -0.000004 -20.239254
v 27.804291 0.999997 -19.910732
v 27.432251 -0.000002 -19.540525
v 29.517534 -0.000004 -22.964396
v 29.526451 0.999996 -23.282091
v 29.481773 -0.000004 -24.323772
v 29.464281 0.999996 -24.402946
v 29.342823 -0.000004 -21.877577
v 29.384624 0.999996 -22.024548
v 29.044786 -0.000004 -20.857639
v 29.047195 0.999996 -20.891432
v 28.825743 0.999997 -19.662361
v 29.026243 -0.000004 -19.921843
v 29.034475 0.999997 -19.919046
v 28.767828 -0.000002 -19.396544
v 28.697784 -0.000002 -18.026838
v 28.700552 0.999998 -18.029348
v 28.723791 -0.000002 -18.055532
v 28.723791 0.999998 -18.055532
v 28.759172 0.999998 -18.120201
v 28.756485 -0.000002 -18.112352
v 28.774813 -0.000002 -18.235323
v 28.776049 0.999998 -18.376854
v 28.736221 -0.000002 -18.939760
v 28.726595 0.999998 -19.071569
v 28.557100 0.999998 -17.908728
v 28.216072 -0.000002 -17.453157
v 28.640678 -0.000002 -17.983068
v 28.640678 0.999998 -17.983068
v 28.236271 0.999998 -17.458275
v 27.406548 0.999998 -17.176933
v 27.405334 -0.000002 -17.187271
v 27.602880 -0.000002 -17.143049
v 27.595148 0.999998 -17.138922
v 26.926451 -0.000002 -17.222561
v 27.148388 -0.000002 -17.093216
v 27.447378 0.999998 -17.608658
v 26.886234 0.999998 -17.220646
v 27.405575 -0.000002 -17.593836
v 26.751562 0.999998 -17.380136
v 26.744385 -0.000002 -17.378912
v 26.674356 -0.000002 -17.588400
v 26.649090 0.999998 -17.543003
v 26.809044 0.999998 -17.860365
v 26.781857 -0.000002 -17.841421
v 26.701180 0.999998 -17.679079
v 26.890213 -0.000002 -17.975098
v 26.955315 -0.000002 -17.938002
v 26.951855 0.999998 -17.936918
v 26.626640 -0.000002 -17.828411
v 26.840887 0.999998 -17.940496
v 26.840883 -0.000002 -17.940495
v 26.887800 0.999998 -17.973944
v 26.626881 0.999998 -17.827717
v 26.591820 0.999998 -17.570604
v 26.581255 -0.000002 -17.537643
v 26.186934 -0.000002 -17.408833
v 26.187679 0.999998 -17.407974
v 26.451513 -0.000002 -17.467964
v 26.469999 0.999998 -17.472319
v 26.087103 -0.000002 -17.097736
v 26.192390 0.999998 -16.726675
v 26.081062 0.999998 -17.091028
v 26.061930 -0.000002 -16.522821
v 26.118526 0.999998 -16.565950
v 26.140570 -0.000002 -16.589674
v 26.161514 0.999998 -16.625525
v 26.187317 -0.000002 -16.697756
v 25.988457 0.999998 -16.097078
v 26.055237 -0.000002 -16.295410
v 26.056793 0.999998 -16.308619
v 26.061762 0.999998 -16.523594
v 25.694128 -0.000002 -15.836118
v 25.980219 -0.000002 -16.084211
v 25.693333 0.999998 -15.830247
v 25.710619 -0.000002 -15.598638
v 25.727268 0.999998 -15.639799
v 25.436419 -0.000002 -15.383140
v 25.438896 0.999998 -15.375929
v 25.397486 -0.000002 -15.047997
v 25.407440 0.999998 -15.072800
v 25.435488 -0.000002 -15.276901
v 25.174740 0.999998 -14.923520
v 25.173616 -0.000002 -14.923894
v 25.229280 -0.000002 -14.926143
v 25.229280 0.999998 -14.926143
v 25.272179 0.999998 -14.934947
v 25.269569 -0.000002 -14.934203
v 25.329815 -0.000002 -14.961505
v 25.334761 0.999998 -14.965077
v 25.132416 0.999998 -14.523098
v 25.123180 -0.000002 -14.493126
v 24.825377 -0.000002 -14.054067
v 24.823675 0.999998 -14.048601
v 24.695324 -0.000002 -13.631441
v 24.694380 0.999998 -13.626056
v 24.766832 -0.000002 -13.790604
v 24.764946 0.999998 -13.787476
v 23.899595 0.999998 -12.847086
v 23.688019 -0.000002 -12.849747
v 24.316359 -0.000002 -12.967999
v 24.332651 0.999998 -12.993684
v 23.770895 -0.000002 -12.397274
v 23.758581 0.999998 -12.501494
v 23.996128 0.999998 -11.323100
v 23.778389 0.999998 -12.005866
v 23.782639 -0.000002 -12.002509
v 24.850391 -0.000002 -10.777944
v 24.850391 0.999998 -10.777944
v 24.676561 -0.000002 -11.027328
v 24.697882 0.999998 -10.999440
v 24.236574 0.999998 -11.272979
v 23.994122 -0.000002 -11.344955
v 25.265852 0.999998 -10.762607
v 25.286844 -0.000002 -10.755685
v 26.911472 -0.000002 -11.284107
v 26.606977 0.999998 -11.275782
v 26.166258 0.999998 -11.086588
v 26.186626 -0.000002 -11.106712
v 25.821268 -0.000002 -10.534199
v 25.820219 0.999998 -10.530503
v 27.387833 0.999998 -10.567402
v 27.336584 -0.000002 -10.777470
v 27.046076 0.999998 -11.223780
v 27.522093 -0.000002 -10.718190
v 27.519623 0.999998 -10.771186
v 27.374239 -0.000002 -10.462193
v 27.316236 0.999998 -9.866813
v 27.326548 -0.000002 -8.771473
v 27.323914 0.999998 -8.771640
v 27.313488 -0.000002 -9.853936
v 27.432093 -0.000002 -8.549710
v 27.648849 0.999998 -8.447010
v 27.435316 0.999998 -8.549053
v 27.648134 -0.000002 -8.467734
v 27.550100 -0.000002 -8.363329
v 27.677958 0.999998 -7.556477
v 27.675903 -0.000002 -7.561276
v 27.615099 0.999998 -8.285633
v 27.651682 -0.000002 -8.148622
v 27.818451 -0.000002 -7.531469
v 27.853191 -0.000002 -7.456676
v 27.821014 0.999998 -7.530508
v 27.844652 0.999998 -7.491389
v 27.641579 -0.000002 -7.366414
v 27.843079 -0.000002 -7.390806
v 27.642000 0.999998 -7.369158
v 27.850567 0.999998 -7.393636
v 27.066982 -0.000000 -6.540775
v 27.169905 1.000000 -6.557559
v 27.252737 -0.000000 -6.604359
v 27.373995 0.999998 -6.712780
v 27.384319 -0.000002 -6.728101
v 27.557356 0.999998 -7.038512
v 27.545313 -0.000002 -7.008297
v 26.488811 -0.000002 -6.971973
v 26.501629 0.999998 -6.955283
v 26.789921 -0.000000 -6.618282
v 26.849205 1.000000 -6.580993
v 26.023207 0.999998 -8.231683
v 26.046581 -0.000002 -8.189375
v 26.136530 0.999998 -7.843362
v 26.151613 -0.000002 -7.775805
v 25.814831 -0.000002 -8.426520
v 25.812416 0.999998 -8.428093
v 25.670410 -0.000002 -8.777263
v 25.549755 -0.000002 -8.908056
v 25.560923 -0.000002 -8.820842
v 25.554905 0.999998 -8.832535
v 25.645367 0.999998 -8.801928
v 25.549728 0.999998 -8.907870
v 25.389639 -0.000002 -8.869958
v 23.336578 0.999998 -8.834783
v 23.336346 -0.000002 -8.835225
v 24.269974 -0.000002 -8.631484
v 24.289532 0.999998 -8.632619
v 23.156281 0.999998 -7.444777
v 23.315355 0.999998 -8.581050
v 23.317673 -0.000002 -8.605962
v 23.056976 1.000000 -5.876966
v 23.052336 -0.000000 -5.892486
v 23.169847 -0.000002 -7.542061
v 23.062218 -0.000000 -5.713758
v 23.084867 1.000000 -5.739697
v 22.975924 1.000000 -5.607464
v 22.992281 -0.000000 -4.881504
v 22.993916 1.000000 -4.903402
v 23.107601 -0.000000 -3.927682
v 23.143862 1.000000 -3.826178
v 22.933416 -0.000000 -4.444076
v 22.945818 1.000000 -4.382694
v 23.089592 -0.000000 -3.604585
v 23.019253 1.000000 -3.454057
v 23.021597 -0.000000 -3.319650
v 23.147068 -0.000000 -2.944893
v 23.134634 1.000000 -2.235784
v 23.179371 -0.000000 -2.518255
v 23.161894 1.000000 -2.890344
v 20.882881 1.000000 -2.715792
v 20.870262 -0.000000 -2.699743
v 21.490944 1.000000 -3.441881
v 21.511509 -0.000000 -3.501997
v 21.435894 1.000000 -4.047272
v 21.702272 -0.000000 -4.724886
v 21.462307 -0.000000 -4.236008
v 21.701206 1.000000 -4.733659
v 21.557558 -0.000000 -5.511698
v 21.680649 -0.000000 -5.381617
v 21.667320 1.000000 -5.422558
v 21.547205 1.000000 -5.516866
v 21.507919 -0.000000 -6.056279
v 21.606297 -0.000000 -5.624374
v 21.605011 1.000000 -5.631134
v 21.483662 1.000000 -6.095355
v 21.065359 0.999998 -9.221127
v 21.161770 -0.000002 -8.577449
v 21.189943 0.999998 -8.449738
v 21.451895 -0.000002 -7.309397
v 21.492317 0.999998 -7.107148
v 21.058594 -0.000002 -9.453103
v 21.159359 -0.000002 -10.024815
v 21.149767 0.999998 -9.935412
v 21.061148 -0.000002 -10.240356
v 21.014145 0.999998 -10.558250
v 21.087147 0.999998 -10.249246
v 21.104458 -0.000002 -10.395030
v 20.973936 -0.000002 -10.695114
v 20.810169 -0.000002 -10.776407
v 20.859999 0.999998 -10.846885
v 20.960835 0.999998 -10.706244
v 20.820473 -0.000002 -11.065583
v 20.805784 0.999998 -11.139339
v 20.750648 -0.000002 -11.380984
v 20.701681 -0.000002 -11.207517
v 20.707253 0.999998 -11.197159
v 20.564228 0.999998 -12.219821
v 20.636921 -0.000002 -12.634589
v 20.572510 -0.000002 -11.802575
v 20.602512 0.999998 -11.692411
v 20.752281 0.999998 -11.382056
v 20.232550 0.999998 -13.536027
v 20.650612 0.999998 -12.616174
v 20.245888 -0.000002 -13.675457
v 20.263041 0.999998 -13.689434
v 20.252607 -0.000002 -13.488069
v 20.257465 0.999998 -13.801294
v 20.251926 -0.000002 -13.813521
v 20.169996 -0.000002 -14.132795
v 20.133432 -0.000002 -14.037555
v 20.142199 0.999998 -13.999423
v 20.166258 0.999998 -14.136751
v 19.814732 -0.000002 -14.483973
v 19.814522 0.999998 -14.498188
v 19.757515 0.999998 -15.167742
v 19.754532 -0.000002 -15.172466
v 19.860643 0.999998 -14.978567
v 19.860758 -0.000002 -14.974088
v 19.864168 -0.000002 -14.907865
v 19.864168 0.999998 -14.907865
v 19.163137 -0.000002 -16.234102
v 19.343132 -0.000002 -16.114691
v 19.359592 0.999998 -16.105679
v 19.491617 -0.000002 -15.931480
v 19.496698 0.999998 -15.908286
v 18.996620 -0.000002 -16.696907
v 19.077963 -0.000002 -16.511944
v 19.074810 0.999998 -16.521473
v 19.164225 0.999998 -16.230253
v 19.000179 0.999998 -17.458494
v 19.009773 -0.000002 -17.463985
v 18.956923 -0.000002 -17.016357
v 18.954838 0.999998 -17.025650
v 18.998272 0.999998 -16.693348
v 18.816332 -0.000002 -17.563486
v 18.821165 0.999998 -17.556644
v 18.877285 -0.000002 -17.477356
v 18.833017 -0.000002 -18.148340
v 18.837387 0.999998 -18.138470
v 18.854385 -0.000002 -18.064703
v 18.854385 0.999998 -18.064703
v 18.857815 -0.000002 -18.014809
v 18.857815 0.999998 -18.014809
v 18.853107 -0.000002 -17.914391
v 18.848524 0.999998 -17.873154
v 18.727640 0.999998 -18.496517
v 18.768883 -0.000002 -18.225454
v 18.771948 0.999998 -18.218542
v 18.702120 0.999998 -19.272535
v 18.586914 -0.000002 -18.855877
v 18.591444 0.999998 -18.885948
v 18.731647 -0.000002 -19.617846
v 18.735916 0.999997 -19.759035
v 18.696745 -0.000002 -19.255033
v 18.742126 0.999996 -20.978823
v 18.742329 -0.000004 -20.929090
v 18.941671 0.999996 -21.717573
v 18.944109 -0.000004 -21.704584
v 18.500555 -0.000004 -23.026627
v 18.542576 -0.000004 -22.528732
v 18.480896 0.999996 -22.805733
v 18.524946 0.999996 -23.233273
v 18.504057 -0.000004 -23.232302
v 18.472916 0.999996 -23.188185
v 18.186911 -0.000004 -22.548004
v 18.215994 0.999996 -22.602917
v 17.737076 -0.000004 -21.380600
v 17.741131 0.999996 -21.383989
v 17.254490 -0.000004 -20.481888
v 17.545538 0.999996 -21.209021
v 17.261753 0.999996 -20.484533
v 16.299536 0.999998 -18.795549
v 16.308533 -0.000002 -18.809006
v 16.350651 0.999998 -19.234669
v 16.347219 -0.000002 -19.230036
v 15.710231 -0.000002 -18.154232
v 15.718802 0.999998 -18.161900
v 15.381259 -0.000002 -17.777260
v 15.293046 0.999998 -18.007208
v 15.294560 -0.000002 -18.006035
v 15.380832 0.999998 -17.805742
v 15.366135 -0.000002 -17.337755
v 15.203922 -0.000002 -17.581924
v 15.220506 0.999998 -17.581917
v 15.365286 0.999998 -17.329521
v 15.230249 -0.000002 -17.256338
v 15.230517 0.999998 -17.263134
v 14.728770 0.999998 -17.741961
v 14.725301 -0.000002 -17.741821
v 14.706510 0.999998 -18.362482
v 14.706510 -0.000002 -18.362482
v 14.624740 -0.000002 -18.310488
v 14.618588 0.999998 -18.295238
v 14.757094 -0.000002 -18.731440
v 15.093463 0.999998 -19.209105
v 14.922741 0.999998 -19.125248
v 14.890556 -0.000002 -19.104458
v 14.752156 0.999998 -18.724613
v 15.263543 0.999997 -19.467602
v 15.231634 -0.000002 -19.442888
v 15.133604 0.999998 -19.338928
v 15.128444 -0.000002 -19.332186
v 15.102213 0.999998 -19.261267
v 15.091847 -0.000002 -19.209070
v 15.489132 0.999997 -19.532513
v 15.488679 -0.000002 -19.534500
v 15.901614 0.999996 -21.956423
v 15.633196 -0.000004 -21.452911
v 15.626376 0.999996 -21.381935
v 15.552867 0.999996 -22.269043
v 15.886163 -0.000004 -21.937687
v 15.215917 -0.000004 -22.424049
v 15.507959 -0.000004 -22.353004
v 15.518639 -0.000004 -23.080360
v 15.709932 0.999996 -23.299961
v 15.190940 0.999996 -22.426203
v 15.860455 0.999996 -23.523291
v 15.821872 -0.000004 -23.443159
v 16.572220 0.999996 -24.987314
v 16.570229 -0.000004 -24.985733
v 17.251123 -0.000004 -26.179214
v 16.851452 -0.000004 -25.358118
v 16.873165 0.999996 -25.388765
v 18.088776 0.999996 -27.296354
v 17.667664 -0.000004 -26.899216
v 17.492668 0.999996 -26.646582
v 19.205317 -0.000004 -27.941807
v 18.941719 0.999996 -27.768566
v 18.320078 -0.000004 -27.415852
v 20.194300 -0.000004 -28.458437
v 19.839270 0.999996 -28.334116
v 19.494900 0.999996 -28.146692
v 19.658335 -0.000004 -28.245977
v 20.197077 0.999996 -28.453739
v 19.650391 0.999996 -29.911251
v 19.653013 -0.000004 -29.904264
v 19.740278 -0.000004 -31.621338
v 19.660250 0.999996 -30.952177
v 19.659758 -0.000004 -30.770676
v 21.085285 0.999996 -32.677414
v 21.100801 -0.000004 -32.678493
v 20.637085 -0.000004 -32.531380
v 20.657003 0.999996 -32.537342
v 20.060856 -0.000004 -32.083118
v 20.075308 0.999996 -32.102749
v 19.732712 0.999996 -31.598646
v 22.667988 -0.000004 -31.026337
v 22.671524 0.999996 -31.026499
v 22.553556 0.999996 -31.942402
v 22.624687 -0.000004 -31.755926
v 22.235174 -0.000004 -32.310886
v 22.069160 0.999996 -32.427742
v 21.872780 -0.000004 -32.521996
v 21.687096 0.999996 -32.584351
v 21.477676 -0.000004 -32.634331
v 21.383257 0.999996 -32.649303
v 22.882013 -0.000004 -30.115856
v 22.896448 0.999996 -30.892551
v 22.903894 -0.000004 -30.846737
v 22.814335 -0.000004 -31.013000
v 22.792397 0.999996 -31.021334
v 22.634527 0.999996 -29.896151
v 22.629459 -0.000004 -29.894461
v 22.886557 0.999996 -30.126705
v 22.677114 0.999996 -28.782705
v 22.626867 0.999996 -29.464790
v 22.626995 -0.000004 -29.458178
v 23.074968 -0.000004 -28.704548
v 23.036127 0.999996 -28.729357
v 22.693283 -0.000004 -28.789804
v 23.434992 0.999996 -28.420517
v 23.447912 -0.000004 -28.415438
v 25.113821 -0.000004 -27.846674
v 24.724104 0.999996 -28.092096
v 24.641247 -0.000004 -28.124409
v 25.268799 -0.000004 -28.028601
v 25.113180 0.999996 -27.846952
v 25.560009 -0.000004 -27.793484
v 25.219688 0.999996 -28.033491
v 25.787054 0.999996 -27.751631
v 25.898254 -0.000004 -27.717781
v 26.403196 0.999996 -27.609144
v 26.819519 -0.000004 -27.279757
v 26.392286 -0.000004 -27.619911
v 26.955015 0.999996 -27.167170
v 27.254347 0.999996 -26.644699
v 27.009481 -0.000004 -27.112886
v 27.035500 -0.000004 -26.966446
v 27.248854 -0.000004 -26.648703
v 27.238211 0.999996 -26.824644
v 28.141556 -0.000004 -26.569258
v 27.613808 0.999996 -26.476908
v 27.687740 -0.000004 -26.462601
v 28.377966 -0.000004 -26.341036
v 28.153482 0.999996 -26.560871
v 28.773750 -0.000004 -26.012701
v 28.372772 0.999996 -26.345388
v 28.983253 0.999996 -25.268902
v 28.772516 0.999996 -26.039890
v 28.977615 -0.000004 -25.280462
vn 0.7021 0.7107 0.0438
vn 0.3116 0.9347 -0.1707
vn 0.5958 -0.8029 0.0185
vn -0.5462 0.7029 -0.4556
vn -0.4602 -0.7983 -0.3885
vn -0.1866 -0.8833 -0.4301
vn 0.3260 0.8712 -0.3671
vn 0.3260 0.8712 -0.3670
vn 0.6587 -0.7085 -0.2531
vn 0.5846 0.7191 -0.3756
vn 0.5846 0.7191 -0.3757
vn 0.5693 -0.5670 -0.5954
vn 0.3399 -0.7099 -0.6169
vn 0.4782 0.4430 -0.7583
vn 0.5693 -0.5670 -0.5953
vn 0.4966 -0.5643 -0.6595
vn 0.4782 0.4430 -0.7584
vn 0.6868 0.5901 -0.4244
vn 0.4968 -0.5643 -0.6594
vn 0.7954 -0.5809 -0.1730
vn 0.5973 -0.7383 -0.3134
vn 0.7549 0.6024 -0.2593
vn 0.7954 -0.5809 -0.1729
vn 0.5973 -0.7383 -0.3133
vn 0.5846 0.7501 -0.3090
vn 0.5846 0.7502 -0.3090
vn 0.8492 -0.4294 -0.3074
vn 0.5846 0.7502 -0.3091
vn 0.8492 -0.4295 -0.3074
vn 0.6543 0.7208 -0.2288
vn 0.8492 -0.4294 -0.3073
vn 0.7817 0.5843 -0.2182
vn 0.7817 0.5843 -0.2183
vn 0.8492 -0.4295 -0.3073
vn 0.5869 -0.8096 0.0124
vn 0.5915 0.8059 0.0255
vn 0.6875 -0.7178 -0.1098
vn 0.7760 0.6090 -0.1641
vn 0.7761 0.6089 -0.1641
vn 0.6875 -0.7178 -0.1099
vn 0.6829 -0.7117 -0.1647
vn 0.2862 -0.9578 -0.0252
vn 0.3146 0.9487 -0.0315
vn 0.3146 0.9487 -0.0314
vn 0.2862 -0.9578 -0.0251
vn 0.1373 -0.9887 0.0597
vn 0.1373 -0.9887 0.0596
vn 0.0031 0.9890 0.1479
vn 0.0031 0.9890 0.1478
vn -0.4073 -0.7146 0.5687
vn 0.0032 0.9890 0.1479
vn -0.4074 -0.7145 0.5688
vn -0.4693 0.5701 0.6744
vn -0.4692 0.5701 0.6744
vn -0.4073 -0.7145 0.5688
vn -0.4234 -0.5450 0.7237
vn -0.3496 -0.8395 0.4160
vn -0.2988 0.5704 0.7651
vn -0.4233 -0.5451 0.7237
vn -0.4996 0.8344 0.2330
vn -0.4996 0.8343 0.2330
vn -0.3495 -0.8395 0.4160
vn -0.8305 -0.5543 0.0557
vn -0.8305 -0.5543 0.0556
vn -0.7089 0.7053 0.0034
vn -0.7089 0.7053 0.0035
vn -0.7055 -0.7064 -0.0567
vn -0.7089 0.7053 0.0033
vn -0.7055 -0.7064 -0.0568
vn -0.6844 0.7089 -0.1705
vn -0.6844 0.7089 -0.1704
vn -0.6367 -0.7094 -0.3023
vn -0.6366 -0.7094 -0.3023
vn -0.5565 0.7125 -0.4274
vn -0.5564 0.7125 -0.4275
vn -0.4601 -0.7983 -0.3886
vn 0.8284 0.5601 0.0084
vn 0.8273 -0.5576 0.0679
vn 0.5786 -0.8082 -0.1099
vn 0.5786 -0.8081 -0.1100
vn 0.4761 0.8620 -0.1739
vn 0.5752 -0.7846 -0.2315
vn 0.5752 -0.7846 -0.2314
vn 0.4119 0.8956 -0.1679
vn 0.6925 0.7094 0.1310
vn 0.5806 -0.8012 0.1448
vn 0.6925 0.7094 0.1311
vn 0.8273 -0.5576 0.0678
vn 0.6898 0.7109 0.1369
vn 0.7000 -0.7103 0.0742
vn 0.5806 -0.8012 0.1449
vn 0.6899 0.7109 0.1368
vn 0.5806 -0.8012 0.1447
vn 0.6289 0.7203 0.2927
vn 0.6472 -0.7151 0.2644
vn 0.6725 0.7224 0.1609
vn 0.6725 0.7224 0.1608
vn 0.6471 -0.7151 0.2644
vn 0.7000 -0.7103 0.0741
vn 0.6899 0.7109 0.1369
vn 0.6289 0.7203 0.2926
vn 0.8154 -0.5464 0.1911
vn 0.5841 0.5561 0.5913
vn 0.5452 -0.5561 0.6273
vn 0.5565 -0.7089 0.4333
vn 0.5840 0.5561 0.5913
vn 0.5566 -0.7089 0.4333
vn 0.5887 0.7091 0.3881
vn 0.5888 0.7091 0.3880
vn 0.5495 -0.8042 0.2264
vn 0.5495 -0.8042 0.2265
vn 0.5757 0.8057 0.1393
vn 0.7046 -0.7086 0.0373
vn 0.5757 0.8057 0.1394
vn 0.7046 -0.7086 0.0374
vn 0.5992 0.8005 -0.0120
vn 0.5144 -0.8575 -0.0097
vn 0.5144 -0.8575 -0.0098
vn 0.5115 0.8588 0.0281
vn 0.5115 0.8588 0.0280
vn 0.8154 -0.5464 0.1912
vn 0.4544 0.7146 0.5318
vn 0.5070 -0.6102 0.6088
vn 0.5333 0.7094 0.4609
vn 0.4127 -0.8002 0.4353
vn 0.5333 0.7094 0.4608
vn 0.4127 -0.8001 0.4353
vn 0.3770 0.8002 0.4665
vn 0.3770 0.8002 0.4664
vn 0.4126 -0.8001 0.4353
vn 0.5451 -0.5561 0.6274
vn 0.0846 -0.7291 0.6791
vn 0.5069 -0.6102 0.6088
vn 0.1129 0.4645 0.8783
vn 0.5069 -0.6102 0.6089
vn 0.0176 0.5822 0.8129
vn -0.0173 -0.7224 0.6912
vn 0.0846 -0.7292 0.6791
vn -0.8495 0.5147 0.1163
vn -0.4787 -0.8774 0.0316
vn -0.0822 -0.3141 0.9458
vn 0.0175 0.5822 0.8129
vn -0.0822 -0.3140 0.9459
vn -0.0172 -0.7224 0.6912
vn -0.8495 0.5146 0.1163
vn -0.1427 -0.9838 -0.1083
vn -0.8494 0.5147 0.1164
vn 0.0074 0.9884 0.1520
vn -0.1575 0.8856 0.4369
vn -0.3708 -0.3262 0.8695
vn -0.3709 -0.3261 0.8695
vn -0.7546 0.5549 -0.3502
vn -0.6721 -0.7332 -0.1035
vn -0.9298 0.3276 0.1677
vn -0.9298 0.3276 0.1676
vn -0.3708 -0.3262 0.8696
vn -0.1574 0.8856 0.4369
vn -0.6721 -0.7332 -0.1036
vn -0.3709 -0.3262 0.8695
vn -0.4398 0.8981 -0.0046
vn -0.1925 -0.9813 -0.0010
vn -0.6941 -0.2539 -0.6736
vn -0.4399 0.8980 -0.0046
vn -0.3727 0.8422 -0.3897
vn -0.3727 0.8422 -0.3896
vn -0.6942 -0.2539 -0.6736
vn -0.7546 0.5549 -0.3503
vn 0.0305 -0.7650 0.6433
vn 0.0304 -0.7650 0.6433
vn -0.4399 0.8981 -0.0046
vn 0.0185 0.9218 0.3873
vn 0.4755 0.7425 0.4718
vn 0.6033 -0.7427 0.2904
vn 0.4176 -0.5555 0.7190
vn 0.4501 0.5555 0.6991
vn 0.0184 0.9218 0.3873
vn 0.4502 0.5555 0.6991
vn 0.5128 -0.7342 0.4450
vn 0.7528 0.5815 0.3083
vn 0.3138 0.7149 0.6248
vn 0.6034 -0.7427 0.2904
vn 0.4755 0.7425 0.4719
vn 0.7529 0.5815 0.3083
vn 0.7529 0.5815 0.3084
vn 0.5127 -0.7342 0.4450
vn 0.3462 0.7480 0.5662
vn 0.6375 -0.6014 0.4816
vn 0.2160 -0.7107 0.6696
vn 0.3463 0.7480 0.5662
vn 0.2159 -0.7107 0.6696
vn 0.3138 0.7150 0.6248
vn 0.3139 0.7149 0.6248
vn 0.5128 -0.7341 0.4451
vn 0.8141 0.5730 0.0947
vn 0.5834 -0.8109 -0.0465
vn 0.6375 -0.6014 0.4817
vn 0.3463 0.7479 0.5663
vn 0.6918 0.7197 -0.0584
vn 0.5834 -0.8108 -0.0466
vn 0.5940 0.7438 0.3065
vn 0.7834 -0.4838 0.3901
vn 0.5737 0.5582 0.5994
vn 0.5738 0.5582 0.5993
vn 0.5646 -0.7139 0.4143
vn 0.5738 0.5582 0.5994
vn 0.5645 -0.7139 0.4144
vn 0.6356 0.7107 0.3016
vn 0.8096 -0.5731 0.1269
vn 0.6917 0.7198 -0.0584
vn 0.6918 0.7198 -0.0584
vn 0.6129 0.7177 0.3307
vn 0.4580 -0.8083 0.3699
vn 0.6852 -0.7108 0.1590
vn 0.6129 0.7176 0.3308
vn 0.6851 -0.7108 0.1590
vn 0.6985 0.7105 0.0852
vn 0.6985 0.7105 0.0851
vn 0.5759 0.7482 0.3295
vn 0.7844 -0.6014 0.1520
vn 0.5758 0.7482 0.3295
vn 0.6128 0.7177 0.3307
vn 0.6578 0.7432 0.1220
vn 0.5654 -0.7425 0.3592
vn 0.7844 -0.6013 0.1519
vn 0.6578 0.7432 0.1221
vn 0.7844 -0.6013 0.1520
vn 0.7848 0.4813 0.3905
vn 0.5993 -0.7444 0.2944
vn 0.5654 -0.7425 0.3591
vn 0.7847 0.4813 0.3905
vn 0.6695 0.7163 0.1969
vn 0.6208 -0.7159 0.3194
vn 0.8278 -0.5558 0.0765
vn 0.5993 -0.7444 0.2945
vn 0.3497 0.6454 0.6791
vn 0.5299 -0.7858 0.3190
vn 0.0790 -0.5558 0.8276
vn 0.3497 0.6454 0.6792
vn 0.0791 -0.5558 0.8275
vn 0.1237 0.5557 0.8221
vn 0.1915 -0.7091 0.6786
vn 0.2477 0.7094 0.6599
vn 0.2476 0.7094 0.6599
vn 0.4609 -0.5644 0.6848
vn 0.4609 -0.5644 0.6849
vn 0.5791 0.5663 0.5865
vn 0.6694 0.7163 0.1968
vn 0.5699 0.8070 0.1547
vn 0.6345 -0.7157 0.2918
vn 0.5299 -0.7858 0.3189
vn 0.5699 0.8071 0.1546
vn 0.3497 0.6453 0.6792
vn 0.6442 0.7138 0.2747
vn 0.4047 -0.8976 0.1746
vn 0.6345 -0.7156 0.2919
vn 0.6442 0.7138 0.2748
vn 0.6346 -0.7157 0.2918
vn 0.5699 0.8070 0.1546
vn 0.8487 -0.4488 0.2799
vn 0.4047 -0.8977 0.1745
vn 0.4321 0.7334 0.5247
vn 0.5334 -0.4820 0.6951
vn 0.6309 0.7072 0.3191
vn 0.3980 -0.8948 0.2025
vn 0.3979 -0.8948 0.2025
vn 0.6309 0.7072 0.3190
vn 0.6701 0.7090 0.2196
vn 0.3645 0.7180 0.5930
vn 0.5160 -0.8055 0.2913
vn 0.4321 0.7335 0.5248
vn 0.6968 0.7119 -0.0882
vn 0.8293 -0.5545 -0.0694
vn 0.7168 0.6962 0.0374
vn 0.8292 -0.5546 -0.0695
vn 0.5161 -0.8055 0.2913
vn 0.7168 0.6963 0.0373
vn 0.3646 0.7180 0.5930
vn 0.4378 0.8364 -0.3298
vn 0.3901 -0.7446 -0.5417
vn 0.5838 -0.8017 -0.1286
vn 0.5838 -0.8017 -0.1285
vn 0.6968 0.7118 -0.0882
vn 0.8293 -0.5545 -0.0695
vn 0.1377 -0.9106 -0.3896
vn 0.5233 -0.6147 -0.5902
vn 0.2954 0.8784 -0.3758
vn 0.2989 0.8991 -0.3199
vn 0.3173 0.5579 -0.7668
vn 0.3901 -0.7445 -0.5417
vn 0.3173 0.5579 -0.7669
vn -0.1568 -0.9585 -0.2383
vn 0.2624 -0.3201 -0.9103
vn -0.0096 0.9587 -0.2844
vn -0.0096 0.9587 -0.2843
vn 0.1519 0.3190 -0.9355
vn 0.1377 -0.9106 -0.3897
vn 0.1518 0.3190 -0.9355
vn -0.1230 0.7147 -0.6885
vn 0.1898 -0.6137 -0.7664
vn -0.3532 -0.7331 -0.5812
vn -0.1229 0.7148 -0.6885
vn -0.5012 0.7220 -0.4770
vn -0.5013 0.7220 -0.4769
vn -0.3533 -0.7331 -0.5812
vn -0.1568 -0.9584 -0.2384
vn -0.1568 -0.9584 -0.2383
vn 0.9065 0.4196 0.0482
vn 0.2775 -0.7173 -0.6391
vn 0.5181 0.5954 -0.6140
vn 0.2775 -0.7172 -0.6392
vn 0.5182 0.5954 -0.6140
vn 0.3122 0.1357 -0.9403
vn 0.8984 -0.4374 0.0407
vn 0.3122 0.1356 -0.9403
vn 0.9065 0.4195 0.0482
vn 0.8076 -0.5554 0.1982
vn 0.8983 -0.4375 0.0408
vn 0.9064 0.4196 0.0482
vn 0.7060 0.7067 0.0458
vn 0.5137 -0.8579 0.0138
vn 0.7060 0.7067 0.0459
vn 0.4266 0.8988 -0.1008
vn 0.3548 -0.9313 -0.0823
vn 0.5137 -0.8579 0.0137
vn 0.4267 0.8988 -0.1007
vn 0.2916 0.8705 -0.3965
vn 0.2852 -0.9279 -0.2402
vn 0.3548 -0.9313 -0.0824
vn 0.4525 -0.8882 0.0800
vn 0.7050 -0.4639 -0.5364
vn 0.9177 0.3972 -0.0058
vn 0.9177 0.3972 -0.0059
vn 0.5903 0.8047 -0.0635
vn 0.2917 0.8705 -0.3965
vn 0.7050 -0.4640 -0.5364
vn 0.9300 -0.3217 -0.1779
vn 0.4525 -0.8882 0.0799
vn 0.5903 0.8047 -0.0636
vn 0.5429 0.6911 -0.4770
vn 0.3554 -0.8849 -0.3011
vn 0.5430 0.6911 -0.4770
vn 0.5903 0.8047 -0.0634
vn 0.5429 0.6911 -0.4771
vn 0.4571 -0.6398 -0.6179
vn 0.4571 -0.6397 -0.6179
vn 0.3824 0.7388 -0.5549
vn 0.4329 -0.7829 0.4469
vn 0.9390 -0.3269 -0.1071
vn 0.5200 0.7026 0.4858
vn 0.5200 0.7025 0.4858
vn 0.8903 0.3218 -0.3221
vn 0.4571 -0.6398 -0.6178
vn 0.4571 -0.6397 -0.6180
vn 0.4185 -0.7707 0.4806
vn 0.3168 0.8766 0.3623
vn 0.4184 -0.7707 0.4806
vn 0.2056 0.7249 0.6575
vn -0.0052 -0.5695 0.8220
vn 0.4522 -0.5627 0.6920
vn 0.4522 -0.5627 0.6921
vn 0.6850 0.4556 0.5684
vn 0.5514 -0.7114 0.4357
vn 0.6851 0.4556 0.5684
vn 0.5513 -0.7114 0.4357
vn 0.6399 -0.7094 0.2954
vn 0.6637 0.7098 0.2361
vn 0.6399 -0.7095 0.2954
vn -0.7529 0.4584 0.4723
vn -0.5994 -0.7106 0.3685
vn -0.4230 -0.7204 0.5497
vn -0.4231 -0.7204 0.5495
vn -0.3075 0.5786 0.7554
vn -0.3076 0.5786 0.7554
vn 0.2055 0.7249 0.6575
vn -0.7922 0.5560 0.2516
vn -0.7847 -0.5519 0.2823
vn -0.7529 0.4584 0.4722
vn -0.7098 0.5592 0.4283
vn -0.6533 -0.5598 0.5097
vn -0.4762 0.8086 0.3457
vn -0.4762 0.8085 0.3457
vn -0.4572 -0.8638 0.2118
vn -0.4762 0.8086 0.3456
vn -0.3906 0.7333 0.5565
vn -0.5381 -0.7315 0.4187
vn -0.7098 0.5593 0.4283
vn -0.5381 -0.7315 0.4188
vn -0.2762 -0.9434 0.1836
vn -0.6021 -0.3514 0.7170
vn -0.8351 0.3632 0.4131
vn -0.0756 0.9582 0.2761
vn 0.0689 0.3234 0.9438
vn -0.0684 -0.3214 0.9445
vn 0.1811 -0.5548 0.8121
vn 0.1812 -0.5548 0.8120
vn -0.0756 0.9581 0.2762
vn -0.2762 -0.9434 0.1835
vn 0.1271 0.8839 0.4500
vn 0.3279 -0.9210 0.2103
vn 0.1272 0.8839 0.4500
vn 0.8283 0.5551 0.0757
vn 0.5963 -0.7998 0.0695
vn 0.7951 0.6000 0.0882
vn 0.7026 -0.7074 0.0774
vn 0.3278 -0.9211 0.2103
vn 0.3278 -0.9211 0.2102
vn 0.9347 0.3309 0.1297
vn 0.7024 -0.7114 -0.0213
vn 0.3133 0.9494 -0.0216
vn 0.3133 0.9494 -0.0215
vn 0.7024 -0.7114 -0.0212
vn 0.8283 0.5551 0.0758
vn 0.8020 -0.5654 0.1927
vn 0.5561 0.8193 0.1395
vn 0.8320 0.5520 0.0557
vn 0.7135 -0.6991 0.0458
vn 0.8020 -0.5654 0.1928
vn 0.5561 0.8193 0.1396
vn 0.6106 -0.7891 -0.0677
vn 0.7135 -0.6991 0.0457
vn 0.8320 0.5519 0.0557
vn 0.9662 0.2479 -0.0710
vn 0.8749 -0.4695 -0.1188
vn 0.6105 -0.7891 -0.0677
vn 0.6105 -0.7891 -0.0676
vn 0.4361 0.8982 -0.0548
vn 0.8144 -0.5552 0.1689
vn 0.8749 -0.4695 -0.1187
vn 0.8143 -0.5553 0.1689
vn 0.5824 0.8106 0.0613
vn 0.8143 -0.5553 0.1688
vn 0.5823 0.8106 0.0614
vn 0.5848 -0.8084 -0.0669
vn 0.6891 -0.7111 -0.1393
vn 0.5849 -0.8083 -0.0669
vn 0.9587 0.2438 -0.1462
vn 0.9588 0.2438 -0.1462
vn 0.5848 -0.8084 -0.0670
vn 0.7021 0.7107 0.0437
vn 0.9482 -0.3141 0.0485
vn 0.9482 -0.3140 0.0486
vn 0.6891 -0.7111 -0.1392
vn -0.3843 0.9059 -0.1777
vn -0.4161 -0.9066 -0.0701
vn -0.6961 -0.5539 -0.4568
vn -0.3843 0.9060 -0.1777
vn -0.6961 -0.5538 -0.4568
vn -0.7348 0.5603 -0.3823
vn -0.9157 -0.3241 -0.2378
vn -0.4161 -0.9066 -0.0700
vn -0.9463 0.3166 -0.0656
vn -0.6019 0.7905 -0.1131
vn -0.4263 -0.8999 -0.0916
vn -0.6020 0.7905 -0.1131
vn -0.9463 0.3166 -0.0657
vn -0.6020 0.7905 -0.1130
vn -0.4746 -0.8699 0.1340
vn -0.4263 -0.9000 -0.0916
vn -0.4746 -0.8699 0.1339
vn -0.4797 0.8201 0.3119
vn -0.8391 -0.3693 0.3995
vn -0.7757 -0.6264 -0.0772
vn -0.9268 0.3749 -0.0236
vn -0.8390 -0.3693 0.3995
vn -0.5265 0.8483 -0.0562
vn -0.8250 0.5498 0.1308
vn -0.7016 -0.7099 0.0610
vn -0.7009 0.7123 0.0375
vn -0.5899 -0.8013 0.0997
vn -0.6924 0.7074 0.1420
vn -0.6924 0.7074 0.1419
vn -0.8232 -0.5512 0.1360
vn -0.6924 0.7075 0.1419
vn -0.8232 -0.5513 0.1360
vn -0.5956 0.8016 0.0513
vn -0.5957 0.8016 0.0512
vn -0.8232 -0.5512 0.1361
vn -0.7016 -0.7099 0.0609
vn -0.5957 0.8016 0.0513
vn -0.8264 0.5625 -0.0266
vn -0.7053 -0.7077 -0.0413
vn -0.7009 0.7123 0.0376
vn -0.7842 0.6095 0.1169
vn -0.8897 -0.4514 0.0689
vn -0.5820 -0.8084 0.0883
vn -0.8264 0.5625 -0.0267
vn -0.5746 -0.8152 0.0723
vn -0.8897 -0.4514 0.0688
vn -0.7841 0.6095 0.1169
vn -0.6766 0.6991 0.2313
vn -0.5747 -0.8152 0.0723
vn -0.6766 0.6990 0.2313
vn -0.6630 -0.5823 0.4704
vn -0.6227 0.5891 0.5149
vn -0.6228 0.5891 0.5149
vn -0.6907 -0.5725 0.4418
vn -0.6727 -0.7143 0.1930
vn -0.6561 0.7351 0.1709
vn -0.6561 0.7351 0.1710
vn -0.6907 -0.5725 0.4417
vn -0.6499 0.5846 0.4858
vn -0.6727 -0.7143 0.1929
vn -0.3427 0.9282 0.1452
vn -0.7163 -0.6614 0.2224
vn -0.6499 0.5845 0.4858
vn -0.6499 0.5845 0.4857
vn -0.8154 0.5785 -0.0211
vn -0.6727 -0.7278 0.1335
vn -0.3427 0.9282 0.1451
vn -0.8154 0.5785 -0.0212
vn -0.6719 0.7259 0.1468
vn -0.5830 -0.8121 0.0243
vn -0.7028 0.7095 -0.0514
vn -0.7028 0.7095 -0.0515
vn -0.5830 -0.8121 0.0244
vn -0.8153 -0.5689 0.1076
vn -0.8153 -0.5689 0.1075
vn -0.6681 0.7131 0.2125
vn -0.6681 0.7131 0.2124
vn -0.8153 -0.5690 0.1076
vn -0.6727 -0.7278 0.1334
vn -0.6727 -0.7278 0.1333
vn -0.5852 0.8093 0.0515
vn -0.5666 -0.8057 0.1727
vn -0.6720 0.7259 0.1468
vn -0.6969 0.7154 -0.0511
vn -0.8947 -0.4454 -0.0344
vn -0.5852 0.8093 0.0516
vn -0.5666 -0.8057 0.1728
vn -0.7850 0.5755 0.2292
vn -0.5556 -0.8100 0.1874
vn -0.5766 0.8105 0.1026
vn -0.5767 0.8105 0.1026
vn -0.5767 0.8105 0.1025
vn -0.7278 0.6585 0.1914
vn -0.4758 -0.8736 0.1026
vn -0.8139 -0.5807 -0.0185
vn -0.7278 0.6585 0.1913
vn -0.8139 -0.5807 -0.0184
vn -0.7850 0.5755 0.2291
vn -0.8138 -0.5808 -0.0184
vn -0.6333 0.7438 0.2138
vn -0.7273 -0.6390 0.2504
vn -0.7274 -0.6389 0.2504
vn -0.5539 0.8008 0.2280
vn -0.4645 -0.8580 0.2194
vn -0.6722 0.7161 0.1882
vn -0.4644 -0.8580 0.2194
vn -0.4226 -0.8986 0.1177
vn -0.4227 -0.8986 0.1176
vn -0.5988 -0.8009 -0.0029
vn -0.6721 0.7161 0.1882
vn -0.5124 0.8581 -0.0320
vn -0.5125 0.8581 -0.0319
vn -0.5988 -0.8009 -0.0030
vn -0.6333 0.7438 0.2137
vn -0.4921 0.8334 0.2517
vn -0.6198 -0.7117 0.3306
vn -0.5540 0.8007 0.2279
vn -0.5539 0.8008 0.2279
vn -0.4955 0.7260 0.4769
vn -0.5959 -0.7260 0.3433
vn -0.5223 -0.5578 0.6450
vn -0.4954 0.7260 0.4769
vn -0.5072 0.7122 0.4852
vn -0.5072 0.7123 0.4852
vn -0.6198 -0.7118 0.3306
vn -0.4921 0.8333 0.2518
vn -0.5299 0.8348 0.1492
vn -0.6777 -0.7107 0.1888
vn -0.5846 0.7815 0.2181
vn -0.5846 0.7815 0.2182
vn -0.4187 -0.8947 0.1556
vn -0.5846 0.7814 0.2181
vn -0.4954 0.7260 0.4770
vn -0.4099 0.7877 0.4598
vn -0.4545 -0.8747 0.1684
vn -0.7056 0.7086 0.0057
vn -0.7038 -0.7104 0.0021
vn -0.7056 0.7086 0.0056
vn -0.7038 -0.7104 0.0022
vn -0.3415 -0.7246 0.5986
vn -0.4544 -0.8747 0.1684
vn -0.4099 0.7878 0.4598
vn -0.5975 0.8003 -0.0512
vn -0.6809 -0.7264 0.0939
vn -0.4728 0.8348 0.2821
vn -0.4100 0.7877 0.4598
vn -0.4728 0.8348 0.2820
vn -0.3415 -0.7246 0.5987
vn -0.6808 -0.7264 0.0939
vn -0.6062 0.7179 0.3424
vn -0.7068 -0.5636 0.4276
vn -0.7655 0.5631 0.3112
vn -0.7656 0.5631 0.3112
vn -0.6945 -0.7080 0.1277
vn -0.7655 0.5631 0.3113
vn -0.7010 0.7081 0.0852
vn -0.7010 0.7081 0.0854
vn -0.5137 -0.8578 0.0155
vn -0.7010 0.7081 0.0853
vn -0.5139 0.8578 -0.0075
vn -0.5139 0.8578 -0.0076
vn -0.5981 -0.8002 -0.0433
vn -0.5981 -0.8002 -0.0432
vn -0.5975 0.8003 -0.0511
vn -0.6808 -0.7264 0.0940
vn -0.7972 0.5657 0.2108
vn -0.7917 -0.6107 0.0138
vn -0.6527 -0.7123 0.2581
vn -0.6061 0.7179 0.3424
vn -0.6527 -0.7123 0.2580
vn -0.6948 0.7083 -0.1251
vn -0.4389 -0.8949 -0.0809
vn -0.7918 -0.6107 0.0138
vn -0.6948 0.7083 -0.1252
vn -0.5347 0.8449 0.0154
vn -0.5054 0.8583 -0.0892
vn -0.5940 -0.8027 -0.0530
vn -0.4471 0.8944 -0.0123
vn -0.4470 0.8944 -0.0122
vn -0.3931 -0.9192 -0.0228
vn -0.3931 -0.9192 -0.0227
vn -0.7948 0.5849 0.1617
vn -0.8146 -0.5796 -0.0215
vn -0.5054 0.8583 -0.0891
vn -0.8146 -0.5796 -0.0214
vn -0.5940 -0.8027 -0.0531
vn -0.7948 0.5849 0.1618
vn -0.6699 -0.7101 0.2169
vn 0.4019 -0.8114 0.4243
vn -0.5973 -0.8020 -0.0071
vn -0.3132 0.9380 0.1488
vn -0.3132 0.9380 0.1487
vn -0.5974 -0.8019 -0.0072
vn -0.6916 0.7168 0.0882
vn -0.6916 0.7168 0.0881
vn -0.5974 -0.8019 -0.0070
vn -0.6698 -0.7101 0.2169
vn -0.6917 0.7168 0.0881
vn 0.4019 -0.8114 0.4244
vn 0.5624 0.7154 0.4145
vn 0.8251 0.4469 0.3457
vn 0.6491 -0.7092 0.2751
vn 0.4018 -0.8114 0.4245
vn 0.5624 0.7154 0.4146
vn 0.5734 0.7164 0.3975
vn 0.6970 -0.5975 0.3964
vn 0.6970 -0.5976 0.3964
vn 0.5815 0.7238 0.3714
vn 0.7762 -0.4356 0.4557
vn 0.6970 -0.5975 0.3965
vn 0.5815 0.7238 0.3715
vn 0.6969 -0.5976 0.3965
vn 0.5733 0.7164 0.3976
vn 0.6190 0.7082 0.3396
vn 0.7762 -0.4356 0.4558
vn 0.6486 0.7193 0.2487
vn 0.4064 -0.9009 0.1526
vn 0.6190 0.7082 0.3394
vn 0.6260 0.7254 0.2862
vn 0.8071 -0.4657 0.3628
vn 0.8071 -0.4658 0.3628
vn 0.4063 -0.9009 0.1527
vn 0.3667 0.8074 0.4622
vn 0.2860 -0.8071 0.5164
vn 0.6260 0.7253 0.2862
vn 0.2979 -0.9543 0.0256
vn 0.2859 -0.8072 0.5165
vn 0.2172 0.9550 0.2020
vn 0.2860 -0.8071 0.5165
vn 0.9336 0.3532 -0.0601
vn 0.8791 -0.3550 0.3180
vn 0.2979 -0.9542 0.0256
vn 0.6309 0.7748 0.0394
vn 0.3638 -0.9311 0.0274
vn 0.8791 -0.3551 0.3180
vn 0.6309 0.7749 0.0395
vn 0.7498 0.4130 0.5170
vn -0.1127 -0.5254 0.8433
vn 0.9061 -0.4156 -0.0790
vn 0.6309 0.7749 0.0394
vn 0.3638 -0.9311 0.0275
vn -0.0957 0.7751 0.6245
vn -0.1128 -0.5254 0.8434
vn -0.0958 0.7751 0.6245
vn -0.6062 0.7244 0.3283
vn -0.1127 -0.5254 0.8434
vn -0.6061 0.7244 0.3283
vn -0.3792 -0.9029 0.2023
vn -0.5223 0.7357 -0.4312
vn -0.6185 -0.7375 -0.2712
vn -0.8876 -0.2847 -0.3622
vn -0.8876 -0.2847 -0.3621
vn -0.3793 -0.9029 0.2023
vn -0.6062 0.7244 0.3282
vn -0.8876 -0.2846 -0.3622
vn -0.8063 0.5074 -0.3041
vn -0.5224 0.7357 -0.4312
vn -0.8635 0.4527 -0.2222
vn -0.6839 -0.7101 -0.1673
vn -0.6185 -0.7375 -0.2713
vn -0.4953 -0.8239 -0.2753
vn -0.6533 -0.4692 -0.5942
vn -0.3319 0.8788 -0.3429
vn -0.4942 0.7325 -0.4682
vn -0.4799 0.8454 -0.2345
vn -0.3386 -0.8438 -0.4163
vn -0.4178 0.6110 -0.6724
vn -0.3387 -0.8438 -0.4162
vn -0.2981 -0.8398 -0.4537
vn -0.4177 0.6111 -0.6724
vn -0.2982 -0.8398 -0.4536
vn -0.8242 -0.2475 -0.5093
vn -0.4178 0.6111 -0.6724
vn -0.5823 0.7146 -0.3876
vn -0.5824 0.7146 -0.3875
vn -0.9115 0.3171 -0.2619
vn -0.9115 0.3170 -0.2619
vn -0.4953 -0.8239 -0.2754
vn -0.3320 0.8787 -0.3429
vn -0.6733 0.7173 -0.1794
vn -0.8614 -0.4489 -0.2377
vn -0.4798 0.8454 -0.2346
vn -0.4798 0.8454 -0.2345
vn -0.3387 -0.8438 -0.4163
vn -0.4369 0.8991 -0.0266
vn -0.3534 -0.9238 0.1472
vn -0.4369 0.8991 -0.0267
vn -0.4709 0.4436 0.7625
vn -0.3440 -0.7389 0.5794
vn -0.4710 0.4436 0.7625
vn -0.3534 -0.9238 0.1471
vn -0.4369 0.8991 -0.0268
vn -0.6432 -0.4599 0.6123
vn -0.6432 -0.4598 0.6123
vn -0.9045 0.4265 -0.0048
vn -0.3278 -0.9200 -0.2148
vn -0.6026 -0.7053 -0.3734
vn -0.2577 0.9494 -0.1795
vn -0.6214 0.7065 -0.3387
vn -0.7625 0.4495 -0.4653
vn -0.8276 -0.2435 -0.5058
vn -0.6214 0.7065 -0.3388
vn -0.3277 -0.9200 -0.2149
vn -0.7082 -0.3293 -0.6245
vn -0.7375 -0.5566 -0.3824
vn -0.7935 0.3262 -0.5138
vn -0.5300 0.7832 -0.3251
vn -0.3156 -0.9290 -0.1934
vn -0.3156 -0.9290 -0.1935
vn -0.5151 0.5553 -0.6529
vn -0.3785 -0.7132 -0.5900
vn -0.7935 0.3261 -0.5138
vn -0.4444 0.5541 -0.7039
vn -0.3266 -0.8001 -0.5032
vn -0.3119 0.8003 -0.5121
vn -0.3266 -0.8001 -0.5031
vn -0.1375 0.9883 -0.0655
vn -0.3014 -0.9434 -0.1385
vn -0.3689 0.3168 -0.8738
vn -0.4449 -0.3216 -0.8359
vn -0.4448 -0.3216 -0.8359
vn -0.3265 -0.8001 -0.5032
vn -0.7832 0.6061 0.1384
vn -0.5395 -0.8366 0.0955
vn -0.3014 -0.9434 -0.1386
vn -0.1376 0.9883 -0.0656
vn -0.8902 -0.4528 -0.0498
vn -0.5395 -0.8365 0.0955
vn -0.7832 0.6061 0.1385
vn -0.9145 0.3187 -0.2493
vn -0.8582 -0.3240 -0.3981
vn -0.8902 -0.4528 -0.0497
vn -0.7090 0.7039 -0.0430
vn -0.1459 0.5616 -0.8144
vn -0.0259 -0.5630 -0.8261
vn -0.3684 -0.6059 -0.7051
vn -0.3685 -0.6059 -0.7051
vn -0.2528 0.8361 -0.4869
vn -0.5763 0.6059 -0.5485
vn -0.5763 0.6058 -0.5484
vn -0.3989 -0.8355 -0.3779
vn -0.5763 0.6059 -0.5484
vn -0.3990 -0.8355 -0.3779
vn -0.5763 0.6058 -0.5485
vn 0.2046 -0.9057 -0.3713
vn 0.9122 -0.3269 -0.2472
vn 0.3651 0.9063 -0.2131
vn 0.8216 0.3373 -0.4596
vn 0.8215 0.3373 -0.4597
vn 0.9122 -0.3268 -0.2472
vn 0.4794 -0.7165 -0.5067
vn 0.3754 0.7155 -0.5891
vn 0.3754 0.7155 -0.5892
vn 0.3211 -0.5594 -0.7642
vn 0.3211 -0.5594 -0.7641
vn 0.2031 0.7091 -0.6752
vn 0.1197 -0.8012 -0.5863
vn 0.0989 0.7080 -0.6992
vn 0.1198 -0.8012 -0.5863
vn 0.0989 0.7080 -0.6993
vn -0.0258 -0.5630 -0.8261
vn 0.7787 0.5848 0.2273
vn 0.6805 -0.5836 0.4431
vn 0.8137 -0.5683 -0.1219
vn 0.7786 0.5849 0.2273
vn 0.8137 -0.5683 -0.1218
vn 0.7588 0.5723 -0.3111
vn 0.6005 -0.3467 -0.7205
vn 0.6005 -0.3467 -0.7206
vn 0.3085 0.3404 -0.8882
vn 0.3085 0.3403 -0.8882
vn 0.2046 -0.9057 -0.3714
vn 0.3086 0.3403 -0.8882
vn 0.2047 -0.9057 -0.3713
vn 0.3651 0.9062 -0.2131
vn 0.4794 0.8211 0.3097
vn 0.4647 -0.8750 0.1355
vn 0.6805 -0.5836 0.4432
vn 0.4794 0.8212 0.3096
vn 0.4547 0.8558 -0.2468
vn 0.2898 -0.8501 -0.4397
vn 0.7076 -0.7055 -0.0394
vn 0.4547 0.8557 -0.2469
vn 0.6001 0.7998 -0.0100
vn 0.6001 0.7999 -0.0100
vn 0.4647 -0.8750 0.1354
vn 0.3163 0.3230 -0.8920
vn 0.4649 -0.3246 -0.8237
vn 0.4548 0.8557 -0.2468
vn 0.2344 -0.7110 -0.6630
vn 0.2373 -0.8375 -0.4922
vn 0.3046 0.7162 -0.6279
vn 0.4648 -0.3246 -0.8237
vn -0.1015 0.9081 -0.4063
vn -0.1396 -0.7238 -0.6757
vn 0.3595 0.5579 -0.7480
vn -0.1396 -0.7239 -0.6757
vn 0.2343 -0.7110 -0.6631
vn 0.2343 -0.7110 -0.6630
vn 0.1189 -0.4361 -0.8920
vn -0.1396 -0.7239 -0.6756
vn -0.4640 0.3825 -0.7990
vn 0.1188 -0.4360 -0.8921
vn 0.3105 0.5934 -0.7426
vn 0.1189 -0.4360 -0.8921
vn 0.3105 0.5933 -0.7427
vn 0.2295 -0.8489 -0.4762
vn 0.1767 -0.5563 -0.8119
vn 0.3808 0.4579 -0.8033
vn 0.2939 -0.7154 -0.6339
vn 0.1768 -0.5563 -0.8119
vn 0.4624 0.6708 -0.5798
vn 0.5743 -0.5667 -0.5908
vn 0.2938 -0.7154 -0.6339
vn 0.2663 -0.8690 -0.4170
vn 0.4624 0.6709 -0.5798
vn 0.8516 -0.1801 -0.4924
vn 0.2663 -0.8691 -0.4169
vn 0.6618 0.5936 -0.4578
vn 0.8516 -0.1800 -0.4923
vn 0.4623 0.6708 -0.5798
vn 0.8516 -0.1801 -0.4923
vn 0.6618 0.5936 -0.4579
vn 0.8314 0.0905 -0.5483
vn 0.6326 -0.4983 -0.5929
vn 0.1339 0.8099 -0.5711
vn 0.6325 -0.4984 -0.5929
vn 0.6325 -0.4983 -0.5929
vn 0.2756 0.2676 -0.9233
vn 0.2310 -0.4917 -0.8396
vn 0.0016 -0.8113 -0.5846
vn 0.1338 0.8099 -0.5711
vn 0.3630 0.8326 -0.4184
vn 0.5272 -0.6034 -0.5983
vn 0.2755 0.2676 -0.9233
vn 0.2310 -0.4916 -0.8396
vn 0.8085 0.2474 -0.5340
vn 0.7392 -0.4736 -0.4789
vn 0.5273 -0.6034 -0.5983
vn 0.3630 0.8325 -0.4184
vn 0.8085 0.2474 -0.5339
vn 0.5751 -0.7846 -0.2315
vn -0.5462 0.7029 -0.4557
vn 0.5115 0.8589 0.0281
vn 0.5115 0.8589 0.0280
vn -0.6948 0.7083 -0.1250
vn 0.4781 0.4430 -0.7584
vn -0.4471 0.8944 -0.0121
vn 0.6543 0.7208 -0.2287
vn 0.7816 0.5843 -0.2183
vn 0.5915 0.8059 0.0256
vn -0.6916 0.7169 0.0882
vn 0.7761 0.6089 -0.1640
vn 0.8251 0.4469 0.3456
vn -0.7625 0.4495 -0.4654
vn 0.3047 0.7162 -0.6279
vn 0.4547 0.8557 -0.2468
vn -0.1376 0.9883 -0.0655
vn 0.4119 0.8956 -0.1678
vn 0.0032 0.9890 0.1478
vn 0.4761 0.8621 -0.1739
vn 0.4761 0.8621 -0.1738
vn 0.6288 0.7204 0.2927
vn 0.3630 0.8325 -0.4185
vn -0.1016 0.9081 -0.4063
vn 0.3104 0.5934 -0.7427
vn 0.3162 0.3230 -0.8920
vn 0.0988 0.7080 -0.6993
vn 0.6001 0.7999 -0.0101
vn 0.4794 0.8211 0.3096
vn 0.7787 0.5848 0.2272
vn 0.7588 0.5723 -0.3110
vn 0.7587 0.5723 -0.3111
vn -0.2527 0.8361 -0.4869
vn -0.5764 0.6059 -0.5484
vn -0.3120 0.8003 -0.5121
vn -0.5150 0.5553 -0.6530
vn 0.6190 0.7082 0.3395
vn 0.6487 0.7193 0.2487
vn 0.6486 0.7193 0.2488
vn -0.6733 0.7173 -0.1793
vn -0.4799 0.8454 -0.2346
vn 0.6261 0.7253 0.2863
vn -0.3320 0.8787 -0.3430
vn -0.9115 0.3171 -0.2618
vn 0.2173 0.9550 0.2020
vn -0.8636 0.4527 -0.2222
vn -0.5224 0.7357 -0.4311
vn 0.6309 0.7748 0.0395
vn -0.0958 0.7751 0.6246
vn 0.7497 0.4130 0.5170
vn 0.5992 0.8005 -0.0121
vn -0.6061 0.7179 0.3425
vn 0.5758 0.8056 0.1393
vn 0.5887 0.7091 0.3880
vn 0.3769 0.8002 0.4665
vn -0.5974 0.8003 -0.0512
vn 0.4501 0.5555 0.6992
vn 0.4754 0.7425 0.4719
vn -0.4729 0.8347 0.2821
vn -0.4729 0.8348 0.2820
vn 0.7528 0.5815 0.3084
vn 0.3463 0.7479 0.5662
vn -0.7056 0.7086 0.0055
vn -0.7056 0.7086 0.0054
vn 0.6918 0.7198 -0.0583
vn 0.6356 0.7107 0.3015
vn -0.5846 0.7814 0.2182
vn 0.5939 0.7438 0.3065
vn 0.6985 0.7105 0.0853
vn 0.6128 0.7177 0.3308
vn 0.5760 0.7482 0.3294
vn -0.4921 0.8333 0.2517
vn 0.5759 0.7482 0.3294
vn 0.6579 0.7432 0.1221
vn 0.6579 0.7432 0.1220
vn 0.7848 0.4813 0.3904
vn 0.6695 0.7163 0.1968
vn 0.5791 0.5663 0.5864
vn -0.5125 0.8581 -0.0320
vn 0.1236 0.5557 0.8221
vn -0.6332 0.7438 0.2138
vn -0.5851 0.8093 0.0515
vn -0.5851 0.8093 0.0516
vn 0.4321 0.7335 0.5247
vn 0.4320 0.7335 0.5247
vn 0.7168 0.6963 0.0374
vn 0.6968 0.7119 -0.0881
vn 0.4377 0.8364 -0.3298
vn -0.3428 0.9281 0.1451
vn -0.3427 0.9281 0.1452
vn 0.3172 0.5579 -0.7669
vn -0.6561 0.7350 0.1711
vn -0.6561 0.7350 0.1710
vn -0.7841 0.6095 0.1168
vn 0.3134 0.9494 -0.0215
vn 0.3134 0.9494 -0.0216
vn -0.9268 0.3748 -0.0236
vn 0.8320 0.5520 0.0556
vn 0.4361 0.8982 -0.0547
vn 0.5824 0.8106 0.0614
vn 0.3116 0.9348 -0.1706
vn 0.3116 0.9348 -0.1707
vn -0.7098 0.5592 0.4284
vn 0.4266 0.8988 -0.1007
vn -0.5013 0.7219 -0.4770
vn 0.6637 0.7098 0.2360
vn 0.3825 0.7388 -0.5549
vn 0.8904 0.3218 -0.3219
vn 0.0074 0.9883 0.1521
vn -0.3726 0.8422 -0.3897
vn 0.4544 0.7146 0.5319
vn -0.4388 -0.8949 -0.0809
vn 0.6471 -0.7150 0.2644
vn 0.6472 -0.7150 0.2644
vn 0.5807 -0.8012 0.1448
vn 0.5807 -0.8011 0.1449
vn -0.4074 -0.7145 0.5687
vn 0.5751 -0.7846 -0.2314
vn 0.6829 -0.7117 -0.1648
vn -0.5974 -0.8019 -0.0071
vn 0.4018 -0.8114 0.4244
vn -0.6698 -0.7101 0.2170
vn 0.5869 -0.8096 0.0125
vn 0.8491 -0.4295 -0.3074
vn 0.3398 -0.7099 -0.6169
vn 0.6587 -0.7085 -0.2532
vn -0.4389 -0.8949 -0.0808
vn 0.5452 -0.5561 0.6274
vn 0.4126 -0.8002 0.4353
vn 0.4126 -0.8001 0.4354
vn -0.1925 -0.9813 -0.0009
vn -0.1424 -0.9838 -0.1088
vn 0.0847 -0.7291 0.6791
vn -0.0172 -0.7224 0.6913
vn -0.4787 -0.8774 0.0315
vn -0.3709 -0.3261 0.8696
vn 0.4127 -0.8001 0.4354
vn 0.4177 -0.5555 0.7190
vn 0.6034 -0.7427 0.2903
vn 0.5127 -0.7342 0.4451
vn -0.3416 -0.7246 0.5986
vn 0.6374 -0.6014 0.4816
vn 0.5834 -0.8108 -0.0465
vn -0.6777 -0.7107 0.1887
vn 0.8096 -0.5731 0.1270
vn 0.5645 -0.7139 0.4143
vn 0.7834 -0.4838 0.3902
vn 0.4580 -0.8084 0.3699
vn -0.6198 -0.7118 0.3305
vn 0.5655 -0.7425 0.3591
vn -0.4644 -0.8580 0.2195
vn 0.5992 -0.7444 0.2945
vn 0.8278 -0.5558 0.0766
vn 0.1914 -0.7091 0.6786
vn 0.0791 -0.5558 0.8276
vn 0.6346 -0.7156 0.2919
vn 0.6346 -0.7156 0.2918
vn -0.4758 -0.8736 0.1025
vn -0.8138 -0.5808 -0.0185
vn -0.5556 -0.8101 0.1874
vn 0.8486 -0.4488 0.2799
vn -0.5556 -0.8101 0.1875
vn 0.3980 -0.8948 0.2024
vn 0.5333 -0.4820 0.6951
vn 0.5161 -0.8054 0.2914
vn -0.5831 -0.8121 0.0243
vn 0.8292 -0.5545 -0.0695
vn -0.6908 -0.5725 0.4417
vn -0.6630 -0.5824 0.4704
vn -0.5819 -0.8084 0.0883
vn 0.1899 -0.6137 -0.7664
vn 0.8076 -0.5554 0.1983
vn 0.8983 -0.4374 0.0407
vn -0.5994 -0.7105 0.3686
vn 0.7049 -0.4640 -0.5365
vn 0.9300 -0.3217 -0.1780
vn 0.5513 -0.7114 0.4358
vn -0.4230 -0.7204 0.5496
vn -0.5994 -0.7105 0.3685
vn -0.6021 -0.3513 0.7170
vn -0.7053 -0.7077 -0.0412
vn -0.5819 -0.8084 0.0884
vn 0.3279 -0.9210 0.2102
vn 0.1811 -0.5548 0.8120
vn 0.7026 -0.7074 0.0773
vn -0.5899 -0.8013 0.0998
vn 0.5963 -0.7998 0.0696
vn 0.7025 -0.7114 -0.0212
vn -0.4262 -0.9000 -0.0916
vn 0.6106 -0.7891 -0.0676
vn 0.8144 -0.5553 0.1688
vn 0.6892 -0.7111 -0.1392
vn 0.9481 -0.3141 0.0485
vn -0.9157 -0.3241 -0.2377
vn -0.5746 -0.8152 0.0724
vn -0.7918 -0.6107 0.0139
vn 0.6970 -0.5976 0.3965
vn 0.4063 -0.9009 0.1526
vn 0.2859 -0.8071 0.5166
vn -0.2981 -0.8399 -0.4536
vn -0.4952 -0.8240 -0.2754
vn -0.4953 -0.8240 -0.2753
vn -0.1128 -0.5254 0.8433
vn -0.8876 -0.2846 -0.3621
vn -0.3440 -0.7388 0.5795
vn -0.6026 -0.7053 -0.3735
vn -0.6432 -0.4598 0.6122
vn -0.3156 -0.9289 -0.1935
vn -0.7375 -0.5566 -0.3825
vn -0.3013 -0.9434 -0.1385
vn 0.2897 -0.8501 -0.4397
vn 0.7076 -0.7055 -0.0393
vn -0.3013 -0.9434 -0.1386
vn -0.5395 -0.8365 0.0956
vn -0.8582 -0.3240 -0.3982
vn 0.4794 -0.7165 -0.5068
vn 0.8137 -0.5684 -0.1219
vn 0.2374 -0.8375 -0.4922
vn 0.2294 -0.8489 -0.4762
vn 0.1189 -0.4360 -0.8920
vn 0.5744 -0.5667 -0.5908
vn 0.5273 -0.6034 -0.5982
vn 0.5272 -0.6033 -0.5983
vt 0.815947 0.400083
vt 0.815945 0.382600
vt 0.844463 0.400108
vt 0.872994 0.711158
vt 0.844479 0.711014
vt 0.844470 0.701911
vt 0.872985 0.703034
vt 0.930051 0.784709
vt 0.930051 0.756184
vt 0.933503 0.756271
vt 0.934556 0.784822
vt 0.903493 0.254723
vt 0.901703 0.226202
vt 0.904386 0.226208
vt 0.909505 0.226206
vt 0.908620 0.254722
vt 0.915233 0.226202
vt 0.918449 0.254719
vt 0.918457 0.226205
vt 0.923577 0.866423
vt 0.923100 0.837906
vt 0.931662 0.866422
vt 0.932127 0.837907
vt 0.920817 0.482086
vt 0.925323 0.453918
vt 0.925323 0.482689
vt 0.930063 0.905093
vt 0.930454 0.876583
vt 0.936671 0.876576
vt 0.936904 0.905092
vt 0.930104 0.186554
vt 0.930360 0.158037
vt 0.936267 0.186554
vt 0.873037 0.704567
vt 0.901544 0.701911
vt 0.901552 0.709907
vt 0.873022 0.747327
vt 0.901537 0.750418
vt 0.873028 0.755913
vt 0.901544 0.755811
vt 0.901545 0.765400
vt 0.873030 0.765640
vt 0.901552 0.791124
vt 0.873036 0.791225
vt 0.930063 0.929513
vt 0.901547 0.929376
vt 0.901546 0.906857
vt 0.930058 0.904246
vt 0.901537 0.900556
vt 0.901549 0.877011
vt 0.930059 0.894615
vt 0.930063 0.876576
vt 0.873014 0.834069
vt 0.844498 0.834966
vt 0.844505 0.775334
vt 0.873022 0.764862
vt 0.844506 0.754646
vt 0.873018 0.735179
vt 0.844500 0.730340
vt 0.873008 0.721185
vt 0.815937 0.172707
vt 0.844453 0.165375
vt 0.844455 0.195587
vt 0.815940 0.197053
vt 0.905302 0.329011
vt 0.904502 0.300493
vt 0.921210 0.300493
vt 0.921127 0.329008
vt 0.815944 0.141735
vt 0.844461 0.137707
vt 0.815959 0.110204
vt 0.844475 0.109423
vt 0.815969 0.078501
vt 0.844476 0.087879
vt 0.815960 0.087931
vt 0.844487 0.071499
vt 0.815975 0.039302
vt 0.844491 0.039224
vt 0.844489 0.040325
vt 0.815974 0.040297
vt 0.844488 0.042178
vt 0.815972 0.042375
vt 0.844487 0.045284
vt 0.815971 0.048488
vt 0.844489 0.060593
vt 0.815974 0.063389
vt 0.815996 0.018325
vt 0.844512 0.017887
vt 0.815981 0.034086
vt 0.844493 0.037245
vt 0.815977 0.037217
vt 0.844540 0.000255
vt 0.816025 -0.000000
vt 0.930259 0.581784
vt 0.930110 0.553269
vt 0.935672 0.581784
vt 0.935824 0.553269
vt 0.917642 0.358256
vt 0.918671 0.329741
vt 0.925896 0.329731
vt 0.930291 0.104112
vt 0.936675 0.132628
vt 0.930101 0.132628
vt 0.931958 0.358256
vt 0.829828 0.902066
vt 0.830909 0.930583
vt 0.817145 0.902069
vt 0.815937 0.930583
vt 0.901622 0.439651
vt 0.901622 0.411135
vt 0.918832 0.439758
vt 0.917925 0.411236
vt 0.923678 0.100497
vt 0.926236 0.071980
vt 0.927503 0.100495
vt 0.932278 0.071983
vt 0.932249 0.100499
vt 0.930805 0.225568
vt 0.930755 0.197053
vt 0.935442 0.197053
vt 0.934670 0.225568
vt 0.918622 0.100501
vt 0.919136 0.071984
vt 0.936794 0.701911
vt 0.936765 0.730426
vt 0.934683 0.701916
vt 0.934683 0.730431
vt 0.909544 0.382612
vt 0.909505 0.411127
vt 0.903260 0.411117
vt 0.903287 0.382602
vt 0.901622 0.411115
vt 0.901718 0.382600
vt 0.916884 0.411129
vt 0.915981 0.382613
vt 0.920316 0.382619
vt 0.925282 0.553085
vt 0.925282 0.524570
vt 0.931739 0.524589
vt 0.932160 0.553106
vt 0.920707 0.411135
vt 0.873082 0.062915
vt 0.901597 0.063199
vt 0.901592 0.071980
vt 0.873077 0.071946
vt 0.873076 0.056576
vt 0.873082 0.049712
vt 0.901598 0.049725
vt 0.873080 0.051654
vt 0.901594 0.052601
vt 0.873078 0.053748
vt 0.901592 0.055860
vt 0.873086 0.038772
vt 0.901602 0.038365
vt 0.901598 0.044452
vt 0.873083 0.044751
vt 0.873099 0.027619
vt 0.901615 0.027794
vt 0.873098 0.023887
vt 0.901614 0.022693
vt 0.873111 0.012918
vt 0.901626 0.013066
vt 0.873112 0.005499
vt 0.901628 0.004792
vt 0.901626 0.010640
vt 0.932278 0.100496
vt 0.932278 0.071980
vt 0.933739 0.071984
vt 0.933705 0.100499
vt 0.934732 0.071987
vt 0.934760 0.100502
vt 0.873118 0.000034
vt 0.901634 0.000000
vt 0.901631 0.001661
vt 0.873115 0.001800
vt 0.873098 0.513493
vt 0.901614 0.512681
vt 0.901612 0.523322
vt 0.873096 0.523306
vt 0.873112 0.497395
vt 0.901628 0.497576
vt 0.901630 0.490589
vt 0.873134 0.464982
vt 0.901651 0.464146
vt 0.873118 0.485577
vt 0.901634 0.485743
vt 0.873115 0.490458
vt 0.887785 0.102142
vt 0.873076 0.077056
vt 0.887785 0.071980
vt 0.873154 0.454172
vt 0.844481 0.530235
vt 0.872997 0.539009
vt 0.844482 0.541133
vt 0.873001 0.547839
vt 0.844476 0.551408
vt 0.844471 0.518514
vt 0.872987 0.519002
vt 0.872997 0.530259
vt 0.930101 0.132299
vt 0.930090 0.137859
vt 0.901585 0.132324
vt 0.901575 0.137209
vt 0.901571 0.150995
vt 0.930090 0.158037
vt 0.901576 0.157950
vt 0.930087 0.104111
vt 0.930089 0.119845
vt 0.901571 0.104157
vt 0.901573 0.120484
vt 0.844482 0.689422
vt 0.872991 0.680780
vt 0.873017 0.700927
vt 0.844503 0.701469
vt 0.917193 0.329774
vt 0.917642 0.358291
vt 0.901700 0.358247
vt 0.901700 0.329731
vt 0.844514 0.665473
vt 0.873017 0.667440
vt 0.844477 0.676819
vt 0.930112 0.819745
vt 0.930112 0.791225
vt 0.935530 0.791266
vt 0.907254 0.198223
vt 0.901703 0.197053
vt 0.930102 0.676830
vt 0.930095 0.685192
vt 0.901586 0.679424
vt 0.901580 0.686324
vt 0.901589 0.662297
vt 0.930105 0.661985
vt 0.901589 0.637592
vt 0.930104 0.637662
vt 0.927027 0.411115
vt 0.927063 0.382600
vt 0.930747 0.411122
vt 0.930615 0.382607
vt 0.934167 0.694651
vt 0.930105 0.694715
vt 0.930105 0.666196
vt 0.934347 0.666125
vt 0.920722 0.382608
vt 0.920707 0.411122
vt 0.932160 0.524570
vt 0.935581 0.524570
vt 0.933657 0.553089
vt 0.844470 0.930177
vt 0.844571 0.901661
vt 0.857472 0.901660
vt 0.859920 0.930174
vt 0.935466 0.028521
vt 0.935428 0.057036
vt 0.931342 0.028524
vt 0.931300 0.057040
vt 0.934348 0.666125
vt 0.936016 0.666135
vt 0.934348 0.694642
vt 0.936462 0.694654
vt 0.930169 0.028521
vt 0.930531 0.057038
vt 0.930169 -0.000000
vt 0.935483 0.028521
vt 0.930169 0.028516
vt 0.935295 0.000005
vt 0.873064 0.526702
vt 0.901585 0.524570
vt 0.901576 0.529223
vt 0.873055 0.533750
vt 0.901570 0.534303
vt 0.901563 0.543441
vt 0.873047 0.544307
vt 0.901559 0.553227
vt 0.873043 0.553269
vt 0.914507 0.072360
vt 0.914507 0.100879
vt 0.902905 0.100690
vt 0.901458 0.072145
vt 0.894735 0.100542
vt 0.892671 0.071980
vt 0.930090 0.183718
vt 0.901575 0.181776
vt 0.930104 0.158037
vt 0.901588 0.158524
vt 0.921210 0.329044
vt 0.921210 0.300528
vt 0.928816 0.329014
vt 0.929786 0.300493
vt 0.930086 0.194900
vt 0.901571 0.193669
vt 0.920071 0.293590
vt 0.920801 0.265075
vt 0.930895 0.293596
vt 0.930944 0.265081
vt 0.932300 0.226202
vt 0.934797 0.226203
vt 0.934456 0.254718
vt 0.934679 0.358256
vt 0.931958 0.329764
vt 0.935317 0.329731
vt 0.932304 0.254718
vt 0.931958 0.358282
vt 0.901558 0.668413
vt 0.873043 0.668959
vt 0.873061 0.641513
vt 0.901580 0.637592
vt 0.873064 0.637629
vt 0.901580 0.695867
vt 0.873064 0.695913
vt 0.815946 0.518594
vt 0.844461 0.521063
vt 0.815938 0.547114
vt 0.844454 0.547747
vt 0.844453 0.553269
vt 0.815937 0.553236
vt 0.815949 0.478690
vt 0.844466 0.481620
vt 0.815950 0.481321
vt 0.844465 0.477737
vt 0.815954 0.473808
vt 0.815953 0.458151
vt 0.844469 0.457654
vt 0.844471 0.446715
vt 0.815946 0.436312
vt 0.844463 0.438015
vt 0.815955 0.445510
vt 0.844464 0.430376
vt 0.815952 0.425719
vt 0.844467 0.422738
vt 0.844462 0.416408
vt 0.815945 0.415400
vt 0.844460 0.407290
vt 0.873035 0.609209
vt 0.844520 0.610900
vt 0.844496 0.588693
vt 0.873012 0.589139
vt 0.844518 0.631868
vt 0.873033 0.626518
vt 0.873043 0.645807
vt 0.844527 0.645554
vt 0.844527 0.664291
vt 0.873042 0.665473
vt 0.934683 0.701911
vt 0.934242 0.730436
vt 0.930087 0.701970
vt 0.815961 0.556430
vt 0.815960 0.553269
vt 0.844475 0.553428
vt 0.930087 0.730488
vt 0.844477 0.556625
vt 0.844472 0.569979
vt 0.815958 0.568839
vt 0.844456 0.659482
vt 0.815944 0.641039
vt 0.844461 0.637372
vt 0.815956 0.604607
vt 0.844473 0.598803
vt 0.844460 0.679751
vt 0.815941 0.666098
vt 0.844457 0.688759
vt 0.815941 0.688530
vt 0.815944 0.682288
vt 0.815942 0.692894
vt 0.844455 0.697639
vt 0.815937 0.701579
vt 0.844453 0.701911
vt 0.935465 0.411116
vt 0.930747 0.382600
vt 0.935936 0.382600
vt 0.833028 0.902066
vt 0.841258 0.902066
vt 0.839299 0.930583
vt 0.843410 0.930587
vt 0.830909 0.930581
vt 0.931150 0.293591
vt 0.930944 0.265075
vt 0.934362 0.293594
vt 0.935546 0.265075
vt 0.901582 0.558492
vt 0.873066 0.558462
vt 0.873065 0.553568
vt 0.901580 0.553269
vt 0.901578 0.593765
vt 0.873062 0.594302
vt 0.901575 0.582558
vt 0.873060 0.570658
vt 0.901576 0.567489
vt 0.901562 0.620406
vt 0.873047 0.619017
vt 0.901564 0.624746
vt 0.873047 0.624364
vt 0.901559 0.633703
vt 0.873047 0.628292
vt 0.901563 0.627940
vt 0.901560 0.637592
vt 0.873044 0.637474
vt 0.873043 0.634798
vt 0.859920 0.930258
vt 0.859930 0.901741
vt 0.872951 0.930176
vt 0.872951 0.901660
vt 0.930109 0.810770
vt 0.901593 0.810907
vt 0.930112 0.805274
vt 0.901597 0.805145
vt 0.901597 0.803254
vt 0.930113 0.803256
vt 0.901595 0.791225
vt 0.930111 0.791632
vt 0.930099 0.832141
vt 0.901583 0.832805
vt 0.918866 0.439650
vt 0.918832 0.411135
vt 0.924839 0.411138
vt 0.925335 0.439654
vt 0.930650 0.411135
vt 0.930093 0.837906
vt 0.901694 0.278442
vt 0.873179 0.278544
vt 0.901697 0.273466
vt 0.873182 0.273190
vt 0.873185 0.265185
vt 0.901701 0.265075
vt 0.901694 0.300245
vt 0.873179 0.300390
vt 0.901693 0.287956
vt 0.873177 0.287688
vt 0.932160 0.905115
vt 0.935828 0.905093
vt 0.935828 0.933608
vt 0.912961 0.454172
vt 0.904168 0.482689
vt 0.903969 0.454174
vt 0.930063 0.933651
vt 0.901651 0.482687
vt 0.932174 0.482434
vt 0.934663 0.453927
vt 0.934728 0.482443
vt 0.920533 0.454173
vt 0.920817 0.482689
vt 0.918412 0.482688
vt 0.918413 0.454172
vt 0.916987 0.482688
vt 0.916988 0.454172
vt 0.914130 0.482688
vt 0.844462 0.709878
vt 0.815941 0.720261
vt 0.815948 0.702110
vt 0.844463 0.701911
vt 0.932174 0.453918
vt 0.844461 0.732018
vt 0.815945 0.731524
vt 0.844456 0.721115
vt 0.844462 0.780602
vt 0.815947 0.779183
vt 0.844462 0.745848
vt 0.815946 0.741827
vt 0.844470 0.801450
vt 0.815954 0.801076
vt 0.815939 0.824973
vt 0.815937 0.845062
vt 0.815937 0.839204
vt 0.844454 0.845070
vt 0.844452 0.832931
vt 0.844454 0.382244
vt 0.815940 0.380678
vt 0.815951 0.362963
vt 0.844468 0.361243
vt 0.815937 0.382600
vt 0.815973 0.327110
vt 0.844489 0.326991
vt 0.815982 0.319761
vt 0.844510 0.298267
vt 0.815995 0.298425
vt 0.816036 0.254330
vt 0.844552 0.254193
vt 0.816038 0.243488
vt 0.844553 0.243976
vt 0.816064 0.219079
vt 0.844580 0.218784
vt 0.844599 0.208238
vt 0.816084 0.208211
vt 0.816080 0.205159
vt 0.844595 0.204548
vt 0.816087 0.197312
vt 0.844603 0.197053
vt 0.931591 0.604910
vt 0.935557 0.633432
vt 0.931362 0.633426
vt 0.930739 0.439650
vt 0.935481 0.439652
vt 0.935867 0.411135
vt 0.935426 0.604916
vt 0.920071 0.265075
vt 0.919974 0.293591
vt 0.901756 0.293591
vt 0.901701 0.265076
vt 0.934556 0.784700
vt 0.934618 0.756184
vt 0.936812 0.756185
vt 0.907254 0.197053
vt 0.923562 0.197056
vt 0.923560 0.225572
vt 0.907680 0.225568
vt 0.936886 0.784700
vt 0.912825 0.866423
vt 0.912637 0.837908
vt 0.923098 0.866421
vt 0.930105 0.637609
vt 0.935562 0.637592
vt 0.930105 0.666125
vt 0.934745 0.666111
vt 0.901583 0.866430
vt 0.902144 0.837913
vt 0.924289 0.633438
vt 0.924289 0.604922
vt 0.930535 0.633428
vt 0.931362 0.604910
vt 0.923562 0.225575
vt 0.924235 0.197058
vt 0.927284 0.197054
vt 0.927096 0.225570
vt 0.929277 0.225569
vt 0.930754 0.225568
vt 0.901690 0.353056
vt 0.873174 0.355070
vt 0.901684 0.300492
vt 0.873169 0.300548
vt 0.901700 0.369146
vt 0.873184 0.368626
vt 0.912823 0.553092
vt 0.910800 0.524580
vt 0.925082 0.524570
vt 0.925282 0.553087
vt 0.902295 0.524570
vt 0.901585 0.553084
vt 0.844494 0.411023
vt 0.844483 0.400994
vt 0.873006 0.407058
vt 0.872986 0.382688
vt 0.844471 0.382600
vt 0.873011 0.413268
vt 0.873039 0.454262
vt 0.844523 0.454217
vt 0.844565 0.507625
vt 0.844549 0.487532
vt 0.873074 0.500606
vt 0.873050 0.465394
vt 0.844534 0.464542
vt 0.873177 0.254054
vt 0.901694 0.247832
vt 0.901703 0.265075
vt 0.873096 0.518514
vt 0.873177 0.216233
vt 0.901695 0.223998
vt 0.873180 0.231003
vt 0.873186 0.197053
vt 0.901701 0.197193
vt 0.873179 0.206918
vt 0.901693 0.211888
vt 0.873056 0.042094
vt 0.844540 0.041891
vt 0.844561 0.000135
vt 0.873076 0.000000
vt 0.844540 0.066574
vt 0.873059 0.090096
vt 0.844543 0.090734
vt 0.873056 0.071747
vt 0.844604 0.346523
vt 0.873119 0.346082
vt 0.873133 0.358888
vt 0.844617 0.358340
vt 0.844652 0.373779
vt 0.873169 0.374138
vt 0.873072 0.104112
vt 0.844556 0.103566
vt 0.901651 0.482691
vt 0.917449 0.482689
vt 0.901688 0.511207
vt 0.920421 0.511202
vt 0.844641 0.302981
vt 0.873169 0.300493
vt 0.873135 0.312942
vt 0.844613 0.317952
vt 0.873123 0.323763
vt 0.844605 0.329196
vt 0.873119 0.335267
vt 0.844603 0.337989
vt 0.901583 0.587370
vt 0.930098 0.587073
vt 0.930097 0.604027
vt 0.901582 0.604910
vt 0.930155 0.329011
vt 0.929786 0.300492
vt 0.932745 0.300499
vt 0.933432 0.329014
vt 0.936935 0.300492
vt 0.936879 0.329008
vt 0.901594 0.577785
vt 0.930110 0.577687
vt 0.901592 0.553269
vt 0.930107 0.553737
vt 0.930110 0.567749
vt 0.901594 0.567870
vt 0.873096 0.443841
vt 0.901613 0.442657
vt 0.901617 0.453712
vt 0.873102 0.454172
vt 0.901612 0.396717
vt 0.901622 0.431341
vt 0.873107 0.431740
vt 0.873103 0.382638
vt 0.901618 0.382600
vt 0.873096 0.394302
vt 0.930400 0.482695
vt 0.935426 0.482689
vt 0.930209 0.511209
vt 0.935416 0.511205
vt 0.930082 0.754746
vt 0.901568 0.756184
vt 0.901565 0.739364
vt 0.930087 0.745887
vt 0.930079 0.736090
vt 0.901552 0.721506
vt 0.930067 0.721812
vt 0.901561 0.704728
vt 0.930074 0.708828
vt 0.918622 0.071980
vt 0.918622 0.101077
vt 0.914507 0.072817
vt 0.930087 0.701911
vt 0.920421 0.510647
vt 0.930209 0.482689
vt 0.930209 0.511258
vt 0.904502 0.329100
vt 0.901700 0.300493
vt 0.892671 0.073590
vt 0.887785 0.102010
vt 0.932127 0.866422
vt 0.932151 0.837906
vt 0.935930 0.866421
vt 0.901653 0.044759
vt 0.901654 0.034129
vt 0.930168 0.044904
vt 0.925323 0.482455
vt 0.932174 0.454116
vt 0.901634 0.019009
vt 0.930149 0.019347
vt 0.930169 0.031972
vt 0.901642 0.012242
vt 0.930158 0.012062
vt 0.901651 0.000124
vt 0.918457 0.254727
vt 0.918649 0.226211
vt 0.932300 0.254718
vt 0.931732 0.226202
vt 0.398802 0.653974
vt 0.359463 0.646468
vt 0.397758 0.636923
vt 0.353762 0.637454
vt 0.112879 0.612637
vt 0.350026 0.644998
vt 0.112382 0.626535
vt 0.344842 0.648247
vt 0.334923 0.653328
vt 0.334417 0.664199
vt 0.329839 0.665965
vt 0.108910 0.661144
vt 0.328738 0.674640
vt 0.322457 0.681293
vt 0.326871 0.728650
vt 0.112359 0.682691
vt 0.096037 0.712171
vt 0.321339 0.742060
vt 0.096007 0.724427
vt 0.319021 0.754851
vt 0.015979 0.717898
vt 0.094667 0.722993
vt 0.089131 0.705627
vt 0.019579 0.724682
vt 0.042718 0.780613
vt 0.035385 0.768328
vt 0.219732 0.886216
vt 0.197157 0.894220
vt 0.127811 0.877473
vt 0.311342 0.789459
vt 0.257272 0.880758
vt 0.386499 0.813437
vt 0.402730 0.790319
vt 0.334745 0.779103
vt 0.343875 0.775952
vt 0.361186 0.770855
vt 0.407846 0.758719
vt 0.407585 0.722633
vt 0.374488 0.702842
vt 0.401406 0.689490
vt 0.374893 0.672919
vt 0.403954 0.661877
vt 0.369093 0.657962
vt 0.344050 0.843598
vt 0.378216 0.834671
vt 0.365966 0.842138
vt 0.359103 0.847593
vt 0.333354 0.847281
vt 0.323303 0.861202
vt 0.306332 0.872085
vt 0.288433 0.874283
vt 0.269038 0.874970
vt 0.271501 0.880579
vt 0.207497 0.893781
vt 0.193691 0.913412
vt 0.148899 1.000000
vt 0.157710 0.999067
vt 0.192618 0.925668
vt 0.190286 0.957833
vt 0.169013 0.995769
vt 0.199076 0.932960
vt 0.197066 0.954708
vt 0.193730 0.958049
vt 0.184201 0.983454
vt 0.140365 0.999906
vt 0.128639 0.994653
vt 0.113443 0.980588
vt 0.107948 0.917170
vt 0.105114 0.946719
vt 0.105235 0.965268
vt 0.118022 0.873010
vt 0.108817 0.866665
vt 0.094260 0.854287
vt 0.071485 0.838345
vt 0.056524 0.818135
vt 0.014608 0.688193
vt 0.003874 0.691567
vt 0.025433 0.680371
vt 0.046308 0.604530
vt 0.068407 0.642699
vt 0.019346 0.663256
vt 0.020986 0.610399
vt 0.046172 0.591924
vt 0.031599 0.572218
vt 0.014783 0.607884
vt 0.010733 0.600044
vt 0.011483 0.603846
vt 0.010825 0.601550
vt 0.006143 0.597156
vt 0.019988 0.566558
vt 0.002503 0.585284
vt 0.002292 0.574878
vt 0.000000 0.572708
vt 0.004780 0.557348
vt 0.019203 0.554280
vt 0.020441 0.545270
vt 0.024064 0.547556
vt 0.023080 0.561107
vt 0.074288 0.664093
vt 0.079311 0.669640
vt 0.110897 0.601343
vt 0.401238 0.617370
vt 0.115924 0.590707
vt 0.118012 0.582957
vt 0.401527 0.610041
vt 0.120107 0.580882
vt 0.120810 0.578841
vt 0.400717 0.608102
vt 0.121056 0.577436
vt 0.400137 0.607290
vt 0.398577 0.605798
vt 0.348896 0.600296
vt 0.121217 0.573391
vt 0.347665 0.599207
vt 0.341934 0.595369
vt 0.121387 0.564333
vt 0.341709 0.587973
vt 0.338548 0.584821
vt 0.126758 0.562086
vt 0.330734 0.582152
vt 0.126766 0.549675
vt 0.328659 0.572845
vt 0.332906 0.562846
vt 0.128992 0.540382
vt 0.332333 0.559885
vt 0.131677 0.535736
vt 0.331292 0.558067
vt 0.329809 0.556696
vt 0.330311 0.550585
vt 0.135084 0.527745
vt 0.329006 0.544381
vt 0.140996 0.524797
vt 0.321435 0.535932
vt 0.145475 0.519609
vt 0.322967 0.530632
vt 0.155086 0.499389
vt 0.315578 0.522287
vt 0.315593 0.513597
vt 0.158577 0.494333
vt 0.313854 0.510324
vt 0.312169 0.509283
vt 0.158888 0.492338
vt 0.310979 0.508905
vt 0.309440 0.508667
vt 0.158706 0.480572
vt 0.309438 0.497185
vt 0.169762 0.471374
vt 0.302102 0.482806
vt 0.169490 0.467408
vt 0.173351 0.462134
vt 0.301217 0.475225
vt 0.299699 0.470436
vt 0.173844 0.458979
vt 0.173438 0.454537
vt 0.291333 0.451421
vt 0.279490 0.445969
vt 0.188045 0.429702
vt 0.276525 0.435747
vt 0.186781 0.418204
vt 0.278569 0.421751
vt 0.189444 0.403362
vt 0.286786 0.403040
vt 0.194620 0.395009
vt 0.193896 0.389631
vt 0.293755 0.402338
vt 0.307655 0.395960
vt 0.196863 0.388286
vt 0.199276 0.380154
vt 0.312643 0.390135
vt 0.202556 0.376468
vt 0.204510 0.372430
vt 0.340886 0.386019
vt 0.207505 0.363886
vt 0.338068 0.339195
vt 0.210219 0.355173
vt 0.209962 0.334665
vt 0.275526 0.330502
vt 0.215802 0.313162
vt 0.228393 0.275993
vt 0.275683 0.323243
vt 0.274571 0.290545
vt 0.276444 0.245787
vt 0.231174 0.247274
vt 0.236004 0.234473
vt 0.238395 0.228744
vt 0.234707 0.231059
vt 0.274952 0.237902
vt 0.241417 0.209310
vt 0.277568 0.217990
vt 0.277761 0.203080
vt 0.239318 0.172048
vt 0.282622 0.176965
vt 0.235946 0.189051
vt 0.289538 0.142762
vt 0.292877 0.120272
vt 0.224246 0.149638
vt 0.288353 0.161405
vt 0.285042 0.187890
vt 0.277646 0.241978
vt 0.303155 0.327620
vt 0.338441 0.337074
vt 0.341097 0.336477
vt 0.346953 0.326375
vt 0.353518 0.321436
vt 0.357893 0.310762
vt 0.388789 0.340639
vt 0.349035 0.402824
vt 0.360967 0.409507
vt 0.385295 0.371673
vt 0.373575 0.409346
vt 0.385230 0.391755
vt 0.370903 0.286670
vt 0.381880 0.277096
vt 0.391044 0.277390
vt 0.392614 0.334660
vt 0.396368 0.282403
vt 0.400593 0.292188
vt 0.398500 0.327727
vt 0.402004 0.301818
vt 0.402464 0.307238
vt 0.407846 0.303136
vt 0.406598 0.306929
vt 0.407386 0.305890
vt 0.398975 0.332405
vt 0.324470 0.390943
vt 0.350823 0.599438
vt 0.365857 0.591611
vt 0.396429 0.603440
vt 0.347002 0.596840
vt 0.346808 0.583049
vt 0.344485 0.591376
vt 0.343415 0.587361
vt 0.371453 0.578732
vt 0.365990 0.579246
vt 0.351104 0.578929
vt 0.388679 0.589706
vt 0.456551 0.646568
vt 0.417752 0.633502
vt 0.462107 0.636573
vt 0.703359 0.611892
vt 0.418245 0.646549
vt 0.412517 0.662229
vt 0.442425 0.668123
vt 0.414839 0.688818
vt 0.440934 0.692893
vt 0.409492 0.718643
vt 0.443509 0.713423
vt 0.455471 0.771949
vt 0.407846 0.749989
vt 0.412996 0.788423
vt 0.478695 0.776203
vt 0.483914 0.781155
vt 0.430202 0.814014
vt 0.505038 0.789390
vt 0.470370 0.843606
vt 0.450431 0.842259
vt 0.561804 0.881452
vt 0.497321 0.754648
vt 0.494971 0.742016
vt 0.720398 0.718230
vt 0.720924 0.724072
vt 0.489763 0.732560
vt 0.717691 0.704241
vt 0.494507 0.688077
vt 0.703799 0.682096
vt 0.707160 0.659495
vt 0.487843 0.674695
vt 0.482567 0.664235
vt 0.703473 0.622285
vt 0.481356 0.654051
vt 0.478071 0.650929
vt 0.472297 0.648586
vt 0.467134 0.646355
vt 0.464366 0.641977
vt 0.705258 0.600240
vt 0.414514 0.613647
vt 0.698180 0.582920
vt 0.414659 0.610104
vt 0.696127 0.580928
vt 0.695267 0.578622
vt 0.415413 0.608394
vt 0.695018 0.577218
vt 0.416063 0.607501
vt 0.417549 0.606086
vt 0.467156 0.600534
vt 0.694846 0.574356
vt 0.427976 0.589770
vt 0.465197 0.599680
vt 0.451384 0.591292
vt 0.444418 0.579112
vt 0.450153 0.579764
vt 0.463838 0.579308
vt 0.457152 0.576316
vt 0.472099 0.588913
vt 0.469476 0.583187
vt 0.469821 0.596414
vt 0.468449 0.599403
vt 0.474182 0.595573
vt 0.694821 0.564295
vt 0.474584 0.587191
vt 0.692830 0.562039
vt 0.478051 0.584820
vt 0.689033 0.562063
vt 0.485373 0.582339
vt 0.487256 0.573214
vt 0.689170 0.549211
vt 0.687072 0.540274
vt 0.483198 0.562179
vt 0.484195 0.558972
vt 0.684203 0.535277
vt 0.486221 0.556837
vt 0.485719 0.550369
vt 0.680943 0.527659
vt 0.487203 0.544153
vt 0.675476 0.524821
vt 0.670708 0.520078
vt 0.494559 0.536248
vt 0.493369 0.529565
vt 0.660944 0.499358
vt 0.500488 0.522621
vt 0.500191 0.519606
vt 0.500572 0.513000
vt 0.657329 0.494057
vt 0.502227 0.510342
vt 0.503852 0.509384
vt 0.657031 0.492189
vt 0.504970 0.509033
vt 0.506542 0.508800
vt 0.657143 0.480020
vt 0.506661 0.496433
vt 0.646001 0.471145
vt 0.513768 0.483078
vt 0.646748 0.468333
vt 0.642707 0.462342
vt 0.514627 0.475430
vt 0.516170 0.470700
vt 0.642458 0.458409
vt 0.641697 0.453116
vt 0.524896 0.450736
vt 0.542351 0.445472
vt 0.628204 0.430087
vt 0.538624 0.432895
vt 0.537090 0.421738
vt 0.627498 0.406301
vt 0.621164 0.394890
vt 0.529093 0.403738
vt 0.622025 0.389823
vt 0.508777 0.396809
vt 0.618225 0.386160
vt 0.503090 0.390267
vt 0.617637 0.377930
vt 0.612747 0.376123
vt 0.490648 0.390964
vt 0.474821 0.386311
vt 0.608133 0.368012
vt 0.605450 0.357682
vt 0.468590 0.326532
vt 0.461298 0.320514
vt 0.466204 0.403655
vt 0.430443 0.371564
vt 0.446193 0.410890
vt 0.432598 0.397819
vt 0.430571 0.388995
vt 0.427158 0.396703
vt 0.426778 0.340913
vt 0.457061 0.309108
vt 0.445055 0.287343
vt 0.423111 0.334946
vt 0.435441 0.278231
vt 0.422277 0.279244
vt 0.427350 0.276876
vt 0.419198 0.330021
vt 0.415211 0.291587
vt 0.416736 0.333279
vt 0.415665 0.324243
vt 0.413191 0.307663
vt 0.413571 0.302034
vt 0.409058 0.307252
vt 0.407932 0.303339
vt 0.407846 0.305237
vt 0.418923 0.283153
vt 0.473752 0.336037
vt 0.477571 0.339379
vt 0.476989 0.336940
vt 0.540106 0.330578
vt 0.606567 0.341166
vt 0.481995 0.337811
vt 0.513015 0.327643
vt 0.539938 0.324021
vt 0.600977 0.316653
vt 0.540892 0.293407
vt 0.588893 0.281583
vt 0.583491 0.246224
vt 0.539204 0.246279
vt 0.576541 0.227621
vt 0.579387 0.234277
vt 0.538380 0.241242
vt 0.537830 0.217432
vt 0.573929 0.209066
vt 0.538168 0.204851
vt 0.575617 0.173813
vt 0.532247 0.173238
vt 0.531186 0.181524
vt 0.531658 0.190740
vt 0.527549 0.162995
vt 0.525981 0.142993
vt 0.525335 0.150997
vt 0.579245 0.194475
vt 0.580426 0.230934
vt 0.608890 0.363495
vt 0.797614 0.721889
vt 0.727834 0.703705
vt 0.737036 0.669237
vt 0.791210 0.679400
vt 0.747984 0.642288
vt 0.769898 0.604033
vt 0.796907 0.664886
vt 0.795167 0.610053
vt 0.769714 0.591978
vt 0.784685 0.571593
vt 0.802176 0.606674
vt 0.805428 0.599619
vt 0.804765 0.603221
vt 0.796020 0.566126
vt 0.810817 0.596040
vt 0.813466 0.585058
vt 0.792865 0.559904
vt 0.797299 0.553826
vt 0.811356 0.556903
vt 0.795562 0.544675
vt 0.791957 0.547397
vt 0.813777 0.574443
vt 0.815937 0.572720
vt 0.805107 0.710680
vt 0.803197 0.690025
vt 0.811693 0.691150
vt 0.774249 0.779316
vt 0.715372 0.859734
vt 0.738871 0.842128
vt 0.765416 0.803813
vt 0.755797 0.825495
vt 0.781089 0.767902
vt 0.688904 0.877391
vt 0.619059 0.894391
vt 0.622972 0.913139
vt 0.665223 0.999695
vt 0.624230 0.925517
vt 0.653679 0.997712
vt 0.703454 0.869737
vt 0.688743 0.994218
vt 0.708650 0.916737
vt 0.703717 0.979755
vt 0.711096 0.941323
vt 0.711401 0.965687
vt 0.676043 0.999800
vt 0.642762 0.992829
vt 0.626582 0.957726
vt 0.630029 0.978280
vt 0.622392 0.957793
vt 0.619347 0.953351
vt 0.617743 0.932562
vt 0.607978 0.893135
vt 0.596524 0.886073
vt 0.547560 0.875016
vt 0.534747 0.874865
vt 0.543719 0.880646
vt 0.524927 0.873748
vt 0.510622 0.872477
vt 0.497473 0.864132
vt 0.490396 0.855906
vt 0.483380 0.847547
vt 0.457828 0.848011
vt 0.438210 0.834154
s 0
f 234/1/1 1/2/2 2/3/3
f 3/4/4 41/5/5 5/6/6
f 3/4/4 5/6/6 4/7/7
f 4/8/8 5/9/6 6/10/9
f 4/8/7 6/10/9 9/11/10
f 9/12/11 6/13/9 7/14/12
f 7/14/12 10/15/13 8/16/14
f 7/14/15 8/16/14 9/12/10
f 8/16/14 10/15/13 11/17/16
f 8/16/17 11/17/16 12/18/18
f 12/18/18 11/17/19 14/19/20
f 15/20/21 13/21/22 14/22/23
f 14/22/23 13/21/22 12/23/18
f 13/24/22 15/25/24 16/26/25
f 16/27/26 15/28/24 18/29/27
f 16/27/28 18/29/29 17/30/30
f 17/31/30 18/32/31 19/33/32
f 19/34/33 18/35/34 20/36/35
f 19/34/33 20/36/35 21/37/36
f 21/37/36 20/36/35 22/38/37
f 21/37/36 22/38/37 23/39/38
f 23/39/39 22/38/40 24/40/41
f 23/39/39 24/40/41 25/41/42
f 23/39/39 25/41/42 26/42/43
f 26/42/44 25/41/45 28/43/46
f 26/42/44 28/43/47 27/44/48
f 27/45/49 28/46/47 29/47/50
f 27/45/51 29/47/52 32/48/53
f 32/48/54 29/47/55 30/49/56
f 31/50/57 33/51/58 30/49/59
f 30/49/56 33/51/58 32/48/54
f 34/52/60 33/51/58 31/50/57
f 34/53/61 31/54/62 35/55/63
f 34/53/61 35/55/64 36/56/65
f 36/56/66 35/55/64 37/57/67
f 36/56/68 37/57/69 38/58/70
f 38/58/71 37/57/69 39/59/72
f 38/58/70 39/59/73 40/60/74
f 40/60/75 39/59/72 41/5/76
f 40/60/75 41/5/5 3/4/4
f 43/61/77 42/62/78 44/63/79
f 43/61/77 44/63/80 45/64/81
f 45/65/81 44/66/80 477/67/82
f 45/65/81 477/67/83 475/68/84
f 47/69/85 46/70/86 42/62/78
f 47/69/87 42/62/88 43/61/77
f 49/71/89 48/72/90 46/70/91
f 49/71/92 46/70/93 47/69/85
f 50/73/94 51/74/95 52/75/96
f 52/75/97 51/74/98 48/72/99
f 52/75/97 48/72/90 49/71/100
f 50/73/101 53/76/102 51/74/98
f 55/77/103 54/78/104 56/79/105
f 55/77/106 56/79/107 57/80/108
f 57/80/109 56/79/105 59/81/110
f 57/80/108 59/81/111 58/82/112
f 58/82/112 59/81/110 60/83/113
f 58/82/114 60/83/115 61/84/116
f 61/84/116 60/83/115 62/85/117
f 61/84/116 62/85/118 63/86/119
f 63/86/120 62/85/118 53/76/121
f 63/86/119 53/76/102 50/73/94
f 68/87/122 65/88/123 64/89/124
f 64/89/124 65/88/123 66/90/125
f 64/89/126 66/90/127 67/91/128
f 67/91/129 66/90/130 54/78/131
f 67/91/128 54/78/104 55/77/106
f 71/92/132 65/88/133 72/93/134
f 72/93/134 65/88/135 68/87/122
f 69/94/136 70/95/137 72/96/134
f 72/96/134 70/95/137 71/97/138
f 76/98/139 73/99/140 74/100/141
f 69/101/142 74/102/143 70/103/144
f 74/100/143 69/104/142 76/98/145
f 73/105/140 76/106/139 77/107/146
f 76/106/147 75/108/148 77/107/146
f 78/109/149 79/110/150 75/111/148
f 75/111/148 79/110/151 77/112/146
f 84/113/152 80/114/153 81/115/154
f 81/115/155 79/116/156 78/117/157
f 80/114/158 79/116/159 81/115/154
f 87/118/160 86/119/161 83/120/162
f 87/118/163 83/120/162 82/121/164
f 82/122/165 83/123/166 84/113/167
f 84/113/167 83/123/162 80/114/158
f 86/124/161 87/125/160 85/126/168
f 85/126/169 87/125/170 91/127/171
f 92/128/172 88/129/173 90/130/174
f 92/128/172 90/130/174 89/131/175
f 85/132/169 91/133/176 89/131/177
f 85/132/169 89/131/175 90/130/174
f 94/134/178 93/135/179 98/136/180
f 88/129/181 92/128/182 93/135/183
f 88/129/181 93/135/184 94/134/185
f 96/137/186 95/138/187 97/139/188
f 96/137/189 97/139/190 98/140/191
f 98/136/192 97/141/188 94/134/193
f 101/142/194 99/143/195 95/144/196
f 101/142/194 95/144/187 96/145/197
f 100/146/198 99/143/199 101/142/194
f 110/147/200 102/148/201 103/149/202
f 103/149/203 102/148/201 104/150/204
f 103/149/205 104/150/206 105/151/207
f 105/151/207 104/150/204 106/152/208
f 105/151/207 106/152/208 100/146/209
f 100/146/210 106/152/208 99/143/199
f 107/153/211 112/154/212 108/155/213
f 107/153/214 108/155/215 109/156/216
f 109/156/217 108/155/215 102/148/201
f 109/156/216 102/148/201 110/147/200
f 113/157/218 111/158/219 112/154/212
f 113/157/220 112/154/212 107/153/221
f 115/159/222 114/160/223 111/158/224
f 115/159/225 111/158/226 113/157/220
f 117/161/227 116/162/228 114/160/229
f 117/161/230 114/160/229 115/159/225
f 119/163/231 118/164/232 120/165/233
f 119/163/231 120/165/233 117/161/227
f 117/161/227 120/165/233 116/162/234
f 121/166/235 122/167/236 123/168/237
f 121/166/238 123/168/239 124/169/240
f 124/169/240 123/168/239 126/170/241
f 124/169/240 126/170/241 125/171/242
f 125/172/243 126/173/241 127/174/244
f 125/172/243 127/174/245 128/175/246
f 128/175/246 127/174/245 118/164/232
f 128/175/246 118/164/232 119/163/247
f 129/176/248 130/177/249 122/178/250
f 129/176/251 122/178/236 121/179/252
f 132/180/253 131/181/254 130/177/255
f 132/180/256 130/177/257 129/176/258
f 135/182/259 131/181/260 132/180/256
f 140/183/261 139/184/262 134/185/263
f 134/185/263 139/184/262 133/186/264
f 134/185/263 133/186/265 135/182/259
f 134/185/266 135/182/259 136/187/267
f 136/187/267 135/182/259 132/180/256
f 137/188/268 138/189/269 139/190/262
f 137/191/268 139/184/262 140/183/270
f 144/192/271 141/193/272 142/194/273
f 142/194/273 141/193/274 138/195/275
f 142/194/276 138/195/275 137/196/277
f 143/197/278 151/198/279 145/199/280
f 143/197/278 145/199/281 144/192/282
f 144/192/271 145/199/281 141/193/283
f 146/200/284 148/201/285 147/202/286
f 147/202/286 148/201/285 149/203/287
f 149/203/287 148/201/285 150/204/288
f 150/204/288 148/201/285 151/205/289
f 150/204/290 151/205/279 143/206/278
f 158/207/291 153/208/292 159/209/293
f 159/209/294 153/208/292 152/210/295
f 152/210/295 153/208/292 146/200/296
f 152/210/297 146/200/284 147/202/286
f 155/211/298 154/212/299 157/213/300
f 155/211/301 157/213/300 156/214/302
f 156/215/303 157/216/304 158/217/305
f 156/215/302 158/217/306 159/218/294
f 160/219/307 161/220/308 162/221/309
f 162/221/309 161/220/310 154/212/299
f 162/221/311 154/212/299 155/211/301
f 164/222/312 163/223/313 161/224/308
f 164/225/314 161/13/308 160/226/315
f 165/227/316 163/228/317 160/229/318
f 160/229/318 163/228/317 164/230/312
f 166/231/319 169/232/320 165/227/316
f 166/231/321 165/227/316 160/229/318
f 168/233/322 167/234/323 169/232/324
f 168/233/325 169/232/320 166/231/319
f 172/235/326 170/236/327 168/237/325
f 168/237/322 170/236/327 167/238/328
f 174/239/329 173/240/330 171/241/331
f 174/239/329 171/241/332 177/242/333
f 170/236/327 172/235/334 173/243/330
f 172/235/326 171/244/331 173/243/335
f 178/245/336 174/246/337 177/247/338
f 175/248/339 176/249/340 178/250/336
f 175/248/341 178/250/336 177/251/342
f 176/252/340 175/253/343 179/254/344
f 179/254/345 175/253/343 181/255/346
f 184/256/347 180/257/348 186/258/349
f 186/258/350 180/257/348 182/259/351
f 180/260/348 179/254/352 182/261/351
f 182/261/351 179/254/353 181/255/346
f 183/262/354 186/263/349 185/264/355
f 186/263/350 183/262/356 184/265/347
f 188/266/357 187/267/358 189/268/359
f 188/266/357 189/268/360 190/269/361
f 190/269/361 189/268/359 191/270/362
f 190/269/363 191/270/364 193/271/365
f 190/269/363 193/271/365 192/272/366
f 192/272/366 193/271/367 183/273/356
f 192/272/366 183/273/356 185/274/355
f 195/275/368 194/276/369 196/277/370
f 195/275/368 196/277/371 197/278/372
f 197/278/372 196/277/370 187/279/358
f 197/278/373 187/279/358 188/280/374
f 200/281/375 201/282/376 195/283/368
f 195/283/377 201/282/376 194/284/369
f 203/285/378 202/286/379 198/287/380
f 198/287/381 202/286/379 199/288/382
f 198/289/383 199/290/382 200/281/375
f 200/281/375 199/290/382 201/282/376
f 208/291/384 204/292/385 203/293/386
f 203/293/386 204/292/387 202/294/379
f 205/295/388 206/296/389 207/297/390
f 208/298/384 206/299/389 204/300/385
f 207/297/390 209/301/391 205/295/388
f 208/298/384 207/302/390 206/299/389
f 214/303/392 213/304/393 210/305/394
f 214/303/392 210/305/395 209/306/391
f 209/306/396 210/305/395 205/307/397
f 211/308/398 212/309/399 213/304/393
f 211/308/400 213/304/393 214/303/392
f 215/310/401 220/311/402 216/312/403
f 216/312/403 220/311/402 217/313/404
f 216/312/403 217/313/404 212/314/405
f 216/312/403 212/314/406 211/315/398
f 222/316/407 219/317/408 218/318/409
f 218/318/410 219/317/411 215/310/412
f 215/310/401 219/317/408 220/311/402
f 219/317/411 222/316/407 221/319/413
f 223/320/414 221/319/413 222/316/407
f 223/320/414 225/321/415 224/322/416
f 224/322/416 221/319/417 223/320/418
f 228/323/419 224/322/420 225/321/421
f 227/324/422 226/325/423 228/323/424
f 227/324/422 228/323/425 229/326/426
f 229/326/426 228/323/419 225/321/421
f 230/327/427 226/325/428 227/324/422
f 230/327/429 227/324/422 231/328/430
f 230/327/431 231/328/432 232/329/433
f 233/330/434 232/329/435 236/331/436
f 236/331/437 232/329/438 231/328/430
f 234/1/439 2/3/3 235/332/440
f 234/1/439 235/332/440 236/331/436
f 236/331/437 235/332/441 233/330/442
f 239/333/443 240/334/444 238/335/445
f 239/333/446 238/335/447 237/336/448
f 243/337/449 240/334/450 241/338/451
f 241/338/451 240/334/450 239/333/446
f 244/339/452 242/340/453 243/337/449
f 244/339/454 243/337/449 241/338/455
f 244/339/456 246/341/457 242/340/458
f 246/341/459 244/339/454 247/342/460
f 246/343/457 247/344/460 245/345/461
f 250/346/462 245/347/461 248/348/463
f 247/344/460 248/349/463 245/345/464
f 250/346/462 248/348/463 251/350/465
f 252/351/466 249/352/467 250/346/462
f 252/351/466 250/346/462 251/350/465
f 253/353/468 254/354/469 255/355/470
f 255/355/471 254/354/469 256/356/472
f 255/355/473 256/356/474 257/357/475
f 257/357/476 256/356/477 249/352/478
f 257/357/479 249/352/478 252/351/466
f 260/358/480 258/359/481 253/353/468
f 253/353/482 258/359/481 254/354/469
f 263/360/483 261/361/484 259/362/485
f 263/360/483 259/362/485 260/358/486
f 260/358/480 259/362/485 258/359/481
f 264/363/487 261/361/488 263/360/489
f 262/364/490 264/363/491 263/360/489
f 262/364/492 265/365/493 264/363/487
f 265/365/493 262/364/490 268/366/494
f 268/367/495 266/368/496 265/369/493
f 269/370/497 266/371/496 267/372/498
f 267/372/499 266/371/500 268/373/494
f 267/372/499 270/374/501 269/370/502
f 273/375/503 272/376/504 270/377/505
f 272/376/504 269/378/497 270/377/506
f 278/379/507 271/380/508 272/381/504
f 272/381/504 273/382/509 278/379/510
f 280/383/511 275/384/512 274/385/513
f 274/385/514 275/384/515 276/386/516
f 274/385/513 276/386/517 277/387/518
f 277/387/519 276/386/520 271/380/521
f 277/387/519 271/380/522 278/379/510
f 279/388/523 283/389/524 280/383/525
f 280/383/525 283/389/524 275/384/515
f 282/390/526 281/391/527 279/388/528
f 279/388/528 281/391/527 283/389/529
f 288/392/530 285/393/531 284/394/532
f 284/394/533 285/393/531 281/391/527
f 284/394/534 281/391/527 282/390/526
f 289/395/535 286/396/536 287/397/537
f 289/395/538 287/397/539 288/392/540
f 288/392/530 287/397/541 285/393/531
f 291/398/542 290/399/543 289/400/535
f 289/400/538 290/399/544 286/401/536
f 292/402/545 293/403/546 294/404/547
f 294/404/547 293/403/548 295/405/549
f 294/404/547 295/405/550 296/406/551
f 294/404/552 296/406/551 297/407/553
f 297/407/554 296/406/555 290/408/543
f 297/407/554 290/408/543 291/409/556
f 302/410/557 301/411/558 292/402/559
f 292/402/560 301/411/558 293/403/548
f 306/412/561 298/413/562 299/414/563
f 306/412/564 299/414/563 300/415/565
f 300/415/565 299/414/563 301/416/558
f 300/417/566 301/411/567 302/410/568
f 311/418/569 303/419/570 305/420/571
f 305/420/572 303/419/570 304/421/573
f 305/420/571 304/421/573 298/422/562
f 305/420/574 298/422/562 306/423/575
f 307/424/576 308/425/577 310/426/578
f 310/426/578 308/425/577 309/427/579
f 310/426/580 309/427/581 303/419/570
f 310/426/580 303/419/570 311/418/569
f 314/428/582 308/429/583 307/430/584
f 322/431/585 312/432/586 313/433/587
f 307/430/588 313/434/589 314/428/590
f 314/435/582 313/433/587 312/432/591
f 325/436/592 315/437/593 316/438/594
f 316/439/595 315/440/593 317/441/596
f 316/439/597 317/441/596 318/442/598
f 318/442/599 317/441/596 319/443/600
f 318/442/601 319/443/600 320/444/602
f 320/444/603 319/443/600 321/445/604
f 320/444/602 321/445/605 322/431/606
f 322/431/585 321/445/604 312/432/607
f 323/446/608 327/447/609 324/448/610
f 323/446/608 324/448/610 325/449/611
f 324/450/612 315/437/593 325/436/611
f 326/451/613 331/452/614 327/447/615
f 326/451/616 327/447/615 328/453/617
f 328/453/617 327/447/615 323/446/608
f 332/454/618 333/455/619 330/456/620
f 330/456/621 333/455/619 329/457/622
f 330/456/620 329/457/623 326/451/613
f 326/451/613 329/457/623 331/452/614
f 334/458/624 335/459/625 332/454/618
f 332/454/626 335/459/627 333/455/628
f 334/458/629 337/460/630 335/459/625
f 340/461/631 336/462/632 339/463/633
f 339/463/634 336/462/635 338/464/636
f 338/464/637 336/462/638 337/460/639
f 338/464/640 337/460/630 334/458/629
f 340/465/641 341/466/642 343/467/643
f 340/465/641 343/467/643 342/468/644
f 340/465/645 339/469/633 341/466/646
f 345/470/647 344/471/648 343/467/643
f 343/467/643 344/471/649 342/468/644
f 347/472/650 346/473/651 344/471/652
f 347/472/653 344/471/654 345/470/655
f 348/474/656 346/473/657 347/472/650
f 351/475/658 352/476/659 346/473/651
f 351/475/658 346/473/651 348/474/660
f 349/477/661 350/478/662 351/475/658
f 351/475/658 350/478/663 352/476/664
f 354/479/665 353/480/666 350/478/663
f 354/479/665 350/478/663 349/477/667
f 357/481/668 353/480/669 356/482/670
f 356/482/670 353/480/671 354/479/665
f 358/483/672 355/484/673 357/481/674
f 358/483/672 357/481/668 356/482/670
f 361/485/675 360/486/676 355/484/677
f 361/485/678 355/484/677 358/483/672
f 362/487/679 363/488/680 359/489/681
f 362/490/679 359/416/681 361/491/682
f 361/491/682 359/416/681 360/492/683
f 362/487/679 364/493/684 363/488/685
f 363/494/680 364/495/686 365/496/687
f 363/494/688 365/496/689 366/497/690
f 367/498/691 368/499/692 369/500/693
f 369/501/694 366/502/695 365/503/696
f 369/501/697 365/503/687 370/504/698
f 369/500/697 370/505/698 367/498/699
f 375/506/700 371/507/701 368/21/692
f 375/506/700 368/21/702 367/508/699
f 381/509/703 374/510/704 372/511/705
f 372/511/705 374/510/704 373/512/706
f 373/513/706 374/514/704 375/506/700
f 375/506/700 374/514/704 371/507/701
f 382/515/707 383/516/708 376/517/709
f 376/517/709 383/516/710 377/518/711
f 376/519/712 377/520/713 379/521/714
f 376/519/715 379/521/714 378/522/716
f 378/522/717 379/521/714 380/523/718
f 380/523/719 379/521/714 381/119/720
f 380/523/718 381/119/720 372/524/721
f 386/525/722 385/526/723 382/527/724
f 382/527/725 385/526/723 383/528/726
f 384/529/727 388/530/728 385/526/723
f 384/529/729 385/526/723 386/525/722
f 387/531/730 390/532/731 388/533/728
f 387/531/732 388/533/733 384/534/734
f 390/532/731 387/531/730 389/535/735
f 389/535/736 387/531/730 393/536/737
f 395/537/738 391/538/739 392/539/740
f 392/539/740 391/538/739 393/540/737
f 393/540/737 391/538/739 389/541/735
f 394/542/741 395/537/738 392/539/740
f 396/543/742 397/544/743 394/542/744
f 394/542/744 397/544/743 395/537/745
f 402/545/746 398/546/747 403/547/748
f 403/547/748 398/546/747 400/548/749
f 400/548/749 398/546/747 399/549/750
f 400/548/749 399/549/751 397/544/743
f 400/548/749 397/544/743 396/543/742
f 401/550/752 406/551/753 402/552/746
f 401/553/752 402/545/746 403/547/754
f 409/554/755 404/555/756 405/556/757
f 405/556/757 404/555/758 406/551/753
f 405/556/757 406/551/753 401/550/752
f 411/557/759 407/558/760 408/559/761
f 408/559/761 407/558/760 410/560/762
f 408/559/761 410/560/763 409/554/755
f 409/554/755 410/560/762 404/555/764
f 412/561/765 413/562/766 407/563/760
f 412/561/765 407/563/767 411/564/768
f 416/565/769 413/562/770 412/561/771
f 423/566/772 414/567/773 416/565/769
f 423/566/772 416/565/774 415/568/775
f 415/568/775 416/565/774 412/561/765
f 417/569/776 418/570/777 419/571/778
f 417/569/776 419/571/779 420/572/780
f 420/572/780 419/571/778 422/573/781
f 422/573/782 419/571/778 421/574/783
f 422/575/784 421/576/785 414/567/773
f 422/575/786 414/567/773 423/566/772
f 424/577/787 427/578/788 425/579/789
f 425/579/789 427/578/788 426/580/790
f 426/581/791 427/582/792 428/583/793
f 426/581/790 428/583/793 429/584/794
f 429/584/795 428/583/793 430/585/796
f 429/584/795 430/585/797 431/586/798
f 431/586/798 430/585/796 432/587/799
f 431/586/798 432/587/799 433/588/800
f 433/588/800 432/587/801 418/570/777
f 433/588/802 418/570/803 417/569/776
f 441/589/804 434/590/805 436/591/806
f 441/589/807 436/591/808 435/592/809
f 435/593/809 436/594/806 437/595/810
f 435/593/809 437/595/811 438/596/812
f 438/596/813 437/595/810 424/597/814
f 438/596/815 424/597/816 425/598/817
f 439/599/818 440/600/819 434/590/820
f 439/599/821 434/590/805 441/589/807
f 442/601/822 447/602/823 444/603/824
f 442/601/825 444/603/824 443/604/826
f 443/604/827 444/603/824 440/600/828
f 443/604/827 440/600/828 439/599/818
f 446/605/829 445/606/830 447/607/823
f 446/605/829 447/607/823 442/608/831
f 452/609/832 449/610/833 448/611/834
f 448/611/834 449/610/833 445/606/830
f 448/611/834 445/606/835 446/605/829
f 454/612/836 450/613/837 451/614/838
f 451/614/838 450/613/839 452/609/840
f 451/614/838 452/609/841 448/611/834
f 453/615/842 450/616/843 456/617/844
f 454/618/836 456/617/844 450/616/837
f 453/619/845 456/620/844 457/621/846
f 453/619/847 457/621/848 455/622/849
f 457/621/846 458/623/850 455/622/849
f 459/624/851 461/625/852 458/623/853
f 459/624/851 458/623/850 457/621/846
f 462/626/854 460/627/855 459/624/851
f 459/624/851 460/627/855 461/625/856
f 465/628/857 462/629/858 464/630/859
f 462/626/854 465/631/860 460/627/855
f 463/632/861 464/633/862 462/634/863
f 465/635/857 464/218/864 463/636/865
f 463/190/861 467/637/866 465/638/860
f 463/639/865 466/640/867 467/641/866
f 463/642/865 469/643/868 466/644/869
f 467/645/866 466/25/870 465/646/857
f 472/647/871 468/648/872 470/649/873
f 472/647/871 470/649/873 469/643/868
f 469/643/874 470/649/873 466/644/870
f 474/650/875 471/651/876 472/647/877
f 472/647/877 471/651/876 468/648/878
f 476/652/879 473/262/880 471/651/876
f 476/652/879 471/651/881 474/650/882
f 475/653/84 477/654/83 476/655/883
f 476/655/883 477/654/884 473/656/880
f 50/657/94 3/658/885 63/659/886
f 63/659/887 3/658/4 4/660/7
f 63/659/887 4/660/7 326/661/888
f 326/661/613 4/660/8 9/662/10
f 326/661/613 9/662/11 330/663/620
f 9/662/10 8/664/889 330/663/890
f 330/663/620 8/664/14 12/665/18
f 330/663/620 12/665/18 13/666/22
f 13/666/22 16/667/26 330/663/620
f 330/663/620 16/667/28 332/668/618
f 16/667/26 17/669/30 332/668/618
f 332/668/618 17/669/891 19/670/892
f 19/670/892 21/671/36 332/668/618
f 332/668/618 21/671/893 334/672/624
f 334/672/629 21/671/36 338/673/894
f 338/673/894 21/671/36 23/674/39
f 338/673/894 23/674/39 339/675/634
f 339/675/633 23/674/895 26/676/43
f 339/675/633 26/676/43 392/677/740
f 339/675/633 392/677/740 341/678/642
f 341/678/646 392/677/740 343/679/896
f 392/677/740 26/676/43 394/680/741
f 394/680/741 26/676/43 400/681/749
f 394/680/741 400/681/749 396/682/897
f 26/676/43 448/683/898 442/684/899
f 26/676/43 442/684/899 411/685/900
f 27/686/49 448/683/898 26/676/43
f 448/683/898 27/686/49 451/687/838
f 475/688/901 27/686/902 45/689/903
f 45/689/903 27/686/49 32/690/54
f 45/689/904 32/690/53 33/691/58
f 45/689/903 33/691/58 34/692/61
f 45/689/903 34/692/61 43/693/77
f 43/693/77 34/692/61 47/694/87
f 47/694/87 34/692/61 36/695/65
f 47/694/87 36/695/65 49/696/100
f 49/696/100 36/695/65 38/697/70
f 49/696/100 38/697/71 52/698/97
f 52/698/97 38/697/70 40/699/74
f 52/698/97 40/699/74 50/657/94
f 50/657/905 40/699/74 3/658/4
f 27/686/49 475/688/901 469/700/868
f 475/688/901 476/701/879 474/702/906
f 475/688/901 474/702/882 469/700/868
f 469/700/874 474/702/875 472/703/871
f 469/700/874 463/704/865 27/686/49
f 27/686/49 463/704/861 462/705/854
f 462/705/854 459/706/851 27/686/49
f 459/706/851 457/707/846 27/686/49
f 27/686/49 457/707/846 454/708/907
f 454/708/836 457/707/908 456/709/844
f 454/708/836 451/687/838 27/686/49
f 442/684/899 448/683/834 446/710/909
f 442/684/899 443/711/827 411/685/900
f 411/685/768 443/711/827 433/712/910
f 433/712/802 443/711/911 431/713/798
f 431/713/798 443/711/911 439/714/912
f 439/714/818 425/715/817 429/716/795
f 439/714/818 441/717/804 425/715/817
f 425/715/817 441/717/913 435/718/914
f 425/715/817 435/718/915 438/719/812
f 425/715/817 426/720/790 429/716/794
f 439/714/818 429/716/795 431/713/798
f 411/685/900 433/712/802 417/721/776
f 417/721/776 420/722/780 411/685/900
f 422/723/784 412/724/771 420/722/916
f 420/722/916 412/724/771 411/685/900
f 412/724/771 422/723/784 415/725/775
f 415/725/775 422/723/917 423/726/772
f 411/685/900 408/727/761 409/728/755
f 409/728/755 405/729/757 411/685/768
f 411/685/900 405/729/757 26/676/43
f 26/676/43 405/729/757 400/681/749
f 405/729/918 401/730/752 400/681/749
f 400/681/749 401/730/919 403/731/748
f 387/732/730 392/677/740 393/733/737
f 392/677/740 387/732/730 384/734/729
f 384/734/729 351/735/658 348/736/920
f 351/735/921 384/734/729 386/737/722
f 351/735/922 386/737/923 382/738/924
f 351/735/658 382/738/707 349/739/925
f 349/739/925 382/738/724 354/740/665
f 354/740/665 382/738/924 376/741/709
f 354/740/665 376/741/712 372/742/721
f 376/741/712 378/743/716 372/742/926
f 378/743/716 380/744/927 372/742/926
f 373/745/706 356/746/670 372/742/721
f 356/746/928 373/745/706 375/747/929
f 356/746/928 375/747/929 367/748/699
f 367/748/699 370/749/698 365/750/687
f 367/748/930 365/750/687 356/746/928
f 356/746/928 365/750/687 361/751/931
f 361/751/675 365/750/687 364/752/932
f 361/751/931 364/752/686 362/753/933
f 356/746/670 361/751/931 358/754/672
f 356/746/928 354/740/665 372/742/721
f 384/734/729 348/736/660 347/755/653
f 384/734/729 347/755/653 392/677/740
f 392/677/740 347/755/650 345/756/647
f 392/677/740 345/756/647 343/679/643
f 326/661/613 328/757/617 63/659/887
f 63/659/887 328/757/617 61/758/116
f 61/758/116 328/757/617 323/759/608
f 61/758/116 323/759/608 325/760/592
f 61/758/934 325/760/935 58/761/112
f 325/760/611 316/762/595 58/761/936
f 58/761/112 316/762/595 318/763/601
f 58/761/936 318/763/601 57/764/108
f 57/764/108 318/763/599 320/765/602
f 57/764/937 320/765/602 55/766/106
f 55/766/106 320/765/602 67/767/128
f 67/767/938 320/765/602 91/768/171
f 320/765/602 322/769/939 91/768/176
f 91/768/171 322/769/939 89/770/177
f 89/770/940 322/769/939 92/771/172
f 92/771/941 322/769/606 313/772/942
f 92/771/172 313/772/943 93/773/183
f 93/773/944 313/772/942 98/774/192
f 98/774/192 313/772/943 307/775/576
f 98/774/180 307/775/576 96/776/945
f 96/776/197 307/775/588 310/777/946
f 310/777/947 101/778/194 96/776/945
f 101/778/194 310/777/580 100/779/210
f 100/779/210 310/777/580 311/780/569
f 100/779/948 311/780/569 105/781/207
f 105/781/949 311/780/569 305/782/574
f 105/781/207 305/782/574 103/783/202
f 103/783/202 305/782/950 110/784/951
f 110/784/951 305/782/574 109/785/952
f 109/785/952 305/782/574 306/786/575
f 109/785/216 306/786/561 107/787/953
f 107/787/211 306/786/561 300/788/566
f 107/787/211 300/788/566 113/789/218
f 113/789/954 300/788/566 302/790/955
f 113/789/956 302/790/955 115/791/957
f 115/791/958 302/790/955 292/792/560
f 115/791/957 292/792/545 117/793/227
f 117/793/959 292/792/560 119/794/960
f 119/794/960 292/792/560 294/795/547
f 119/794/960 294/795/547 128/796/246
f 128/796/961 294/795/547 125/797/242
f 125/797/243 294/795/547 297/798/962
f 125/797/242 297/798/962 124/799/240
f 124/799/963 297/798/962 121/800/238
f 291/801/964 129/802/258 297/798/962
f 297/798/962 129/802/248 121/800/235
f 291/801/542 289/803/538 129/802/248
f 129/802/258 289/803/535 132/804/253
f 132/804/256 289/803/535 288/805/540
f 132/804/253 288/805/540 284/806/534
f 132/804/256 284/806/534 136/807/267
f 136/807/267 284/806/534 134/808/263
f 284/806/533 282/809/526 134/808/266
f 134/808/263 282/809/526 279/810/965
f 134/808/263 279/810/966 140/811/967
f 140/811/968 279/810/965 137/812/277
f 137/812/277 279/810/965 280/813/525
f 137/812/277 280/813/525 142/814/969
f 142/814/276 280/813/525 274/815/514
f 142/814/276 274/815/514 144/816/271
f 144/816/970 274/815/514 277/817/519
f 144/816/271 277/817/519 143/818/278
f 143/818/971 277/817/518 278/819/510
f 143/818/278 278/819/510 273/820/972
f 273/820/973 150/821/974 143/818/278
f 150/821/974 273/820/973 149/822/287
f 149/822/287 273/820/972 270/823/505
f 149/822/287 270/823/505 267/824/975
f 149/822/287 267/824/976 147/825/286
f 147/825/286 267/824/976 268/826/495
f 147/825/286 268/826/495 262/827/492
f 147/825/286 262/827/492 159/828/294
f 262/827/492 263/829/489 159/828/294
f 159/828/294 263/829/977 209/830/396
f 209/830/396 263/829/489 260/831/480
f 209/830/396 260/831/480 253/832/468
f 209/830/396 253/832/468 211/833/398
f 211/833/398 253/832/482 255/834/470
f 257/835/476 216/836/403 255/834/471
f 215/837/412 257/835/476 218/838/978
f 218/838/979 257/835/476 252/839/466
f 218/838/978 252/839/466 251/840/465
f 218/838/978 251/840/465 247/841/460
f 247/841/460 251/840/465 248/842/980
f 247/841/460 223/843/418 218/838/979
f 223/843/418 247/841/460 244/844/454
f 244/844/454 225/845/415 223/843/414
f 244/844/456 229/846/426 225/845/981
f 229/846/426 244/844/456 239/847/443
f 229/846/982 239/847/443 231/848/983
f 244/844/456 241/849/451 239/847/443
f 231/848/983 239/847/443 234/850/439
f 234/850/439 239/847/443 1/851/984
f 1/851/985 239/847/443 237/852/448
f 236/853/436 231/848/430 234/850/1
f 229/846/426 231/848/430 227/854/422
f 218/838/978 223/843/418 222/855/407
f 257/835/476 215/837/412 216/836/403
f 255/834/471 216/836/403 211/833/398
f 214/856/392 209/830/396 211/833/398
f 209/830/396 207/857/390 208/858/384
f 209/830/396 208/858/384 159/828/294
f 208/858/384 203/859/986 159/828/294
f 159/828/294 203/859/378 198/860/380
f 200/861/375 168/862/987 198/860/383
f 198/860/383 168/862/987 156/863/303
f 156/863/988 168/862/987 155/864/301
f 155/864/301 168/862/987 166/865/319
f 155/864/301 166/865/319 162/866/309
f 162/866/309 166/865/319 160/867/318
f 200/861/375 195/868/368 168/862/987
f 195/868/368 197/869/372 168/862/987
f 197/869/372 188/870/374 168/862/987
f 168/862/325 188/870/357 172/871/326
f 172/871/326 188/870/357 190/872/363
f 190/872/363 192/873/989 172/871/326
f 172/871/326 192/873/989 177/874/333
f 177/874/333 192/873/989 185/875/355
f 177/874/333 185/875/355 175/876/343
f 175/876/343 185/875/355 186/877/349
f 175/876/343 186/877/349 181/878/346
f 181/878/990 186/877/349 182/879/991
f 171/880/332 172/871/326 177/874/333
f 156/863/302 159/828/294 198/860/383
f 159/828/294 152/881/297 147/825/286
f 91/768/171 87/882/170 67/767/128
f 87/882/170 75/883/992 64/884/124
f 87/882/170 64/884/124 67/767/128
f 75/883/992 87/882/170 82/885/164
f 75/883/992 82/885/993 78/886/157
f 78/886/157 82/885/993 84/887/167
f 84/887/167 81/888/154 78/886/157
f 72/889/134 75/883/992 69/890/136
f 75/883/992 76/891/139 69/890/142
f 72/889/134 68/892/994 75/883/992
f 75/883/992 68/892/994 64/884/126
f 41/893/76 62/894/117 5/895/6
f 5/895/6 62/894/117 331/896/995
f 62/894/117 41/893/5 53/897/102
f 53/897/121 41/893/76 51/898/996
f 51/898/996 41/893/5 39/899/73
f 51/898/997 39/899/72 48/900/99
f 48/900/99 39/899/72 37/901/69
f 48/900/99 37/901/69 46/902/998
f 46/902/86 37/901/69 35/903/64
f 46/902/999 35/903/64 31/904/57
f 46/902/998 31/904/62 42/905/88
f 42/905/78 31/904/57 44/906/80
f 44/906/80 31/904/62 30/907/56
f 44/906/80 30/907/56 29/908/55
f 44/906/80 29/908/1000 477/909/1001
f 477/909/1001 29/908/1000 28/910/47
f 477/909/1001 28/910/46 470/911/873
f 477/909/1001 470/911/873 471/912/881
f 452/913/841 28/910/46 25/914/42
f 24/915/1002 336/916/1003 25/914/45
f 25/914/42 336/916/1003 340/917/1004
f 336/916/1003 24/915/41 22/918/40
f 336/916/1003 22/918/37 337/919/1005
f 337/919/1005 22/918/37 20/920/35
f 337/919/630 20/920/1006 335/921/627
f 335/921/627 20/920/35 333/922/628
f 333/922/628 20/920/1006 18/923/1007
f 333/922/619 18/923/29 15/924/24
f 333/922/628 15/924/24 329/925/622
f 15/924/24 14/926/20 329/925/622
f 329/925/622 14/926/23 11/927/16
f 11/927/16 10/928/1008 329/925/622
f 10/928/13 7/929/12 329/925/623
f 329/925/623 7/929/12 6/930/1009
f 329/925/622 6/930/9 331/896/614
f 331/896/1010 6/930/9 5/895/6
f 331/896/614 62/894/118 327/931/615
f 327/931/615 62/894/118 60/932/115
f 324/933/610 60/932/113 59/934/110
f 324/933/612 59/934/110 315/935/593
f 315/935/593 59/934/110 317/936/596
f 317/936/596 59/934/110 56/937/105
f 317/936/596 56/937/105 319/938/600
f 319/938/600 56/937/105 54/939/104
f 54/939/1011 66/940/1012 319/938/600
f 319/938/600 66/940/1013 85/941/169
f 319/938/600 85/941/169 321/942/604
f 65/943/123 86/944/1014 66/940/1012
f 86/944/161 65/943/123 77/945/1015
f 77/945/146 65/943/133 71/946/1016
f 77/945/146 71/946/132 70/947/144
f 77/945/146 70/947/1017 73/948/1018
f 70/947/137 74/949/143 73/948/1018
f 77/945/146 80/950/158 86/944/161
f 80/950/158 77/945/146 79/951/1019
f 80/950/158 83/952/162 86/944/1014
f 66/940/1020 86/944/1014 85/941/169
f 321/942/604 85/941/169 90/953/1021
f 321/942/604 90/953/174 88/954/181
f 321/942/604 88/954/1022 312/955/586
f 312/955/607 88/954/181 94/956/1023
f 312/955/607 94/956/178 314/957/582
f 314/957/582 94/956/193 97/958/188
f 314/957/1024 97/958/190 308/959/577
f 308/959/577 97/958/188 95/960/187
f 308/959/577 95/960/1025 99/961/1026
f 308/959/577 99/961/1026 309/962/581
f 309/962/581 99/961/1026 303/963/570
f 303/963/1027 99/961/1026 106/964/208
f 303/963/570 106/964/1028 104/965/1029
f 303/963/570 104/965/204 304/966/573
f 304/966/573 104/965/204 102/967/1030
f 304/966/573 102/967/201 108/968/215
f 304/966/573 108/968/213 298/969/562
f 298/969/562 108/968/215 112/970/1031
f 298/969/562 112/970/1031 299/971/563
f 299/971/563 112/970/1031 301/972/567
f 301/972/1032 112/970/1031 111/973/224
f 301/972/567 111/973/224 114/974/1033
f 301/972/1032 114/974/229 293/975/1034
f 293/975/1034 114/974/229 116/976/228
f 293/975/1034 116/976/1035 120/977/233
f 293/975/548 120/977/1036 118/978/232
f 293/975/1034 118/978/232 295/979/549
f 295/979/549 118/978/232 127/980/244
f 295/979/549 127/980/245 126/981/241
f 295/979/549 126/981/1037 296/982/551
f 296/982/551 126/981/241 123/983/1038
f 296/982/555 123/983/237 122/984/236
f 296/982/551 122/984/250 290/985/543
f 290/985/543 122/984/250 130/986/1039
f 290/985/543 130/986/1040 286/987/536
f 286/987/1041 130/986/255 131/988/254
f 286/987/536 131/988/254 287/989/1042
f 287/989/541 131/988/254 285/990/1043
f 285/990/1043 131/988/254 135/991/1044
f 285/990/1045 135/991/1044 133/992/264
f 285/990/1043 133/992/265 281/993/527
f 281/993/527 133/992/264 283/994/524
f 283/994/524 133/992/1046 139/995/1047
f 283/994/524 139/995/262 138/996/275
f 283/994/524 138/996/1048 275/997/515
f 275/997/1049 138/996/275 141/998/1050
f 275/997/515 141/998/1050 145/999/280
f 275/997/515 145/999/280 276/1000/516
f 276/1000/516 145/999/280 271/1001/521
f 271/1001/508 145/999/280 151/1002/279
f 271/1001/521 151/1002/279 272/1003/504
f 272/1003/504 151/1002/279 148/1004/285
f 272/1003/504 148/1004/285 269/1005/497
f 269/1005/502 148/1004/285 146/1006/284
f 269/1005/502 146/1006/296 266/1007/496
f 266/1007/1051 146/1006/284 265/1008/1052
f 146/1006/284 153/1009/292 158/1010/305
f 146/1006/284 158/1010/305 264/1011/487
f 264/1011/487 158/1010/305 259/1012/1053
f 202/1013/379 158/1010/305 199/1014/382
f 199/1014/382 158/1010/305 157/1015/304
f 199/1014/382 157/1015/300 169/1016/324
f 169/1016/320 157/1015/304 154/1017/299
f 169/1016/320 154/1017/1054 161/1018/308
f 169/1016/320 161/1018/308 165/1019/316
f 165/1019/1055 161/1018/308 163/1020/1056
f 169/1016/320 167/1021/328 199/1014/382
f 199/1014/382 167/1021/323 201/1022/376
f 167/1021/328 194/1023/1057 201/1022/376
f 170/1024/327 196/1025/370 167/1021/328
f 170/1024/327 189/1026/359 187/1027/358
f 170/1024/327 174/1028/329 193/1029/365
f 174/1028/329 170/1024/327 173/1030/1058
f 174/1028/329 178/1031/1059 176/1032/340
f 174/1028/329 176/1032/340 183/1033/356
f 183/1033/354 176/1032/340 179/1034/344
f 183/1033/356 179/1034/344 184/1035/347
f 184/1035/347 179/1034/344 180/1036/348
f 183/1033/354 193/1029/365 174/1028/329
f 193/1029/365 191/1037/1060 170/1024/327
f 191/1037/1060 189/1026/359 170/1024/327
f 187/1027/358 196/1025/1061 170/1024/327
f 167/1021/328 196/1025/370 194/1023/1062
f 158/1010/305 202/1013/379 204/1038/385
f 158/1010/305 204/1038/385 205/1039/388
f 205/1039/388 204/1038/385 206/1040/1063
f 205/1039/388 212/1041/399 258/1042/1064
f 205/1039/388 258/1042/481 259/1012/1065
f 212/1041/399 205/1039/388 210/1043/395
f 212/1041/1066 210/1043/1067 213/1044/393
f 212/1041/399 217/1045/1068 254/1046/1069
f 254/1046/469 217/1045/1068 220/1047/1070
f 254/1046/469 220/1047/402 256/1048/472
f 256/1048/477 220/1047/402 249/1049/478
f 249/1049/478 220/1047/402 219/1050/408
f 219/1050/1071 246/1051/457 250/1052/462
f 219/1050/1071 250/1052/462 249/1049/478
f 246/1051/457 219/1050/1071 221/1053/417
f 246/1051/457 221/1053/417 224/1054/416
f 224/1054/420 242/1055/1072 246/1051/457
f 242/1055/1072 224/1054/420 228/1056/419
f 242/1055/1072 228/1056/419 240/1057/450
f 240/1057/450 228/1056/1073 232/1058/433
f 232/1058/433 228/1056/419 230/1059/429
f 230/1059/1074 228/1056/1073 226/1060/428
f 233/1061/1075 2/1062/3 232/1058/438
f 232/1058/433 2/1062/3 240/1057/450
f 2/1062/3 233/1061/1075 235/1063/1076
f 242/1055/1072 240/1057/450 243/1064/1077
f 250/1052/462 246/1051/457 245/1065/461
f 212/1041/1066 254/1046/469 258/1042/1064
f 205/1039/388 259/1012/1065 158/1010/305
f 261/1066/488 264/1011/1078 259/1012/1065
f 264/1011/487 265/1008/1052 146/1006/284
f 324/933/612 327/931/1079 60/932/115
f 25/914/45 340/917/641 395/1067/745
f 395/1067/745 340/917/641 342/1068/644
f 395/1067/745 342/1068/644 344/1069/649
f 395/1067/745 344/1069/649 388/1070/728
f 388/1070/728 344/1069/1080 346/1071/657
f 388/1070/733 346/1071/657 352/1072/664
f 388/1070/728 352/1072/664 385/1073/723
f 385/1073/723 352/1072/1081 383/1074/710
f 383/1074/710 352/1072/664 350/1075/662
f 383/1074/710 350/1075/662 353/1076/671
f 383/1074/726 353/1076/1082 377/1077/711
f 377/1077/1083 353/1076/671 381/1078/1084
f 377/1077/713 381/1078/1084 379/1079/714
f 353/1076/671 357/1080/668 381/1078/1085
f 381/1078/1084 357/1080/668 374/1081/704
f 374/1081/704 357/1080/668 371/1082/701
f 357/1080/668 355/1083/677 360/1084/683
f 357/1080/668 360/1084/683 366/1085/695
f 366/1085/695 360/1084/683 363/1086/680
f 363/1086/1086 360/1084/676 359/1087/681
f 357/1080/668 366/1085/695 368/1088/702
f 368/1088/692 366/1085/695 369/1089/1087
f 395/1067/745 388/1070/728 391/1090/739
f 391/1090/739 388/1070/733 390/1091/1088
f 391/1090/1089 390/1091/1088 389/1092/1090
f 25/914/42 395/1067/745 399/1093/1091
f 25/914/42 399/1093/1091 404/1094/764
f 404/1094/756 399/1093/1091 406/1095/753
f 406/1095/753 399/1093/1091 398/1096/1092
f 406/1095/753 398/1096/747 402/1097/746
f 399/1093/1091 395/1067/745 397/1098/743
f 25/914/42 404/1094/758 407/1099/1093
f 25/914/45 407/1099/1093 447/1100/823
f 447/1100/1094 407/1099/1093 444/1101/824
f 444/1101/1095 407/1099/1093 432/1102/801
f 444/1101/824 432/1102/799 440/1103/819
f 440/1103/819 432/1102/799 430/1104/796
f 404/1094/758 410/1105/762 407/1099/1093
f 419/1106/778 407/1099/1096 413/1107/770
f 419/1106/779 413/1107/770 421/1108/785
f 421/1108/785 413/1107/1097 416/1109/774
f 421/1108/785 416/1109/774 414/1110/1098
f 419/1106/779 418/1111/777 407/1099/1093
f 407/1099/760 418/1111/777 432/1102/799
f 440/1103/819 430/1104/796 428/1112/793
f 440/1103/819 428/1112/1099 424/1113/814
f 424/1113/787 428/1112/793 427/1114/788
f 424/1113/787 437/1115/810 436/1116/1100
f 424/1113/787 436/1116/1100 434/1117/805
f 434/1117/805 440/1103/819 424/1113/787
f 447/1100/823 445/1118/835 449/1119/833
f 447/1100/1094 449/1119/833 25/914/42
f 25/914/42 449/1119/1101 452/913/841
f 28/910/47 452/913/832 450/1120/839
f 28/910/47 450/1120/839 455/1121/849
f 455/1121/1102 450/1120/839 453/1122/1103
f 455/1121/1102 458/1123/853 28/910/46
f 28/910/47 458/1123/853 461/1124/856
f 28/910/47 461/1124/856 460/1125/1104
f 460/1125/855 465/1126/857 28/910/47
f 28/910/47 465/1126/857 466/1127/869
f 28/910/47 466/1127/869 470/911/873
f 470/911/873 468/1128/872 471/912/1105
f 477/909/1001 471/912/1106 473/1129/880
f 371/1082/701 357/1080/668 368/1088/692
